date,open,high,low,close,volume,amount,amplitude,change_pct,change,turnover,cffex_io_volume_pcr,cffex_io_oi_pcr,cffex_io_amount_pcr,cffex_io_call_vol,cffex_io_put_vol,cffex_io_call_oi,cffex_io_put_oi,cffex_io_breakdown,sse_300etf_volume_pcr,sse_300etf_oi_pcr,sse_300etf_call_vol,sse_300etf_put_vol,sse_300etf_call_oi,sse_300etf_put_oi,total_call_volume,total_put_volume,total_volume_pcr,total_call_oi,total_put_oi,total_oi_pcr,qvix_open,qvix_high,qvix_low,qvix_close,cffex_io_volume_pcr_pct20,cffex_io_volume_pcr_pct60,cffex_io_oi_pcr_pct20,cffex_io_oi_pcr_pct60,cffex_io_amount_pcr_pct20,cffex_io_amount_pcr_pct60,sse_300etf_volume_pcr_pct20,sse_300etf_volume_pcr_pct60,sse_300etf_oi_pcr_pct20,sse_300etf_oi_pcr_pct60,total_volume_pcr_pct20,total_volume_pcr_pct60,total_oi_pcr_pct20,total_oi_pcr_pct60
20240719,3500.805,3545.338,3493.073,3539.016,13244797500,,,,,,0.6216323026396479,0.6139398110492398,0.6151998039847362,73381,45616,79915,49063,"{""2407"": {""call_vol"": 38494, ""put_vol"": 23251, ""call_oi"": 0, ""put_oi"": 0}, ""2408"": {""call_vol"": 30347, ""put_vol"": 19645, ""call_oi"": 31196, ""put_oi"": 21485}, ""2409"": {""call_vol"": 2929, ""put_vol"": 1600, ""call_oi"": 31877, ""put_oi"": 16152}, ""2412"": {""call_vol"": 1176, ""put_vol"": 827, ""call_oi"": 11383, ""put_oi"": 6750}, ""2503"": {""call_vol"": 280, ""put_vol"": 152, ""call_oi"": 4254, ""put_oi"": 3646}, ""2506"": {""call_vol"": 155, ""put_vol"": 141, ""call_oi"": 1205, ""put_oi"": 1030}}",0.7873667680981657,1.0430592062158432,788381,620745,648665,676596,861762,666361,0.7732541003200419,728580,725659,0.995990831480414,14.0,14.1,13.69,13.69,,,,,,,,,,,,,,
20240722,3538.401,3540.187,3494.014,3514.925,13212633700,,1.3046846920160793,-0.6807259419002287,-24.090999999999894,,0.7395996860282574,0.622627909724684,0.8023545315849443,35672,26383,84630,52693,"{""2408"": {""call_vol"": 30694, ""put_vol"": 23676, ""call_oi"": 35281, ""put_oi"": 24416}, ""2409"": {""call_vol"": 3257, ""put_vol"": 1652, ""call_oi"": 31881, ""put_oi"": 16438}, ""2410"": {""call_vol"": 289, ""put_vol"": 346, ""call_oi"": 202, ""put_oi"": 278}, ""2412"": {""call_vol"": 799, ""put_vol"": 433, ""call_oi"": 11668, ""put_oi"": 6869}, ""2503"": {""call_vol"": 430, ""put_vol"": 147, ""call_oi"": 4373, ""put_oi"": 3636}, ""2506"": {""call_vol"": 203, ""put_vol"": 129, ""call_oi"": 1225, ""put_oi"": 1056}}",0.8805480612453965,0.9819081006635784,580811,511432,670908,658770,616483,537815,0.8723922638580464,755538,711463,0.9416640857243448,14.2,14.2,13.55,13.65,,,,,,,,,,,,,,
20240723,3509.789,3509.789,3439.878,3439.878,12889766000,,1.9889755826938003,-2.1350953434283837,-75.04700000000003,,0.6812669725629741,0.6054027558411851,1.0035544984375115,42716,29101,91805,55579,"{""2408"": {""call_vol"": 37362, ""put_vol"": 25867, ""call_oi"": 41521, ""put_oi"": 26916}, ""2409"": {""call_vol"": 3717, ""put_vol"": 1832, ""call_oi"": 32275, ""put_oi"": 16416}, ""2410"": {""call_vol"": 183, ""put_vol"": 171, ""call_oi"": 276, ""put_oi"": 328}, ""2412"": {""call_vol"": 899, ""put_vol"": 581, ""call_oi"": 11980, ""put_oi"": 7065}, ""2503"": {""call_vol"": 303, ""put_vol"": 246, ""call_oi"": 4456, ""put_oi"": 3587}, ""2506"": {""call_vol"": 252, ""put_vol"": 404, ""call_oi"": 1297, ""put_oi"": 1267}}",0.8745856522586077,0.8617742810634834,621157,543255,715084,616241,663873,572356,0.8621468262755075,806889,671820,0.832605228228418,13.62,13.97,13.5,13.88,,,,,,,,,,,,,,
20240724,3432.346,3451.42,3408.413,3418.166,12703626300,,1.250247828556712,-0.6311851757533238,-21.71199999999999,,0.8969148513420758,0.5949363156259708,1.4051035875444136,55362,49655,96570,57453,"{""2408"": {""call_vol"": 46862, ""put_vol"": 44009, ""call_oi"": 45017, ""put_oi"": 28287}, ""2409"": {""call_vol"": 5454, ""put_vol"": 3825, ""call_oi"": 32668, ""put_oi"": 16957}, ""2410"": {""call_vol"": 475, ""put_vol"": 150, ""call_oi"": 478, ""put_oi"": 414}, ""2412"": {""call_vol"": 1666, ""put_vol"": 919, ""call_oi"": 12510, ""put_oi"": 6894}, ""2503"": {""call_vol"": 523, ""put_vol"": 468, ""call_oi"": 4544, ""put_oi"": 3495}, ""2506"": {""call_vol"": 382, ""put_vol"": 284, ""call_oi"": 1353, ""put_oi"": 1406}}",0.991440467952014,0.8656673587549164,775977,769335,533169,461547,831339,818990,0.9851456505709464,629739,519000,0.824150957777746,14.0,15.35,13.84,14.91,,,,,,,,,,,,,,
20240725,3404.611,3415.856,3383.799,3399.272,13102224200,,0.9378421059714549,-0.5527525579506753,-18.894000000000233,,0.9091412537842428,0.5904344070824254,1.3817783987777152,54172,49250,101886,60157,"{""2408"": {""call_vol"": 45804, ""put_vol"": 44518, ""call_oi"": 49323, ""put_oi"": 30444}, ""2409"": {""call_vol"": 5627, ""put_vol"": 3266, ""call_oi"": 32806, ""put_oi"": 17279}, ""2410"": {""call_vol"": 287, ""put_vol"": 304, ""call_oi"": 634, ""put_oi"": 455}, ""2412"": {""call_vol"": 1461, ""put_vol"": 586, ""call_oi"": 13025, ""put_oi"": 7006}, ""2503"": {""call_vol"": 482, ""put_vol"": 316, ""call_oi"": 4607, ""put_oi"": 3517}, ""2506"": {""call_vol"": 511, ""put_vol"": 260, ""call_oi"": 1491, ""put_oi"": 1456}}",0.9351185563107853,0.8298485433588816,541557,506420,611132,507147,595729,555670,0.9327563371935897,713018,567304,0.7956376977860307,13.9,13.91,13.29,13.35,,,,,,,,,,,,,,
20240726,3403.708,3420.82,3388.66,3409.293,12419555800,,0.9460849264195483,0.2947984156607797,10.021000000000186,,0.7819843650362532,0.5931062535713248,1.0350586570005187,42341,33110,103253,61240,"{""2408"": {""call_vol"": 36936, ""put_vol"": 30338, ""call_oi"": 49973, ""put_oi"": 31535}, ""2409"": {""call_vol"": 3539, ""put_vol"": 2184, ""call_oi"": 33220, ""put_oi"": 17239}, ""2410"": {""call_vol"": 261, ""put_vol"": 145, ""call_oi"": 696, ""put_oi"": 495}, ""2412"": {""call_vol"": 1181, ""put_vol"": 240, ""call_oi"": 13196, ""put_oi"": 6989}, ""2503"": {""call_vol"": 237, ""put_vol"": 135, ""call_oi"": 4629, ""put_oi"": 3506}, ""2506"": {""call_vol"": 187, ""put_vol"": 68, ""call_oi"": 1539, ""put_oi"": 1476}}",0.8866752883968755,0.8489458802760548,483275,428508,618573,525135,525616,461618,0.8782419104441265,721826,586375,0.812349513594689,14.2,14.95,14.19,14.83,,,,,,,,,,,,,,
20240729,3404.366,3408.502,3388.844,3390.742,10978778600,,0.5766004857898662,-0.5441304106159284,-18.55099999999993,,0.6827732657775128,0.589355647592483,0.9432234235344269,26842,18327,106479,62754,"{""2408"": {""call_vol"": 23070, ""put_vol"": 16923, ""call_oi"": 52410, ""put_oi"": 32987}, ""2409"": {""call_vol"": 2423, ""put_vol"": 1121, ""call_oi"": 33527, ""put_oi"": 17215}, ""2410"": {""call_vol"": 250, ""put_vol"": 52, ""call_oi"": 734, ""put_oi"": 490}, ""2412"": {""call_vol"": 578, ""put_vol"": 133, ""call_oi"": 13391, ""put_oi"": 7046}, ""2503"": {""call_vol"": 463, ""put_vol"": 52, ""call_oi"": 4865, ""put_oi"": 3528}, ""2506"": {""call_vol"": 58, ""put_vol"": 46, ""call_oi"": 1552, ""put_oi"": 1488}}",0.8424263724864619,0.8326669732381434,293063,246884,654551,545023,319905,265211,0.8290304934277364,761030,607777,0.7986242329474528,15.6,15.8,14.93,15.2,,,,,,,,,,,,,,
20240730,3380.689,3380.689,3352.804,3369.382,10495216400,,0.8223863685293591,-0.6299506125797882,-21.360000000000127,,0.7690604739422143,0.5879947383021181,1.2829506407495759,44267,34044,111751,65709,"{""2408"": {""call_vol"": 36860, ""put_vol"": 30317, ""call_oi"": 56745, ""put_oi"": 35028}, ""2409"": {""call_vol"": 5139, ""put_vol"": 2625, ""call_oi"": 33930, ""put_oi"": 17971}, ""2410"": {""call_vol"": 447, ""put_vol"": 176, ""call_oi"": 855, ""put_oi"": 492}, ""2412"": {""call_vol"": 1426, ""put_vol"": 423, ""call_oi"": 13721, ""put_oi"": 7112}, ""2503"": {""call_vol"": 260, ""put_vol"": 403, ""call_oi"": 4908, ""put_oi"": 3608}, ""2506"": {""call_vol"": 135, ""put_vol"": 100, ""call_oi"": 1592, ""put_oi"": 1498}}",0.9144232087298587,0.7957782792714758,481474,440271,690382,549391,525741,474315,0.9021837749005689,802133,615100,0.766830438343766,15.69,15.97,15.33,15.54,,,,,,,,,,,,,,
20240731,3364.027,3445.004,3364.027,3442.084,17195917700,,2.4033190656328034,2.1577250664958747,72.70199999999977,,0.5972682794237565,0.5920013242231684,0.5703893326420505,73580,43947,108743,64376,"{""2408"": {""call_vol"": 60405, ""put_vol"": 38428, ""call_oi"": 51604, ""put_oi"": 33787}, ""2409"": {""call_vol"": 10041, ""put_vol"": 4509, ""call_oi"": 35881, ""put_oi"": 17879}, ""2410"": {""call_vol"": 572, ""put_vol"": 261, ""call_oi"": 852, ""put_oi"": 526}, ""2412"": {""call_vol"": 1727, ""put_vol"": 386, ""call_oi"": 13752, ""put_oi"": 7034}, ""2503"": {""call_vol"": 410, ""put_vol"": 173, ""call_oi"": 5016, ""put_oi"": 3620}, ""2506"": {""call_vol"": 425, ""put_vol"": 190, ""call_oi"": 1638, ""put_oi"": 1530}}",0.7602179625609052,0.9120146317549307,775179,589305,636424,580428,848759,633252,0.7460916467454248,745167,644804,0.8653147549475487,15.78,15.9,14.5,14.67,,,,,,,,,,,,,,
20240801,3443.14,3448.336,3419.187,3419.267,13632346400,,0.8468416226913663,-0.6628832997683909,-22.817000000000007,,0.5422814207650273,0.585908561987582,0.5746323771409746,43920,23817,112579,65961,"{""2408"": {""call_vol"": 36201, ""put_vol"": 20846, ""call_oi"": 54157, ""put_oi"": 34831}, ""2409"": {""call_vol"": 6058, ""put_vol"": 2327, ""call_oi"": 37051, ""put_oi"": 18312}, ""2410"": {""call_vol"": 290, ""put_vol"": 124, ""call_oi"": 905, ""put_oi"": 563}, ""2412"": {""call_vol"": 1032, ""put_vol"": 296, ""call_oi"": 13734, ""put_oi"": 7079}, ""2503"": {""call_vol"": 102, ""put_vol"": 47, ""call_oi"": 5008, ""put_oi"": 3624}, ""2506"": {""call_vol"": 237, ""put_vol"": 177, ""call_oi"": 1724, ""put_oi"": 1552}}",0.8080450103642286,0.8553126467475228,422125,341096,679313,581025,466045,364913,0.7829994957568475,791892,646986,0.8170129260050613,14.8,14.97,14.66,14.81,0.1,,0.1,,0.2,,0.3,,0.5,,0.3,,0.5,
20240802,3393.917,3419.102,3380.965,3384.392,11661525500,,1.1153560105133562,-1.0199554465913363,-34.875,,0.6317430197885606,0.5787224624604175,0.8151577461018648,44268,27966,117476,67986,"{""2408"": {""call_vol"": 36331, ""put_vol"": 23518, ""call_oi"": 57422, ""put_oi"": 35842}, ""2409"": {""call_vol"": 6421, ""put_vol"": 3841, ""call_oi"": 38287, ""put_oi"": 19226}, ""2410"": {""call_vol"": 313, ""put_vol"": 184, ""call_oi"": 1022, ""put_oi"": 579}, ""2412"": {""call_vol"": 757, ""put_vol"": 200, ""call_oi"": 13902, ""put_oi"": 7084}, ""2503"": {""call_vol"": 250, ""put_vol"": 75, ""call_oi"": 5064, ""put_oi"": 3640}, ""2506"": {""call_vol"": 196, ""put_vol"": 148, ""call_oi"": 1779, ""put_oi"": 1615}}",1.0536592136069967,0.7919220593098887,497156,523833,725680,574682,541424,551799,1.0191624309228997,843156,642668,0.7622171934968144,15.4,15.95,15.16,15.72,0.36363636363636365,,0.09090909090909091,,0.45454545454545453,,1.0,,0.09090909090909091,,1.0,,0.09090909090909091,
20240805,3362.112,3409.031,3343.321,3343.321,14281251600,,1.9415599611392547,-1.2135414573725467,-41.07099999999991,,0.7949782263584859,0.5674768441394016,1.2390700885792496,68661,54584,120056,68129,"{""2408"": {""call_vol"": 53010, ""put_vol"": 43797, ""call_oi"": 58712, ""put_oi"": 35116}, ""2409"": {""call_vol"": 10429, ""put_vol"": 8025, ""call_oi"": 38813, ""put_oi"": 20051}, ""2410"": {""call_vol"": 969, ""put_vol"": 791, ""call_oi"": 1277, ""put_oi"": 696}, ""2412"": {""call_vol"": 3018, ""put_vol"": 1492, ""call_oi"": 14235, ""put_oi"": 6877}, ""2503"": {""call_vol"": 819, ""put_vol"": 205, ""call_oi"": 5103, ""put_oi"": 3657}, ""2506"": {""call_vol"": 416, ""put_vol"": 274, ""call_oi"": 1916, ""put_oi"": 1732}}",1.1286341253795271,0.7624530966735529,709765,801065,759008,578708,778426,855649,1.0992040348087038,879064,646837,0.7358246953577896,16.8,19.2,16.53,19.01,0.8333333333333334,,0.08333333333333333,,0.75,,1.0,,0.08333333333333333,,1.0,,0.08333333333333333,
20240806,3367.352,3376.796,3318.625,3342.979,11934027900,,1.7399166876288525,-0.010229349799195653,-0.3420000000000982,,0.7064775872605054,0.552359215760861,1.245524233959284,55638,39307,126186,69700,"{""2408"": {""call_vol"": 43383, ""put_vol"": 31715, ""call_oi"": 61838, ""put_oi"": 35539}, ""2409"": {""call_vol"": 8504, ""put_vol"": 5983, ""call_oi"": 40283, ""put_oi"": 20909}, ""2410"": {""call_vol"": 873, ""put_vol"": 352, ""call_oi"": 1600, ""put_oi"": 745}, ""2412"": {""call_vol"": 2013, ""put_vol"": 813, ""call_oi"": 15113, ""put_oi"": 6979}, ""2503"": {""call_vol"": 414, ""put_vol"": 204, ""call_oi"": 5210, ""put_oi"": 3694}, ""2506"": {""call_vol"": 451, ""put_vol"": 240, ""call_oi"": 2142, ""put_oi"": 1834}}",0.9673924244668723,0.7337987819916902,621052,600801,790635,580167,676690,640108,0.9459397951794766,916821,649867,0.7088264775785023,18.38,18.89,17.57,18.05,0.5384615384615384,,0.07692307692307693,,0.7692307692307693,,0.7692307692307693,,0.07692307692307693,,0.7692307692307693,,0.07692307692307693,
20240807,3338.591,3362.384,3329.966,3341.489,9508437700,,0.9697338810683562,-0.04457102482545716,-1.4899999999997817,,0.6369230769230769,0.5458246544215111,1.033307614307859,42900,27324,126744,69180,"{""2408"": {""call_vol"": 34587, ""put_vol"": 22621, ""call_oi"": 60740, ""put_oi"": 34517}, ""2409"": {""call_vol"": 6191, ""put_vol"": 3762, ""call_oi"": 41253, ""put_oi"": 21157}, ""2410"": {""call_vol"": 316, ""put_vol"": 152, ""call_oi"": 1689, ""put_oi"": 819}, ""2412"": {""call_vol"": 1100, ""put_vol"": 371, ""call_oi"": 15493, ""put_oi"": 7071}, ""2503"": {""call_vol"": 378, ""put_vol"": 146, ""call_oi"": 5314, ""put_oi"": 3720}, ""2506"": {""call_vol"": 328, ""put_vol"": 272, ""call_oi"": 2255, ""put_oi"": 1896}}",0.8818714400300535,0.743312438807549,492455,434282,799731,594450,535355,461606,0.8622428108451401,926475,663630,0.7162956366874443,18.3,18.3,16.42,16.44,0.35714285714285715,,0.07142857142857142,,0.5714285714285714,,0.5,,0.14285714285714285,,0.42857142857142855,,0.14285714285714285,
20240808,3332.428,3364.786,3320.843,3342.937,9249569500,,1.3150724123287616,0.04333397476394829,1.4479999999998654,,0.7891249667695958,0.540131517582315,1.4035134300659076,48901,38589,128652,69489,"{""2408"": {""call_vol"": 39018, ""put_vol"": 31130, ""call_oi"": 60348, ""put_oi"": 33907}, ""2409"": {""call_vol"": 7251, ""put_vol"": 6018, ""call_oi"": 42857, ""put_oi"": 21960}, ""2410"": {""call_vol"": 920, ""put_vol"": 631, ""call_oi"": 1865, ""put_oi"": 853}, ""2412"": {""call_vol"": 1018, ""put_vol"": 355, ""call_oi"": 15857, ""put_oi"": 7056}, ""2503"": {""call_vol"": 296, ""put_vol"": 229, ""call_oi"": 5344, ""put_oi"": 3765}, ""2506"": {""call_vol"": 398, ""put_vol"": 226, ""call_oi"": 2381, ""put_oi"": 1948}}",0.9245154359079084,0.7421093547551179,563135,520627,810390,601398,612036,559216,0.9136978870523956,939042,670887,0.7144376928827465,16.7,17.01,15.13,15.21,0.8,,0.06666666666666667,,0.9333333333333333,,0.6666666666666666,,0.13333333333333333,,0.6666666666666666,,0.13333333333333333,
20240809,3358.128,3366.669,3331.627,3331.627,9151162600,,1.048239915978073,-0.33832525111899825,-11.309999999999945,,0.6241008458492467,0.5427776218542427,1.0960050006035398,42679,26636,128268,69621,"{""2408"": {""call_vol"": 33870, ""put_vol"": 21385, ""call_oi"": 58785, ""put_oi"": 32889}, ""2409"": {""call_vol"": 6721, ""put_vol"": 4315, ""call_oi"": 43511, ""put_oi"": 22892}, ""2410"": {""call_vol"": 463, ""put_vol"": 219, ""call_oi"": 1956, ""put_oi"": 893}, ""2412"": {""call_vol"": 1019, ""put_vol"": 361, ""call_oi"": 16156, ""put_oi"": 7129}, ""2503"": {""call_vol"": 454, ""put_vol"": 83, ""call_oi"": 5446, ""put_oi"": 3767}, ""2506"": {""call_vol"": 152, ""put_vol"": 273, ""call_oi"": 2414, ""put_oi"": 2051}}",0.7750481123886783,0.7361877478958491,429723,333056,822422,605457,472402,359692,0.7614108322996093,950690,675078,0.7100926695347589,15.2,15.36,15.01,15.08,0.25,,0.125,,0.625,,0.125,,0.125,,0.125,,0.125,
20240812,3327.556,3338.077,3319.891,3325.865,7993875400,,0.5458594254398872,-0.17294853235371166,-5.762000000000171,,0.6854978696544106,0.5497181370645877,1.8266542496163065,38022,26064,128786,70796,"{""2408"": {""call_vol"": 27441, ""put_vol"": 19548, ""call_oi"": 57386, ""put_oi"": 31890}, ""2409"": {""call_vol"": 8690, ""put_vol"": 5711, ""call_oi"": 45015, ""put_oi"": 24921}, ""2410"": {""call_vol"": 782, ""put_vol"": 182, ""call_oi"": 2203, ""put_oi"": 927}, ""2412"": {""call_vol"": 698, ""put_vol"": 361, ""call_oi"": 16288, ""put_oi"": 7196}, ""2503"": {""call_vol"": 285, ""put_vol"": 145, ""call_oi"": 5430, ""put_oi"": 3780}, ""2506"": {""call_vol"": 126, ""put_vol"": 117, ""call_oi"": 2464, ""put_oi"": 2082}}",0.9090969260880665,0.7080992498395191,317283,288441,853684,604493,355305,314505,0.8851690800861232,982470,675289,0.6873380357669955,15.4,15.47,14.98,15.05,0.5294117647058824,,0.23529411764705882,,1.0,,0.5882352941176471,,0.058823529411764705,,0.5882352941176471,,0.058823529411764705,
20240813,3328.014,3335.014,3310.191,3334.39,8448967900,,0.7463622245641457,0.2563242945820221,8.525000000000091,,0.6920582300374748,0.5431564841323019,1.469740414326129,41628,28809,131336,71336,"{""2408"": {""call_vol"": 29304, ""put_vol"": 21901, ""call_oi"": 56970, ""put_oi"": 30803}, ""2409"": {""call_vol"": 10141, ""put_vol"": 5923, ""call_oi"": 47457, ""put_oi"": 26342}, ""2410"": {""call_vol"": 598, ""put_vol"": 226, ""call_oi"": 2382, ""put_oi"": 1025}, ""2412"": {""call_vol"": 925, ""put_vol"": 517, ""call_oi"": 16517, ""put_oi"": 7246}, ""2503"": {""call_vol"": 373, ""put_vol"": 126, ""call_oi"": 5477, ""put_oi"": 3796}, ""2506"": {""call_vol"": 287, ""put_vol"": 116, ""call_oi"": 2533, ""put_oi"": 2124}}",0.833256574115796,0.7030346930195889,401689,334710,858703,603698,443317,363519,0.8199978796211289,990039,675034,0.6818256654535831,15.1,15.21,14.64,14.93,0.5555555555555556,,0.16666666666666666,,0.9444444444444444,,0.2777777777777778,,0.05555555555555555,,0.2777777777777778,,0.05555555555555555,
20240814,3332.787,3332.787,3309.1,3309.239,7874240700,,0.710384808015856,-0.7542908897879341,-25.15099999999984,,0.6850567969708282,0.5569702071370592,1.569179944930665,37502,25691,133052,74106,"{""2408"": {""call_vol"": 25983, ""put_vol"": 18019, ""call_oi"": 55977, ""put_oi"": 30693}, ""2409"": {""call_vol"": 9645, ""put_vol"": 6607, ""call_oi"": 49653, ""put_oi"": 28884}, ""2410"": {""call_vol"": 532, ""put_vol"": 353, ""call_oi"": 2636, ""put_oi"": 1169}, ""2412"": {""call_vol"": 809, ""put_vol"": 430, ""call_oi"": 16653, ""put_oi"": 7361}, ""2503"": {""call_vol"": 272, ""put_vol"": 172, ""call_oi"": 5468, ""put_oi"": 3836}, ""2506"": {""call_vol"": 261, ""put_vol"": 110, ""call_oi"": 2665, ""put_oi"": 2163}}",0.893362058926284,0.68066057682252,343480,306852,879716,598788,380982,332543,0.872857510328572,1012768,672894,0.664410802868969,16.7,17.6,15.13,15.21,0.47368421052631576,,0.3684210526315789,,0.9473684210526315,,0.5789473684210527,,0.05263157894736842,,0.5263157894736842,,0.05263157894736842,
20240815,3301.446,3356.764,3297.971,3341.953,10476639900,,1.7766320292973738,0.9885656490812522,32.71399999999994,,0.6491950674335083,0.5537780803267529,1.0226781385574133,79634,51698,129272,71588,"{""2408"": {""call_vol"": 53190, ""put_vol"": 35808, ""call_oi"": 47947, ""put_oi"": 26403}, ""2409"": {""call_vol"": 24101, ""put_vol"": 14398, ""call_oi"": 53356, ""put_oi"": 30420}, ""2410"": {""call_vol"": 683, ""put_vol"": 560, ""call_oi"": 2962, ""put_oi"": 1313}, ""2412"": {""call_vol"": 1274, ""put_vol"": 681, ""call_oi"": 16747, ""put_oi"": 7385}, ""2503"": {""call_vol"": 181, ""put_vol"": 128, ""call_oi"": 5521, ""put_oi"": 3855}, ""2506"": {""call_vol"": 205, ""put_vol"": 123, ""call_oi"": 2739, ""put_oi"": 2212}}",0.8465139977322736,0.7380533794648927,757587,641308,853212,629716,837221,693006,0.8277456012211829,982484,701304,0.7138070441859613,15.4,15.47,14.98,15.05,0.35,,0.35,,0.4,,0.35,,0.3,,0.3,,0.3,
20240816,3342.035,3356.907,3335.624,3345.634,9651908300,,0.6368431872022244,0.11014517559044812,3.68100000000004,,0.7377224545366138,0.5745197924942749,1.3614157466700736,51415,37930,85588,49172,"{""2408"": {""call_vol"": 30049, ""put_vol"": 22575, ""call_oi"": 0, ""put_oi"": 0}, ""2409"": {""call_vol"": 19141, ""put_vol"": 14182, ""call_oi"": 57152, ""put_oi"": 34092}, ""2410"": {""call_vol"": 949, ""put_vol"": 658, ""call_oi"": 3306, ""put_oi"": 1587}, ""2412"": {""call_vol"": 924, ""put_vol"": 321, ""call_oi"": 16852, ""put_oi"": 7398}, ""2503"": {""call_vol"": 238, ""put_vol"": 115, ""call_oi"": 5512, ""put_oi"": 3863}, ""2506"": {""call_vol"": 114, ""put_vol"": 79, ""call_oi"": 2766, ""put_oi"": 2232}}",0.8060823950971775,0.7454750191089214,502894,405374,854313,636869,554309,443304,0.7997416603374652,939901,686041,0.7299077243241575,14.6,14.73,14.25,14.48,0.65,,0.5,,0.7,,0.15,,0.45,,0.2,,0.45,
20240819,3344.261,3375.962,3343.712,3356.968,10557111000,,0.963942858065168,0.33876987142047454,11.333999999999833,,0.6377444260047622,0.5798661786828929,0.6844421734106894,27718,17677,89074,51651,"{""2409"": {""call_vol"": 24423, ""put_vol"": 15633, ""call_oi"": 60086, ""put_oi"": 36134}, ""2410"": {""call_vol"": 1701, ""put_vol"": 1209, ""call_oi"": 3809, ""put_oi"": 1893}, ""2411"": {""call_vol"": 59, ""put_vol"": 107, ""call_oi"": 52, ""put_oi"": 80}, ""2412"": {""call_vol"": 1139, ""put_vol"": 558, ""call_oi"": 16862, ""put_oi"": 7471}, ""2503"": {""call_vol"": 226, ""put_vol"": 104, ""call_oi"": 5488, ""put_oi"": 3844}, ""2506"": {""call_vol"": 170, ""put_vol"": 66, ""call_oi"": 2777, ""put_oi"": 2229}}",0.7731357840317278,0.7623050286304832,524966,405870,855382,652062,552684,423547,0.7663456875900153,944456,703713,0.7450987658503943,14.4,14.48,14.12,14.19,0.3,,0.6,,0.15,,0.1,,0.5,,0.15,,0.55,
20240820,3361.639,3362.334,3321.64,3332.703,10166833100,,1.2122248409874614,-0.7228248824534433,-24.264999999999873,,0.6352077598636781,0.5936625576646752,0.9423917634894792,30516,19384,92561,54950,"{""2409"": {""call_vol"": 27234, ""put_vol"": 17328, ""call_oi"": 62643, ""put_oi"": 38696}, ""2410"": {""call_vol"": 1710, ""put_vol"": 1170, ""call_oi"": 4195, ""put_oi"": 2367}, ""2411"": {""call_vol"": 189, ""put_vol"": 212, ""call_oi"": 191, ""put_oi"": 255}, ""2412"": {""call_vol"": 745, ""put_vol"": 336, ""call_oi"": 17031, ""put_oi"": 7494}, ""2503"": {""call_vol"": 289, ""put_vol"": 200, ""call_oi"": 5508, ""put_oi"": 3850}, ""2506"": {""call_vol"": 349, ""put_vol"": 138, ""call_oi"": 2993, ""put_oi"": 2288}}",0.7944575085927541,0.726825160776797,681679,541565,868129,630978,712195,560949,0.7876340047318501,960690,685928,0.7139951493197597,14.5,14.5,14.22,14.3,0.25,,0.95,,0.25,,0.2,,0.2,,0.25,,0.35,
20240821,3322.913,3339.443,3307.992,3321.635,8995475100,,0.9437084552688921,-0.33210280063958875,-11.067999999999756,,0.679437305984518,0.5879791213027307,1.2063709677969598,25449,17291,95983,56436,"{""2409"": {""call_vol"": 22432, ""put_vol"": 15819, ""call_oi"": 65135, ""put_oi"": 39937}, ""2410"": {""call_vol"": 1810, ""put_vol"": 919, ""call_oi"": 4771, ""put_oi"": 2489}, ""2411"": {""call_vol"": 105, ""put_vol"": 90, ""call_oi"": 255, ""put_oi"": 294}, ""2412"": {""call_vol"": 816, ""put_vol"": 232, ""call_oi"": 17252, ""put_oi"": 7533}, ""2503"": {""call_vol"": 190, ""put_vol"": 138, ""call_oi"": 5521, ""put_oi"": 3853}, ""2506"": {""call_vol"": 96, ""put_vol"": 93, ""call_oi"": 3049, ""put_oi"": 2330}}",0.8068130806878596,0.7161785991375111,412119,332503,872591,624931,437568,349794,0.7994048924967091,968574,681367,0.7034743860562022,14.4,14.4,14.06,14.2,0.45,,0.7,,0.55,,0.3,,0.2,,0.3,,0.2,
20240822,3322.872,3327.696,3305.245,3313.136,10036650400,,0.6759020783439487,-0.25586796863593664,-8.499000000000251,,0.6577462156606242,0.5844904375163741,1.0644351921739654,26755,17598,99242,58006,"{""2409"": {""call_vol"": 23239, ""put_vol"": 15792, ""call_oi"": 67293, ""put_oi"": 40933}, ""2410"": {""call_vol"": 1959, ""put_vol"": 1140, ""call_oi"": 5424, ""put_oi"": 2892}, ""2411"": {""call_vol"": 245, ""put_vol"": 116, ""call_oi"": 364, ""put_oi"": 361}, ""2412"": {""call_vol"": 751, ""put_vol"": 258, ""call_oi"": 17432, ""put_oi"": 7577}, ""2503"": {""call_vol"": 399, ""put_vol"": 179, ""call_oi"": 5613, ""put_oi"": 3873}, ""2506"": {""call_vol"": 162, ""put_vol"": 113, ""call_oi"": 3116, ""put_oi"": 2370}}",0.8361265025069233,0.695813643211637,440181,368047,893426,621658,466936,385645,0.8259054774101804,992668,679664,0.684684103849424,14.3,14.45,14.03,14.45,0.45,,0.65,,0.5,,0.45,,0.1,,0.45,,0.15,
20240823,3305.931,3336.241,3305.64,3327.191,8952577400,,0.9236264373089458,0.4242204364686364,14.054999999999836,,0.5856355581169183,0.575422581824289,0.8220117376953662,27763,16259,101223,58246,"{""2409"": {""call_vol"": 24817, ""put_vol"": 14788, ""call_oi"": 68072, ""put_oi"": 40940}, ""2410"": {""call_vol"": 1741, ""put_vol"": 667, ""call_oi"": 6288, ""put_oi"": 2999}, ""2411"": {""call_vol"": 90, ""put_vol"": 54, ""call_oi"": 404, ""put_oi"": 384}, ""2412"": {""call_vol"": 794, ""put_vol"": 424, ""call_oi"": 17659, ""put_oi"": 7623}, ""2503"": {""call_vol"": 187, ""put_vol"": 233, ""call_oi"": 5676, ""put_oi"": 3909}, ""2506"": {""call_vol"": 134, ""put_vol"": 93, ""call_oi"": 3124, ""put_oi"": 2391}}",0.7657131100965966,0.7268858020361479,510370,390797,862511,626947,538133,407056,0.7564226687454588,963734,685193,0.7109773028657285,14.6,14.6,13.69,13.94,0.1,,0.55,,0.25,,0.1,,0.35,,0.1,,0.4,
20240826,3330.718,3336.527,3311.57,3324.223,9399077200,,0.7500921948875157,-0.08920437690531635,-2.967999999999847,,0.548426435877262,0.5687228864670405,0.7998323612917125,25420,13941,103961,59125,"{""2409"": {""call_vol"": 22219, ""put_vol"": 12391, ""call_oi"": 69709, ""put_oi"": 41330}, ""2410"": {""call_vol"": 1869, ""put_vol"": 1129, ""call_oi"": 7020, ""put_oi"": 3416}, ""2411"": {""call_vol"": 117, ""put_vol"": 68, ""call_oi"": 496, ""put_oi"": 420}, ""2412"": {""call_vol"": 1060, ""put_vol"": 254, ""call_oi"": 17896, ""put_oi"": 7648}, ""2503"": {""call_vol"": 97, ""put_vol"": 81, ""call_oi"": 5697, ""put_oi"": 3920}, ""2506"": {""call_vol"": 58, ""put_vol"": 18, ""call_oi"": 3143, ""put_oi"": 2391}}",0.9081899212365127,0.7063625257239089,405010,367826,858637,606509,430430,381767,0.8869432892688707,962598,665634,0.691497385201299,14.1,14.24,13.88,13.88,0.1,,0.5,,0.2,,0.7,,0.2,,0.75,,0.25,
20240827,3315.686,3320.567,3299.564,3305.334,9580815700,,0.6318168185467748,-0.5682230103094765,-18.889000000000124,,0.6144439009205319,0.5671405262466945,0.9289172826041062,22487,13817,106642,60481,"{""2409"": {""call_vol"": 19481, ""put_vol"": 12401, ""call_oi"": 71310, ""put_oi"": 42135}, ""2410"": {""call_vol"": 1640, ""put_vol"": 1023, ""call_oi"": 7596, ""put_oi"": 3853}, ""2411"": {""call_vol"": 132, ""put_vol"": 77, ""call_oi"": 562, ""put_oi"": 455}, ""2412"": {""call_vol"": 812, ""put_vol"": 239, ""call_oi"": 18234, ""put_oi"": 7702}, ""2503"": {""call_vol"": 319, ""put_vol"": 46, ""call_oi"": 5766, ""put_oi"": 3938}, ""2506"": {""call_vol"": 103, ""put_vol"": 31, ""call_oi"": 3174, ""put_oi"": 2398}}",0.8100219726884494,0.6724893615293882,379107,307085,862201,579821,401594,320902,0.7990707032475585,968843,640302,0.6608934574538908,14.2,14.2,13.81,13.86,0.25,,0.45,,0.35,,0.45,,0.05,,0.35,,0.05,
20240828,3298.909,3305.35,3274.588,3286.496,9269665000,,0.9306775049056983,-0.5699272751255924,-18.837999999999738,,0.7226943230255477,0.560793217468083,1.3569332511092769,36833,26619,110991,62243,"{""2409"": {""call_vol"": 32182, ""put_vol"": 23749, ""call_oi"": 74282, ""put_oi"": 42773}, ""2410"": {""call_vol"": 2438, ""put_vol"": 1775, ""call_oi"": 8416, ""put_oi"": 4492}, ""2411"": {""call_vol"": 310, ""put_vol"": 231, ""call_oi"": 729, ""put_oi"": 614}, ""2412"": {""call_vol"": 1547, ""put_vol"": 618, ""call_oi"": 18505, ""put_oi"": 7930}, ""2503"": {""call_vol"": 208, ""put_vol"": 173, ""call_oi"": 5834, ""put_oi"": 4023}, ""2506"": {""call_vol"": 148, ""put_vol"": 73, ""call_oi"": 3225, ""put_oi"": 2411}}",0.9224731109540395,0.7497478631189919,469708,433293,596898,447523,506541,459912,0.9079462471942054,707889,509766,0.7201213749613287,13.9,14.38,13.78,14.03,0.85,,0.45,,0.75,,0.8,,0.8,,0.8,,0.75,
20240829,3273.541,3290.786,3269.529,3277.681,13070233300,,0.6467982921628403,-0.26821879594559617,-8.815000000000055,,0.640872900563724,0.5541936887921654,1.0141945857990042,34414,22055,114875,63663,"{""2409"": {""call_vol"": 29778, ""put_vol"": 19083, ""call_oi"": 76730, ""put_oi"": 43498}, ""2410"": {""call_vol"": 2411, ""put_vol"": 1921, ""call_oi"": 9144, ""put_oi"": 5087}, ""2411"": {""call_vol"": 284, ""put_vol"": 179, ""call_oi"": 889, ""put_oi"": 649}, ""2412"": {""call_vol"": 1113, ""put_vol"": 262, ""call_oi"": 18977, ""put_oi"": 8011}, ""2503"": {""call_vol"": 255, ""put_vol"": 173, ""call_oi"": 5911, ""put_oi"": 4064}, ""2506"": {""call_vol"": 573, ""put_vol"": 437, ""call_oi"": 3224, ""put_oi"": 2354}}",0.7425727037699204,0.7317687656046686,388735,288664,662462,484769,423149,310719,0.734301628977027,777337,548432,0.7055266891965776,14.2,14.34606795,13.91547834,14.29405781,0.45,0.4,0.4,0.26666666666666666,0.35,0.43333333333333335,0.05,0.03333333333333333,0.5,0.3333333333333333,0.05,0.03333333333333333,0.4,0.26666666666666666
20240830,3273.753,3351.625,3273.65,3321.432,18869544300,,2.3789685451390756,1.3348156821850532,43.75099999999975,,0.5565897899708572,0.5529963088948396,0.5634665740426247,79608,44309,110536,61126,"{""2409"": {""call_vol"": 69987, ""put_vol"": 39322, ""call_oi"": 71184, ""put_oi"": 40850}, ""2410"": {""call_vol"": 5700, ""put_vol"": 3572, ""call_oi"": 10019, ""put_oi"": 5240}, ""2411"": {""call_vol"": 458, ""put_vol"": 305, ""call_oi"": 997, ""put_oi"": 645}, ""2412"": {""call_vol"": 2383, ""put_vol"": 538, ""call_oi"": 19079, ""put_oi"": 7967}, ""2503"": {""call_vol"": 545, ""put_vol"": 279, ""call_oi"": 6015, ""put_oi"": 4024}, ""2506"": {""call_vol"": 535, ""put_vol"": 293, ""call_oi"": 3242, ""put_oi"": 2400}}",0.6767433971295201,0.7908357718290524,860762,582515,664344,525387,940370,626824,0.6665716685985303,774880,586513,0.7569081664257692,13.6,14.12612,13.40361763,13.64647176,0.1,0.0967741935483871,0.35,0.22580645161290322,0.05,0.03225806451612903,0.05,0.03225806451612903,1.0,0.6451612903225806,0.05,0.03225806451612903,1.0,0.6451612903225806
20240902,3307.543,3307.763,3264.757,3265.011,14761235300,,1.2948029645044625,-1.6986950207019125,-56.42099999999982,,0.6411089587369035,0.5358549973060345,1.1338989731794284,48009,30779,118784,63651,"{""2409"": {""call_vol"": 40735, ""put_vol"": 25463, ""call_oi"": 77282, ""put_oi"": 41284}, ""2410"": {""call_vol"": 4449, ""put_vol"": 4231, ""call_oi"": 11365, ""put_oi"": 7067}, ""2411"": {""call_vol"": 182, ""put_vol"": 121, ""call_oi"": 1045, ""put_oi"": 700}, ""2412"": {""call_vol"": 1986, ""put_vol"": 659, ""call_oi"": 19707, ""put_oi"": 8151}, ""2503"": {""call_vol"": 460, ""put_vol"": 210, ""call_oi"": 6100, ""put_oi"": 4034}, ""2506"": {""call_vol"": 197, ""put_vol"": 95, ""call_oi"": 3285, ""put_oi"": 2415}}",0.8325148101254124,0.7002172679629246,541015,450403,743782,520809,589024,481182,0.8169140815993915,862566,584460,0.677582932784274,14.39828207,15.39552117,14.31457588,15.29911593,0.5,0.4375,0.05,0.03125,0.6,0.625,0.5,0.40625,0.2,0.125,0.5,0.40625,0.15,0.09375
20240903,3261.741,3281.594,3261.188,3273.428,12289730600,,0.6249902373988924,0.25779392473714857,8.416999999999916,,0.6165224187338988,0.5207406074093468,1.0969075641756607,34547,21299,122224,63647,"{""2409"": {""call_vol"": 29189, ""put_vol"": 17543, ""call_oi"": 79549, ""put_oi"": 41024}, ""2410"": {""call_vol"": 3386, ""put_vol"": 2902, ""call_oi"": 12001, ""put_oi"": 7286}, ""2411"": {""call_vol"": 330, ""put_vol"": 154, ""call_oi"": 1060, ""put_oi"": 715}, ""2412"": {""call_vol"": 1208, ""put_vol"": 419, ""call_oi"": 20127, ""put_oi"": 8184}, ""2503"": {""call_vol"": 258, ""put_vol"": 173, ""call_oi"": 6193, ""put_oi"": 4016}, ""2506"": {""call_vol"": 176, ""put_vol"": 108, ""call_oi"": 3294, ""put_oi"": 2422}}",0.8649585720969002,0.7148320080893505,421093,364228,761495,544341,455640,385527,0.8461219383723992,883719,607988,0.6879879237630966,14.6,14.73,14.25,14.48,0.25,0.21212121212121213,0.05,0.030303030303030304,0.6,0.6060606060606061,0.7,0.5454545454545454,0.4,0.24242424242424243,0.7,0.5454545454545454,0.35,0.21212121212121213
20240904,3253.898,3272.986,3249.981,3252.165,10483248200,,0.7027800825312075,-0.6495636989724551,-21.26299999999992,,0.5294059381422876,0.5182294774189956,0.9513209666629882,40383,21379,125703,65143,"{""2409"": {""call_vol"": 33258, ""put_vol"": 17745, ""call_oi"": 81067, ""put_oi"": 41624}, ""2410"": {""call_vol"": 4001, ""put_vol"": 2546, ""call_oi"": 12865, ""put_oi"": 7971}, ""2411"": {""call_vol"": 216, ""put_vol"": 242, ""call_oi"": 1108, ""put_oi"": 789}, ""2412"": {""call_vol"": 2084, ""put_vol"": 489, ""call_oi"": 20980, ""put_oi"": 8287}, ""2503"": {""call_vol"": 476, ""put_vol"": 220, ""call_oi"": 6241, ""put_oi"": 4065}, ""2506"": {""call_vol"": 348, ""put_vol"": 137, ""call_oi"": 3442, ""put_oi"": 2407}}",0.9221348582320705,0.6939664627381368,419700,387020,788675,547314,460083,408399,0.8876637476281454,914378,612457,0.6698072350822089,13.6,13.73,12.94,13.05,0.05,0.029411764705882353,0.05,0.029411764705882353,0.35,0.38235294117647056,0.9,0.7941176470588235,0.15,0.08823529411764706,0.9,0.7647058823529411,0.15,0.08823529411764706
20240905,3252.96,3266.882,3247.173,3257.758,9710945000,,0.6060270619725717,0.17197774405663946,5.592999999999847,,0.5210601795293993,0.5145519401291606,0.891915848341337,37654,19620,128677,66211,"{""2409"": {""call_vol"": 31744, ""put_vol"": 16475, ""call_oi"": 82550, ""put_oi"": 41991}, ""2410"": {""call_vol"": 3657, ""put_vol"": 2097, ""call_oi"": 13584, ""put_oi"": 8467}, ""2411"": {""call_vol"": 122, ""put_vol"": 76, ""call_oi"": 1154, ""put_oi"": 812}, ""2412"": {""call_vol"": 1104, ""put_vol"": 362, ""call_oi"": 21349, ""put_oi"": 8369}, ""2503"": {""call_vol"": 556, ""put_vol"": 356, ""call_oi"": 6414, ""put_oi"": 4111}, ""2506"": {""call_vol"": 471, ""put_vol"": 254, ""call_oi"": 3626, ""put_oi"": 2461}}",0.8464347699263473,0.7134271994951736,342825,290179,811368,578852,380479,309799,0.814234162726458,940045,645063,0.6862043838326889,14.63,14.72,14.36,14.53,0.05,0.02857142857142857,0.05,0.02857142857142857,0.25,0.2857142857142857,0.65,0.4857142857142857,0.45,0.2571428571428571,0.5,0.37142857142857144,0.35,0.2
20240906,3261.154,3274.814,3231.069,3231.346,8840041700,,1.3427946458883653,-0.8107416204641282,-26.411999999999807,,0.5320779081028731,0.5177654879102891,0.9395184183022401,46465,24723,130731,67688,"{""2409"": {""call_vol"": 39310, ""put_vol"": 20642, ""call_oi"": 82749, ""put_oi"": 42503}, ""2410"": {""call_vol"": 3848, ""put_vol"": 2914, ""call_oi"": 14572, ""put_oi"": 9229}, ""2411"": {""call_vol"": 252, ""put_vol"": 137, ""call_oi"": 1234, ""put_oi"": 868}, ""2412"": {""call_vol"": 2147, ""put_vol"": 720, ""call_oi"": 22007, ""put_oi"": 8441}, ""2503"": {""call_vol"": 409, ""put_vol"": 147, ""call_oi"": 6439, ""put_oi"": 4129}, ""2506"": {""call_vol"": 499, ""put_vol"": 163, ""call_oi"": 3730, ""put_oi"": 2518}}",0.7720998825311973,0.6847747671976412,469912,362819,844171,578067,516377,387542,0.7505020556686297,974902,645755,0.6623793981343766,15.4,15.95,15.16,15.72,0.15,0.08333333333333333,0.1,0.05555555555555555,0.35,0.3333333333333333,0.2,0.1388888888888889,0.15,0.08333333333333333,0.15,0.1111111111111111,0.1,0.05555555555555555
20240909,3214.8,3222.928,3180.928,3192.952,10867306900,,1.2997679604721994,-1.1881735970087903,-38.39399999999978,,0.720235416929141,0.49452947701945316,1.6146301596929242,55561,40017,137921,68206,"{""2409"": {""call_vol"": 42132, ""put_vol"": 30584, ""call_oi"": 87099, ""put_oi"": 41909}, ""2410"": {""call_vol"": 8040, ""put_vol"": 6326, ""call_oi"": 15837, ""put_oi"": 9918}, ""2411"": {""call_vol"": 773, ""put_vol"": 395, ""call_oi"": 1419, ""put_oi"": 1006}, ""2412"": {""call_vol"": 3053, ""put_vol"": 1705, ""call_oi"": 22891, ""put_oi"": 8552}, ""2503"": {""call_vol"": 790, ""put_vol"": 566, ""call_oi"": 6585, ""put_oi"": 4232}, ""2506"": {""call_vol"": 773, ""put_vol"": 441, ""call_oi"": 4090, ""put_oi"": 2589}}",0.8779073244588261,0.6078597068175177,635378,557803,917108,557473,690939,597820,0.8652283341944803,1055029,625679,0.5930443618137511,14.4,14.48,14.12,14.19,0.9,0.7567567567567568,0.05,0.02702702702702703,1.0,0.972972972972973,0.8,0.5945945945945946,0.05,0.02702702702702703,0.8,0.6216216216216216,0.05,0.02702702702702703
20240910,3193.456,3205.097,3171.793,3195.755,9729007800,,1.0430473117040306,0.0877871010901421,2.8029999999998836,,0.7390600697801505,0.4884548445966418,1.566646672221149,47578,35163,141921,69322,"{""2409"": {""call_vol"": 35841, ""put_vol"": 28432, ""call_oi"": 87825, ""put_oi"": 41968}, ""2410"": {""call_vol"": 7559, ""put_vol"": 4768, ""call_oi"": 17764, ""put_oi"": 10690}, ""2411"": {""call_vol"": 488, ""put_vol"": 321, ""call_oi"": 1590, ""put_oi"": 1023}, ""2412"": {""call_vol"": 2574, ""put_vol"": 729, ""call_oi"": 23721, ""put_oi"": 8533}, ""2503"": {""call_vol"": 551, ""put_vol"": 424, ""call_oi"": 6805, ""put_oi"": 4370}, ""2506"": {""call_vol"": 565, ""put_vol"": 489, ""call_oi"": 4216, ""put_oi"": 2738}}",0.9469525034989471,0.6266607073142352,549451,520304,919563,576254,597029,555467,0.9303852911667607,1061484,645576,0.6081825067546943,16.38,17.22,16.3,16.57,1.0,0.8157894736842105,0.05,0.02631578947368421,0.9,0.9210526315789473,1.0,0.8947368421052632,0.1,0.05263157894736842,1.0,0.868421052631579,0.1,0.05263157894736842
20240911,3187.051,3197.336,3174.034,3186.13,10248211000,,0.7291547693737372,-0.3011807851352799,-9.625,,0.7129143035537749,0.4868190904547726,1.380760282212926,38438,27403,144072,70137,"{""2409"": {""call_vol"": 29554, ""put_vol"": 22502, ""call_oi"": 87194, ""put_oi"": 41752}, ""2410"": {""call_vol"": 6222, ""put_vol"": 3549, ""call_oi"": 19588, ""put_oi"": 11685}, ""2411"": {""call_vol"": 480, ""put_vol"": 79, ""call_oi"": 1848, ""put_oi"": 1040}, ""2412"": {""call_vol"": 1474, ""put_vol"": 644, ""call_oi"": 24050, ""put_oi"": 8358}, ""2503"": {""call_vol"": 483, ""put_vol"": 496, ""call_oi"": 7016, ""put_oi"": 4530}, ""2506"": {""call_vol"": 225, ""put_vol"": 133, ""call_oi"": 4376, ""put_oi"": 2772}}",0.9325692656260356,0.6224475377757986,407381,379911,934196,581488,445819,407314,0.913630868132583,1078268,651625,0.604325640749795,16.8,17.7,16.53,17.7,0.8,0.717948717948718,0.05,0.02564102564102564,0.9,0.7948717948717948,0.95,0.8461538461538461,0.1,0.05128205128205128,0.95,0.8205128205128205,0.1,0.05128205128205128
20240912,3189.427,3201.554,3171.878,3172.475,9286865700,,0.9314120892744467,-0.42857636066325755,-13.6550000000002,,0.6055404214405897,0.48984976281937365,1.1354518228534636,49924,30231,146302,71666,"{""2409"": {""call_vol"": 38686, ""put_vol"": 25322, ""call_oi"": 86168, ""put_oi"": 42312}, ""2410"": {""call_vol"": 7808, ""put_vol"": 3571, ""call_oi"": 21820, ""put_oi"": 12332}, ""2411"": {""call_vol"": 638, ""put_vol"": 449, ""call_oi"": 2080, ""put_oi"": 1131}, ""2412"": {""call_vol"": 2038, ""put_vol"": 438, ""call_oi"": 24664, ""put_oi"": 8464}, ""2503"": {""call_vol"": 538, ""put_vol"": 326, ""call_oi"": 7157, ""put_oi"": 4661}, ""2506"": {""call_vol"": 216, ""put_vol"": 125, ""call_oi"": 4413, ""put_oi"": 2766}}",0.7482274016808379,0.6196106984993706,487138,364490,932542,577813,537062,394721,0.7349635610041299,1078844,649479,0.6020138222022832,15.91,16.17,15.71,16.09,0.35,0.225,0.15,0.075,0.7,0.625,0.15,0.075,0.1,0.05,0.15,0.075,0.1,0.05
20240913,3174.034,3188.915,3159.247,3159.247,8833667700,,0.9351689138606332,-0.416961520579362,-13.228000000000065,,0.5591565721164697,0.4845331643999946,1.1301050399701356,53164,29727,148382,71896,"{""2409"": {""call_vol"": 39329, ""put_vol"": 23651, ""call_oi"": 83718, ""put_oi"": 41045}, ""2410"": {""call_vol"": 9294, ""put_vol"": 4510, ""call_oi"": 24706, ""put_oi"": 13283}, ""2411"": {""call_vol"": 861, ""put_vol"": 357, ""call_oi"": 2413, ""put_oi"": 1233}, ""2412"": {""call_vol"": 2387, ""put_vol"": 636, ""call_oi"": 25553, ""put_oi"": 8723}, ""2503"": {""call_vol"": 593, ""put_vol"": 309, ""call_oi"": 7360, ""put_oi"": 4763}, ""2506"": {""call_vol"": 700, ""put_vol"": 264, ""call_oi"": 4632, ""put_oi"": 2849}}",0.8082133195823972,0.6185610739456696,488694,394969,938297,580394,541858,424696,0.7837772995877149,1086679,652290,0.6002600583981103,16.8,17.7,16.53,17.7,0.3,0.17073170731707318,0.05,0.024390243902439025,0.65,0.5853658536585366,0.45,0.34146341463414637,0.1,0.04878048780487805,0.35,0.2682926829268293,0.1,0.04878048780487805
20240918,3158.818,3179.901,3145.791,3171.01,8472281400,,1.0796876597492906,0.37233555970774823,11.763000000000375,,0.682687113357149,0.48365991342912423,1.9619359903925895,57385,39176,150397,72741,"{""2409"": {""call_vol"": 40026, ""put_vol"": 28417, ""call_oi"": 80411, ""put_oi"": 39115}, ""2410"": {""call_vol"": 11989, ""put_vol"": 8875, ""call_oi"": 27881, ""put_oi"": 15589}, ""2411"": {""call_vol"": 1166, ""put_vol"": 355, ""call_oi"": 2880, ""put_oi"": 1316}, ""2412"": {""call_vol"": 2711, ""put_vol"": 816, ""call_oi"": 26646, ""put_oi"": 9012}, ""2503"": {""call_vol"": 792, ""put_vol"": 334, ""call_oi"": 7662, ""put_oi"": 4791}, ""2506"": {""call_vol"": 701, ""put_vol"": 379, ""call_oi"": 4917, ""put_oi"": 2918}}",0.9226369459037476,0.6194674497782472,639194,589744,931668,577138,696579,628920,0.9028695955519762,1082065,649879,0.600591461695924,15.49,15.58,14.69,15.45,0.8,0.5952380952380952,0.05,0.023809523809523808,1.0,1.0,0.9,0.8095238095238095,0.15,0.07142857142857142,0.85,0.7857142857142857,0.15,0.07142857142857142
20240919,3178.396,3213.838,3149.793,3196.036,12543927200,,2.019703501408071,0.7892122699076909,25.02599999999984,,0.6156336459756392,0.4852837329201489,1.2111257380289724,87107,53626,145859,70783,"{""2409"": {""call_vol"": 57846, ""put_vol"": 36804, ""call_oi"": 71260, ""put_oi"": 33858}, ""2410"": {""call_vol"": 23984, ""put_vol"": 14512, ""call_oi"": 30879, ""put_oi"": 18541}, ""2411"": {""call_vol"": 1259, ""put_vol"": 771, ""call_oi"": 3412, ""put_oi"": 1551}, ""2412"": {""call_vol"": 2672, ""put_vol"": 925, ""call_oi"": 27406, ""put_oi"": 9123}, ""2503"": {""call_vol"": 654, ""put_vol"": 205, ""call_oi"": 7799, ""put_oi"": 4779}, ""2506"": {""call_vol"": 692, ""put_vol"": 409, ""call_oi"": 5103, ""put_oi"": 2931}}",0.7942609782519987,0.6688905158819554,894473,710445,887800,593841,981580,764071,0.7784092992929766,1033659,664624,0.6429818731322419,15.6,15.6,14.87,14.97,0.5,0.27906976744186046,0.15,0.06976744186046512,0.75,0.6511627906976745,0.3,0.23255813953488372,0.35,0.16279069767441862,0.3,0.23255813953488372,0.35,0.16279069767441862
20240920,3192.432,3207.988,3173.224,3201.05,11806409800,,1.0877224161429868,0.156881837376055,5.014000000000124,,0.7725183277194373,0.5221070446371906,1.901320355977207,50470,38989,80359,41956,"{""2409"": {""call_vol"": 25717, ""put_vol"": 20178, ""call_oi"": 0, ""put_oi"": 0}, ""2410"": {""call_vol"": 20794, ""put_vol"": 16522, ""call_oi"": 35106, ""put_oi"": 22768}, ""2411"": {""call_vol"": 1012, ""put_vol"": 980, ""call_oi"": 3835, ""put_oi"": 1976}, ""2412"": {""call_vol"": 1933, ""put_vol"": 848, ""call_oi"": 28187, ""put_oi"": 9359}, ""2503"": {""call_vol"": 403, ""put_vol"": 135, ""call_oi"": 7950, ""put_oi"": 4840}, ""2506"": {""call_vol"": 611, ""put_vol"": 326, ""call_oi"": 5281, ""put_oi"": 3013}}",0.8068497468528989,0.6704188425076156,710654,573391,878779,589150,761124,612380,0.8045732364240256,959138,631106,0.6579929061302962,15.14,15.18,14.37,14.37,1.0,0.8863636363636364,0.6,0.2727272727272727,0.95,0.9772727272727273,0.35,0.3181818181818182,0.4,0.18181818181818182,0.45,0.38636363636363635,0.4,0.18181818181818182
20240923,3200.868,3230.161,3198.025,3212.764,9534485500,,1.0039205885568787,0.3659424251417409,11.713999999999942,,0.6186712056082855,0.5380408826057885,0.8257911308678905,34663,21445,83752,45062,"{""2410"": {""call_vol"": 28233, ""put_vol"": 17433, ""call_oi"": 36771, ""put_oi"": 24879}, ""2411"": {""call_vol"": 2112, ""put_vol"": 1895, ""call_oi"": 4789, ""put_oi"": 2519}, ""2412"": {""call_vol"": 2267, ""put_vol"": 1119, ""call_oi"": 28488, ""put_oi"": 9644}, ""2503"": {""call_vol"": 702, ""put_vol"": 337, ""call_oi"": 8190, ""put_oi"": 4888}, ""2506"": {""call_vol"": 908, ""put_vol"": 463, ""call_oi"": 5197, ""put_oi"": 3015}, ""2509"": {""call_vol"": 441, ""put_vol"": 198, ""call_oi"": 317, ""put_oi"": 117}}",0.8125270097398628,0.6780565624843392,580809,471923,838082,568267,615472,493368,0.8016091714976473,921834,613329,0.6653356244182792,14.95,14.95,13.97,14.06,0.6,0.3111111111111111,0.7,0.3111111111111111,0.2,0.2222222222222222,0.5,0.4,0.5,0.2222222222222222,0.45,0.37777777777777777,0.55,0.26666666666666666
20240924,3244.647,3351.968,3222.489,3351.909,20407221700,,4.030143515054322,4.331005950016875,139.14499999999998,,0.46773253093573863,0.5596631061887439,0.38296947076625043,138917,64976,86318,48309,"{""2410"": {""call_vol"": 112474, ""put_vol"": 52716, ""call_oi"": 37155, ""put_oi"": 25969}, ""2411"": {""call_vol"": 10662, ""put_vol"": 6828, ""call_oi"": 7732, ""put_oi"": 4576}, ""2412"": {""call_vol"": 11671, ""put_vol"": 3809, ""call_oi"": 27472, ""put_oi"": 9683}, ""2503"": {""call_vol"": 2460, ""put_vol"": 798, ""call_oi"": 8372, ""put_oi"": 4935}, ""2506"": {""call_vol"": 1438, ""put_vol"": 618, ""call_oi"": 5204, ""put_oi"": 2948}, ""2509"": {""call_vol"": 212, ""put_vol"": 207, ""call_oi"": 383, ""put_oi"": 198}}",0.7209725674173326,0.9237587134122321,1374424,990922,700644,647226,1513341,1055898,0.6977264212097604,786962,695535,0.8838228529458856,14.43,17.47,14.07,16.9,0.05,0.021739130434782608,0.85,0.5434782608695652,0.05,0.021739130434782608,0.1,0.043478260869565216,1.0,0.9565217391304348,0.1,0.043478260869565216,1.0,0.9565217391304348
20240925,3403.702,3465.488,3393.438,3401.533,24156425500,,2.1495213623042786,1.4804697860234306,49.623999999999796,,0.43234763993380865,0.5832412714955706,0.28012936930642146,162559,70282,95950,55962,"{""2410"": {""call_vol"": 125743, ""put_vol"": 50778, ""call_oi"": 43230, ""put_oi"": 29509}, ""2411"": {""call_vol"": 14618, ""put_vol"": 10733, ""call_oi"": 11101, ""put_oi"": 7705}, ""2412"": {""call_vol"": 16699, ""put_vol"": 5810, ""call_oi"": 27081, ""put_oi"": 10286}, ""2503"": {""call_vol"": 3126, ""put_vol"": 1316, ""call_oi"": 8663, ""put_oi"": 5033}, ""2506"": {""call_vol"": 1432, ""put_vol"": 936, ""call_oi"": 5152, ""put_oi"": 2880}, ""2509"": {""call_vol"": 941, ""put_vol"": 709, ""call_oi"": 723, ""put_oi"": 549}}",0.6246853923430821,0.9687158919061082,1399362,874161,532315,515662,1561921,944443,0.6046675856205276,628265,571624,0.90984536779862,18.93,22.0,17.74,18.18,0.05,0.02127659574468085,1.0,0.723404255319149,0.05,0.02127659574468085,0.05,0.02127659574468085,1.0,0.9574468085106383,0.05,0.02127659574468085,1.0,0.9574468085106383
20240926,3399.319,3545.325,3391.677,3545.32,24313401000,,4.517022177941525,4.227123476385519,143.78700000000026,,0.405149825981155,0.6463694188591962,0.27890997168985915,176705,71592,96844,62597,"{""2410"": {""call_vol"": 143173, ""put_vol"": 54933, ""call_oi"": 42710, ""put_oi"": 32683}, ""2411"": {""call_vol"": 14928, ""put_vol"": 9808, ""call_oi"": 12694, ""put_oi"": 10234}, ""2412"": {""call_vol"": 13791, ""put_vol"": 4608, ""call_oi"": 26965, ""put_oi"": 10958}, ""2503"": {""call_vol"": 3295, ""put_vol"": 1100, ""call_oi"": 8549, ""put_oi"": 5157}, ""2506"": {""call_vol"": 1150, ""put_vol"": 851, ""call_oi"": 5116, ""put_oi"": 2901}, ""2509"": {""call_vol"": 368, ""put_vol"": 292, ""call_oi"": 810, ""put_oi"": 664}}",0.6971254030431423,1.0699782499137953,1501080,1046441,603216,645428,1677785,1118033,0.666374416269069,700060,708025,1.0113775962060394,18.3,25.67,17.91,25.32,0.05,0.020833333333333332,1.0,1.0,0.05,0.020833333333333332,0.15,0.0625,1.0,1.0,0.1,0.041666666666666664,1.0,1.0
20240927,3617.92,3708.495,3596.583,3703.685,26548777400,,3.1566120970744476,4.466874640370966,158.36499999999978,,0.4109948987447012,0.7878504885770904,0.13156403527647342,292281,120126,87806,69178,"{""2410"": {""call_vol"": 239168, ""put_vol"": 85652, ""call_oi"": 37163, ""put_oi"": 35219}, ""2411"": {""call_vol"": 23212, ""put_vol"": 17736, ""call_oi"": 13504, ""put_oi"": 12673}, ""2412"": {""call_vol"": 22773, ""put_vol"": 11992, ""call_oi"": 23405, ""put_oi"": 12090}, ""2503"": {""call_vol"": 4211, ""put_vol"": 2391, ""call_oi"": 7973, ""put_oi"": 5358}, ""2506"": {""call_vol"": 2101, ""put_vol"": 1488, ""call_oi"": 4811, ""put_oi"": 2937}, ""2509"": {""call_vol"": 816, ""put_vol"": 867, ""call_oi"": 950, ""put_oi"": 901}}",0.74619329261414,1.2759288600942211,1551275,1157551,567389,723948,1843556,1277677,0.6930502789174834,655195,793126,1.2105190057921686,28.54,39.03,25.11,30.29,0.1,0.04081632653061224,1.0,1.0,0.05,0.02040816326530612,0.3,0.12244897959183673,1.0,1.0,0.2,0.08163265306122448,1.0,1.0
20240930,3846.652,4038.697,3796.505,4017.855,51021770700,,6.539217023045967,8.482632837295823,314.1700000000001,,0.6065137067938021,0.9375593880653744,0.138530350054667,167800,101773,84192,78935,"{""2410"": {""call_vol"": 133843, ""put_vol"": 74113, ""call_oi"": 32892, ""put_oi"": 40783}, ""2411"": {""call_vol"": 15143, ""put_vol"": 13128, ""call_oi"": 14395, ""put_oi"": 14909}, ""2412"": {""call_vol"": 13811, ""put_vol"": 8768, ""call_oi"": 23725, ""put_oi"": 13652}, ""2503"": {""call_vol"": 2962, ""put_vol"": 2586, ""call_oi"": 7738, ""put_oi"": 5511}, ""2506"": {""call_vol"": 1454, ""put_vol"": 2172, ""call_oi"": 4438, ""put_oi"": 3000}, ""2509"": {""call_vol"": 587, ""put_vol"": 1006, ""call_oi"": 1004, ""put_oi"": 1080}}",0.9056026333558407,1.4456695214124426,1184800,1072958,540737,781727,1352600,1174731,0.8684984474345705,624929,860662,1.377215651698033,47.26,49.24,34.65,42.22,0.55,0.3,1.0,1.0,0.1,0.04,0.8,0.72,1.0,1.0,0.8,0.66,1.0,1.0
20241008,4450.368,4450.368,4094.352,4256.096,58986789400,,8.860847392451955,5.929556940208136,238.24099999999953,,0.9415678417010996,1.0394224352363042,0.14342844777421565,104309,98214,82415,85664,"{""2410"": {""call_vol"": 74683, ""put_vol"": 64467, ""call_oi"": 33643, ""put_oi"": 45106}, ""2411"": {""call_vol"": 13764, ""put_vol"": 15487, ""call_oi"": 13647, ""put_oi"": 15866}, ""2412"": {""call_vol"": 11720, ""put_vol"": 13183, ""call_oi"": 22244, ""put_oi"": 14829}, ""2503"": {""call_vol"": 2660, ""put_vol"": 2797, ""call_oi"": 7547, ""put_oi"": 5567}, ""2506"": {""call_vol"": 881, ""put_vol"": 1353, ""call_oi"": 4282, ""put_oi"": 2980}, ""2509"": {""call_vol"": 601, ""put_vol"": 927, ""call_oi"": 1052, ""put_oi"": 1316}}",1.0471840839030384,1.4317886953195893,703288,736472,533372,763676,807597,834686,1.0335427199457154,615787,849340,1.3792756261499513,58.66,78.8,38.17,45.86,1.0,1.0,1.0,1.0,0.15,0.058823529411764705,1.0,0.9607843137254902,0.95,0.9803921568627451,1.0,0.9803921568627451,1.0,1.0
20241009,4168.844,4197.6,3942.512,3955.984,48226929500,,5.993473831417342,-7.051344706510376,-300.1119999999996,,0.8467160519933654,0.876896763899173,0.33734525508638213,151327,128131,95887,84083,"{""2410"": {""call_vol"": 111996, ""put_vol"": 80821, ""call_oi"": 41408, ""put_oi"": 42801}, ""2411"": {""call_vol"": 21000, ""put_vol"": 22990, ""call_oi"": 17481, ""put_oi"": 16110}, ""2412"": {""call_vol"": 12897, ""put_vol"": 17857, ""call_oi"": 23360, ""put_oi"": 15270}, ""2503"": {""call_vol"": 3913, ""put_vol"": 3906, ""call_oi"": 8161, ""put_oi"": 5621}, ""2506"": {""call_vol"": 877, ""put_vol"": 1687, ""call_oi"": 4213, ""put_oi"": 2899}, ""2509"": {""call_vol"": 644, ""put_vol"": 870, ""call_oi"": 1264, ""put_oi"": 1382}}",0.8376415224067595,1.2767024719639861,981735,822342,600656,766859,1133062,950473,0.838853478450429,696543,850942,1.2216647069886568,45.96,46.92,36.58,39.31,0.95,0.9423076923076923,0.9,0.9615384615384616,0.3,0.11538461538461539,0.55,0.5,0.9,0.9615384615384616,0.6,0.5576923076923077,0.9,0.9615384615384616
20241010,3979.612,4098.497,3912.771,3997.788,39505309900,,4.694811708035222,1.0567282375257392,41.80400000000009,,0.6313852921234973,0.8203403696692383,0.4044419362319888,120942,76361,105121,86235,"{""2410"": {""call_vol"": 89613, ""put_vol"": 48434, ""call_oi"": 44465, ""put_oi"": 42002}, ""2411"": {""call_vol"": 19273, ""put_vol"": 11157, ""call_oi"": 21465, ""put_oi"": 17594}, ""2412"": {""call_vol"": 7785, ""put_vol"": 9970, ""call_oi"": 24618, ""put_oi"": 15953}, ""2503"": {""call_vol"": 2486, ""put_vol"": 3513, ""call_oi"": 8685, ""put_oi"": 6011}, ""2506"": {""call_vol"": 1130, ""put_vol"": 2000, ""call_oi"": 4443, ""put_oi"": 3200}, ""2509"": {""call_vol"": 655, ""put_vol"": 1287, ""call_oi"": 1445, ""put_oi"": 1475}}",0.7480579970219126,1.1973131483734012,1096677,820378,645365,772704,1217619,896739,0.7364692896546456,750486,858939,1.1445103572884772,43.41,43.41,36.0,36.26,0.65,0.41509433962264153,0.85,0.9433962264150944,0.4,0.1509433962264151,0.25,0.1320754716981132,0.8,0.9245283018867925,0.3,0.1509433962264151,0.8,0.9245283018867925
20241011,3969.758,3978.239,3847.123,3887.167,27409650500,,3.279713681665961,-2.7670551815153765,-110.6210000000001,,0.7680726745425854,0.7328150184886698,0.6163094790202026,117235,90045,116017,85019,"{""2410"": {""call_vol"": 82871, ""put_vol"": 63279, ""call_oi"": 49759, ""put_oi"": 40715}, ""2411"": {""call_vol"": 20749, ""put_vol"": 11242, ""call_oi"": 26078, ""put_oi"": 18704}, ""2412"": {""call_vol"": 9229, ""put_vol"": 10886, ""call_oi"": 24607, ""put_oi"": 14647}, ""2503"": {""call_vol"": 3422, ""put_vol"": 2441, ""call_oi"": 9472, ""put_oi"": 6110}, ""2506"": {""call_vol"": 553, ""put_vol"": 988, ""call_oi"": 4532, ""put_oi"": 3193}, ""2509"": {""call_vol"": 411, ""put_vol"": 1209, ""call_oi"": 1569, ""put_oi"": 1650}}",0.8414716396092679,1.0370823009907708,1027507,864618,719238,745909,1144742,954663,0.8339547251695142,835255,830928,0.994819546126632,35.82,39.07,33.5,38.14,0.85,0.8333333333333334,0.75,0.9074074074074074,0.45,0.24074074074074073,0.65,0.5185185185185185,0.7,0.8703703703703703,0.65,0.5555555555555556,0.7,0.8703703703703703
20241014,3915.219,3979.543,3868.779,3961.342,30757899300,,2.8494788106608264,1.9082020402004796,74.17500000000018,,0.6065245554116123,0.7514680305143704,0.46104434295565344,118874,72100,116142,87277,"{""2410"": {""call_vol"": 86342, ""put_vol"": 49922, ""call_oi"": 45636, ""put_oi"": 39913}, ""2411"": {""call_vol"": 21816, ""put_vol"": 11392, ""call_oi"": 29113, ""put_oi"": 21105}, ""2412"": {""call_vol"": 7117, ""put_vol"": 6536, ""call_oi"": 25460, ""put_oi"": 14915}, ""2503"": {""call_vol"": 1866, ""put_vol"": 1605, ""call_oi"": 9616, ""put_oi"": 6207}, ""2506"": {""call_vol"": 937, ""put_vol"": 1474, ""call_oi"": 4647, ""put_oi"": 3321}, ""2509"": {""call_vol"": 796, ""put_vol"": 1171, ""call_oi"": 1670, ""put_oi"": 1816}}",0.7629606328352685,1.0605737635743435,1080850,824646,734658,779159,1199724,896746,0.7474602491906471,850800,866436,1.0183779971791256,39.24,39.24,30.92,31.19,0.45,0.2909090909090909,0.75,0.9090909090909091,0.45,0.16363636363636364,0.35,0.18181818181818182,0.7,0.8909090909090909,0.35,0.18181818181818182,0.75,0.9090909090909091
20241015,3942.534,3967.871,3855.995,3855.995,24248644800,,2.8241944270401347,-2.659376544615444,-105.34700000000021,,0.6462954565190124,0.7449457116404343,0.5783553519445583,103643,66984,118810,88507,"{""2410"": {""call_vol"": 63976, ""put_vol"": 43980, ""call_oi"": 45798, ""put_oi"": 38649}, ""2411"": {""call_vol"": 28129, ""put_vol"": 14046, ""call_oi"": 30169, ""put_oi"": 22919}, ""2412"": {""call_vol"": 7879, ""put_vol"": 5498, ""call_oi"": 26085, ""put_oi"": 15838}, ""2503"": {""call_vol"": 2690, ""put_vol"": 1708, ""call_oi"": 10303, ""put_oi"": 6162}, ""2506"": {""call_vol"": 597, ""put_vol"": 1240, ""call_oi"": 4677, ""put_oi"": 3027}, ""2509"": {""call_vol"": 372, ""put_vol"": 512, ""call_oi"": 1778, ""put_oi"": 1912}}",0.9451477614708417,0.993048396800883,975931,922399,782841,777399,1079574,989383,0.9164568616880362,901651,865906,0.9603560579425964,28.54,39.03,25.11,25.2,0.6,0.5357142857142857,0.7,0.8928571428571429,0.5,0.23214285714285715,0.9,0.8928571428571429,0.6,0.8392857142857143,0.9,0.875,0.6,0.8392857142857143
20241016,3806.137,3877.748,3805.087,3831.589,21886640700,,1.88436447661369,-0.6329365053637237,-24.40599999999995,,0.7682843192449818,0.6990509803921569,0.8179073659231111,97693,75056,127500,89129,"{""2410"": {""call_vol"": 61789, ""put_vol"": 54584, ""call_oi"": 47644, ""put_oi"": 37805}, ""2411"": {""call_vol"": 25355, ""put_vol"": 13971, ""call_oi"": 35251, ""put_oi"": 24397}, ""2412"": {""call_vol"": 6986, ""put_vol"": 3880, ""call_oi"": 27215, ""put_oi"": 15845}, ""2503"": {""call_vol"": 2433, ""put_vol"": 1295, ""call_oi"": 10713, ""put_oi"": 6083}, ""2506"": {""call_vol"": 687, ""put_vol"": 875, ""call_oi"": 4776, ""put_oi"": 3019}, ""2509"": {""call_vol"": 443, ""put_vol"": 451, ""call_oi"": 1901, ""put_oi"": 1980}}",0.9529433888434061,0.9694979298829765,1052902,1003356,824108,798971,1150595,1078412,0.9372646326465872,951608,888100,0.9332624357928895,26.0,28.0,26.0,27.0,0.85,0.8421052631578947,0.6,0.8596491228070176,0.6,0.3508771929824561,0.95,0.9122807017543859,0.55,0.8070175438596491,0.95,0.9122807017543859,0.55,0.8070175438596491
20241017,3853.841,3882.073,3787.75,3788.222,21231382000,,2.4617201897176306,-1.131828074462049,-43.366999999999734,,0.6486235194243442,0.6897580755387489,0.6312511067371204,98948,64180,131694,90837,"{""2410"": {""call_vol"": 58041, ""put_vol"": 44569, ""call_oi"": 45025, ""put_oi"": 36722}, ""2411"": {""call_vol"": 29207, ""put_vol"": 13011, ""call_oi"": 40145, ""put_oi"": 26947}, ""2412"": {""call_vol"": 7675, ""put_vol"": 3632, ""call_oi"": 28430, ""put_oi"": 16260}, ""2503"": {""call_vol"": 2870, ""put_vol"": 1876, ""call_oi"": 11224, ""put_oi"": 5755}, ""2506"": {""call_vol"": 611, ""put_vol"": 673, ""call_oi"": 4865, ""put_oi"": 3034}, ""2509"": {""call_vol"": 544, ""put_vol"": 419, ""call_oi"": 2005, ""put_oi"": 2119}}",0.9197815071718848,0.9158088853985528,1110517,1021433,855696,783654,1209465,1085613,0.8975976981557962,987390,874491,0.8856591620332391,25.22,26.46,24.21,24.34,0.65,0.5344827586206896,0.55,0.8448275862068966,0.6,0.27586206896551724,0.75,0.7586206896551724,0.4,0.7586206896551724,0.75,0.7586206896551724,0.45,0.7758620689655172
20241018,3780.314,3998.214,3765.162,3925.234,31295883400,,6.152015378190616,3.6167890899741373,137.01199999999972,,0.5235557395286266,0.6623158277385861,0.391764415626966,193265,101185,88029,58303,"{""2410"": {""call_vol"": 80016, ""put_vol"": 51837, ""call_oi"": 0, ""put_oi"": 0}, ""2411"": {""call_vol"": 92202, ""put_vol"": 37434, ""call_oi"": 41767, ""put_oi"": 30411}, ""2412"": {""call_vol"": 15515, ""put_vol"": 8151, ""call_oi"": 28211, ""put_oi"": 16755}, ""2503"": {""call_vol"": 4000, ""put_vol"": 2083, ""call_oi"": 11141, ""put_oi"": 5965}, ""2506"": {""call_vol"": 899, ""put_vol"": 992, ""call_oi"": 4870, ""put_oi"": 3015}, ""2509"": {""call_vol"": 633, ""put_vol"": 688, ""call_oi"": 2040, ""put_oi"": 2157}}",0.6670957986611081,1.0688716797223852,1829274,1220301,783820,837803,2022539,1321486,0.6533797370532781,871849,896106,1.0278224784337655,24.7,40.6,24.2,32.95,0.25,0.1016949152542373,0.5,0.8305084745762712,0.4,0.13559322033898305,0.1,0.03389830508474576,0.7,0.8983050847457628,0.1,0.03389830508474576,0.75,0.9152542372881356
20241021,3946.902,3979.264,3896.165,3935.197,29118563400,,2.117045760838721,0.25381926274969935,9.963000000000193,,0.4491669734904271,0.6635746319174141,0.2924639439056711,86912,39038,94544,62737,"{""2411"": {""call_vol"": 70213, ""put_vol"": 29691, ""call_oi"": 46669, ""put_oi"": 33787}, ""2412"": {""call_vol"": 13279, ""put_vol"": 5817, ""call_oi"": 29009, ""put_oi"": 17331}, ""2501"": {""call_vol"": 231, ""put_vol"": 749, ""call_oi"": 137, ""put_oi"": 241}, ""2503"": {""call_vol"": 2237, ""put_vol"": 1972, ""call_oi"": 11735, ""put_oi"": 6121}, ""2506"": {""call_vol"": 597, ""put_vol"": 540, ""call_oi"": 4939, ""put_oi"": 3048}, ""2509"": {""call_vol"": 355, ""put_vol"": 269, ""call_oi"": 2055, ""put_oi"": 2209}}",0.5846227398752398,1.1210524568484945,1052099,615081,722918,810429,1139011,654119,0.5742868154916854,817462,873166,1.0681426170268464,25.22,26.46,24.21,24.34,0.2,0.06666666666666667,0.5,0.8333333333333334,0.3,0.1,0.05,0.016666666666666666,0.75,0.9166666666666666,0.05,0.016666666666666666,0.75,0.9166666666666666
20241022,3923.744,3965.908,3917.522,3957.776,22343339600,,1.2295699554558506,0.573770512632521,22.578999999999724,,0.5432753177912454,0.6620565974649686,0.3661570809488868,59237,32182,98697,65343,"{""2411"": {""call_vol"": 48206, ""put_vol"": 24247, ""call_oi"": 49328, ""put_oi"": 35502}, ""2412"": {""call_vol"": 7878, ""put_vol"": 4633, ""call_oi"": 29888, ""put_oi"": 17709}, ""2501"": {""call_vol"": 567, ""put_vol"": 476, ""call_oi"": 247, ""put_oi"": 325}, ""2503"": {""call_vol"": 2048, ""put_vol"": 1665, ""call_oi"": 12144, ""put_oi"": 6339}, ""2506"": {""call_vol"": 352, ""put_vol"": 740, ""call_oi"": 5012, ""put_oi"": 3130}, ""2509"": {""call_vol"": 186, ""put_vol"": 421, ""call_oi"": 2078, ""put_oi"": 2338}}",0.7340995883917559,1.1115389330707124,672970,494027,742261,825052,732207,526209,0.7186615260438647,840958,890395,1.0587865267944416,30.87,31.18,28.03,29.13,0.35,0.18333333333333332,0.4,0.8,0.4,0.13333333333333333,0.3,0.11666666666666667,0.7,0.9,0.35,0.13333333333333333,0.7,0.9
20241023,3955.319,4012.18,3939.099,3973.209,24587394900,,1.846516831675155,0.38994121951319016,15.432999999999993,,0.48879837067209775,0.6728610946453271,0.3124129903822241,72668,35520,101220,68107,"{""2411"": {""call_vol"": 58960, ""put_vol"": 27144, ""call_oi"": 49837, ""put_oi"": 37249}, ""2412"": {""call_vol"": 10440, ""put_vol"": 4737, ""call_oi"": 31448, ""put_oi"": 18018}, ""2501"": {""call_vol"": 396, ""put_vol"": 610, ""call_oi"": 374, ""put_oi"": 524}, ""2503"": {""call_vol"": 2088, ""put_vol"": 1591, ""call_oi"": 12356, ""put_oi"": 6628}, ""2506"": {""call_vol"": 455, ""put_vol"": 1003, ""call_oi"": 5080, ""put_oi"": 3269}, ""2509"": {""call_vol"": 329, ""put_vol"": 435, ""call_oi"": 2125, ""put_oi"": 2419}}",0.626936612457556,0.9873126779658623,872916,547263,566471,559284,945584,582783,0.6163207076261865,667691,627391,0.9396427389316315,29.26,30.28,27.4,27.73,0.3,0.1,0.5,0.8333333333333334,0.35,0.11666666666666667,0.15,0.05,0.4,0.8,0.15,0.05,0.4,0.8
20241024,3950.899,3957.983,3914.089,3928.833,17472406200,,1.104749334857548,-1.116880586951241,-44.37599999999975,,0.6621231500091358,0.643699078094112,0.5590896726783546,54730,36238,108254,69683,"{""2411"": {""call_vol"": 44781, ""put_vol"": 28858, ""call_oi"": 55275, ""put_oi"": 38617}, ""2412"": {""call_vol"": 7511, ""put_vol"": 4439, ""call_oi"": 32475, ""put_oi"": 17966}, ""2501"": {""call_vol"": 496, ""put_vol"": 1042, ""call_oi"": 555, ""put_oi"": 582}, ""2503"": {""call_vol"": 1407, ""put_vol"": 1010, ""call_oi"": 12655, ""put_oi"": 6715}, ""2506"": {""call_vol"": 314, ""put_vol"": 655, ""call_oi"": 5130, ""put_oi"": 3368}, ""2509"": {""call_vol"": 221, ""put_vol"": 234, ""call_oi"": 2164, ""put_oi"": 2435}}",0.7106853310124072,0.9548625311488439,481417,342136,603955,576694,536147,378374,0.7057280932281632,712209,646377,0.9075664587220886,27.37438724,27.37438724,26.11074302,26.71420983,0.75,0.6166666666666667,0.25,0.75,0.7,0.23333333333333334,0.3,0.11666666666666667,0.25,0.75,0.4,0.15,0.25,0.75
20241025,3931.321,3992.892,3921.94,3956.421,21069488500,,1.805930666943588,0.7021932466969139,27.587999999999738,,0.4479687542233154,0.6508354522339266,0.3754493380348908,73994,33147,110120,71670,"{""2411"": {""call_vol"": 60595, ""put_vol"": 25578, ""call_oi"": 56210, ""put_oi"": 39744}, ""2412"": {""call_vol"": 10645, ""put_vol"": 4830, ""call_oi"": 33207, ""put_oi"": 18358}, ""2501"": {""call_vol"": 754, ""put_vol"": 655, ""call_oi"": 537, ""put_oi"": 709}, ""2503"": {""call_vol"": 1344, ""put_vol"": 870, ""call_oi"": 12750, ""put_oi"": 6727}, ""2506"": {""call_vol"": 338, ""put_vol"": 743, ""call_oi"": 5191, ""put_oi"": 3650}, ""2509"": {""call_vol"": 318, ""put_vol"": 471, ""call_oi"": 2225, ""put_oi"": 2482}}",0.6288793491874638,1.0023464226912877,765689,481526,608586,610014,839683,514673,0.6129372632290996,718706,681684,0.9484879770031139,26.87543881,30.1580939,26.74078317,27.7,0.2,0.06666666666666667,0.3,0.7666666666666667,0.5,0.16666666666666666,0.2,0.06666666666666667,0.45,0.8166666666666667,0.15,0.05,0.4,0.8
20241028,3953.106,3964.157,3917.204,3964.157,21616041500,,1.1867543924167823,0.1955302532263392,7.736000000000331,,0.5496453075939063,0.6472312590247212,0.42705735164452985,42995,23632,114962,74407,"{""2411"": {""call_vol"": 34209, ""put_vol"": 18815, ""call_oi"": 59347, ""put_oi"": 41581}, ""2412"": {""call_vol"": 6529, ""put_vol"": 2868, ""call_oi"": 34455, ""put_oi"": 18847}, ""2501"": {""call_vol"": 303, ""put_vol"": 362, ""call_oi"": 675, ""put_oi"": 855}, ""2503"": {""call_vol"": 1284, ""put_vol"": 842, ""call_oi"": 13032, ""put_oi"": 6884}, ""2506"": {""call_vol"": 355, ""put_vol"": 525, ""call_oi"": 5184, ""put_oi"": 3739}, ""2509"": {""call_vol"": 315, ""put_vol"": 220, ""call_oi"": 2269, ""put_oi"": 2501}}",0.762508719351621,0.9800240470480176,440113,335590,627104,614577,483108,359222,0.7435645859724948,742066,688984,0.9284672791907997,28.6,30.52,28.6,30.01,0.5,0.25,0.25,0.75,0.7,0.23333333333333334,0.6,0.26666666666666666,0.3,0.7666666666666667,0.6,0.25,0.25,0.75
20241029,3970.008,3991.309,3921.58,3924.649,21729398400,,1.758986841338531,-0.9966305572660317,-39.508000000000266,,0.5053009218295018,0.6527657901708269,0.42444865014210265,62159,31409,117019,76386,"{""2411"": {""call_vol"": 48804, ""put_vol"": 24794, ""call_oi"": 60210, ""put_oi"": 42988}, ""2412"": {""call_vol"": 10110, ""put_vol"": 4571, ""call_oi"": 35325, ""put_oi"": 19352}, ""2501"": {""call_vol"": 679, ""put_vol"": 333, ""call_oi"": 702, ""put_oi"": 903}, ""2503"": {""call_vol"": 2065, ""put_vol"": 990, ""call_oi"": 13295, ""put_oi"": 6798}, ""2506"": {""call_vol"": 335, ""put_vol"": 456, ""call_oi"": 5200, ""put_oi"": 3876}, ""2509"": {""call_vol"": 166, ""put_vol"": 265, ""call_oi"": 2287, ""put_oi"": 2469}}",0.7535048666787421,0.9529207096178708,524485,395202,648969,618416,586644,426611,0.7272059375021308,765988,694802,0.9070664292391003,30.56,31.03,29.58,29.58,0.35,0.13333333333333333,0.3,0.7666666666666667,0.65,0.23333333333333334,0.55,0.25,0.1,0.7,0.5,0.2,0.1,0.7
20241030,3904.16,3926.058,3864.305,3889.449,21943662600,,1.573465550677275,-0.8968954930746675,-35.19999999999982,,0.7477151024680919,0.6272704938170502,0.6929787841801535,49674,37142,122110,76596,"{""2411"": {""call_vol"": 39541, ""put_vol"": 30330, ""call_oi"": 63534, ""put_oi"": 42162}, ""2412"": {""call_vol"": 7424, ""put_vol"": 4644, ""call_oi"": 36474, ""put_oi"": 20028}, ""2501"": {""call_vol"": 346, ""put_vol"": 731, ""call_oi"": 794, ""put_oi"": 964}, ""2503"": {""call_vol"": 1717, ""put_vol"": 750, ""call_oi"": 13693, ""put_oi"": 6900}, ""2506"": {""call_vol"": 412, ""put_vol"": 392, ""call_oi"": 5302, ""put_oi"": 4022}, ""2509"": {""call_vol"": 234, ""put_vol"": 295, ""call_oi"": 2313, ""put_oi"": 2520}}",1.0655742520246738,0.9019176212982212,476620,507874,685954,618674,526294,545016,1.0355732727334912,808064,695270,0.8604145216220498,29.79,30.86,29.79,30.22,0.8,0.8666666666666667,0.05,0.6833333333333333,0.95,0.4166666666666667,1.0,0.9833333333333333,0.05,0.6333333333333333,1.0,0.9833333333333333,0.05,0.6333333333333333
20241031,3888.423,3923.9,3859.108,3891.04,30063671800,,1.6658400714342807,0.04090553700537569,1.5909999999998945,,0.5522448693703159,0.6356356518292634,0.5464305930141694,71385,39422,123629,78583,"{""2411"": {""call_vol"": 59164, ""put_vol"": 32298, ""call_oi"": 64147, ""put_oi"": 43010}, ""2412"": {""call_vol"": 8863, ""put_vol"": 4396, ""call_oi"": 36494, ""put_oi"": 20571}, ""2501"": {""call_vol"": 578, ""put_vol"": 489, ""call_oi"": 926, ""put_oi"": 1073}, ""2503"": {""call_vol"": 1625, ""put_vol"": 891, ""call_oi"": 14021, ""put_oi"": 6936}, ""2506"": {""call_vol"": 520, ""put_vol"": 845, ""call_oi"": 5461, ""put_oi"": 4371}, ""2509"": {""call_vol"": 635, ""put_vol"": 503, ""call_oi"": 2580, ""put_oi"": 2622}}",0.6917036691480374,0.9207257071655172,703106,486341,671731,618480,774491,525763,0.6788497219464138,795360,697063,0.8764119392476363,30.49,33.71,30.49,31.98,0.45,0.2833333333333333,0.1,0.6833333333333333,0.7,0.2833333333333333,0.25,0.11666666666666667,0.15,0.6666666666666666,0.25,0.13333333333333333,0.1,0.65
20241101,3882.458,3933.22,3879.959,3890.02,30798648100,,1.36881142316707,-0.026214071302277375,-1.0199999999999818,,0.5034002896543038,0.6443223970324892,0.4482005166298898,63524,31978,125088,80597,"{""2411"": {""call_vol"": 51180, ""put_vol"": 25645, ""call_oi"": 64680, ""put_oi"": 44083}, ""2412"": {""call_vol"": 9871, ""put_vol"": 4298, ""call_oi"": 37260, ""put_oi"": 21069}, ""2501"": {""call_vol"": 464, ""put_vol"": 559, ""call_oi"": 979, ""put_oi"": 1188}, ""2503"": {""call_vol"": 1334, ""put_vol"": 532, ""call_oi"": 13998, ""put_oi"": 6978}, ""2506"": {""call_vol"": 408, ""put_vol"": 561, ""call_oi"": 5515, ""put_oi"": 4551}, ""2509"": {""call_vol"": 267, ""put_vol"": 383, ""call_oi"": 2656, ""put_oi"": 2728}}",0.6864000857489299,0.9205897191876431,597092,409844,679849,625862,660616,441822,0.6688030565411677,804937,706459,0.8776575061153854,32.3,33.95,32.3,32.64,0.2,0.13333333333333333,0.2,0.7,0.6,0.26666666666666666,0.25,0.11666666666666667,0.15,0.65,0.25,0.13333333333333333,0.15,0.65
20241104,3897.714,3944.762,3891.211,3944.762,22923906000,,1.3766253129804058,1.4072421221484666,54.74200000000019,,0.5526873699501393,0.6403496579097747,0.49068294025054576,50942,28155,129498,82924,"{""2411"": {""call_vol"": 41426, ""put_vol"": 22948, ""call_oi"": 66861, ""put_oi"": 45656}, ""2412"": {""call_vol"": 7978, ""put_vol"": 3672, ""call_oi"": 39084, ""put_oi"": 21597}, ""2501"": {""call_vol"": 277, ""put_vol"": 275, ""call_oi"": 1082, ""put_oi"": 1232}, ""2503"": {""call_vol"": 867, ""put_vol"": 634, ""call_oi"": 14182, ""put_oi"": 7003}, ""2506"": {""call_vol"": 181, ""put_vol"": 320, ""call_oi"": 5555, ""put_oi"": 4635}, ""2509"": {""call_vol"": 213, ""put_vol"": 306, ""call_oi"": 2734, ""put_oi"": 2801}}",0.7990653970046326,0.9266527313225789,396746,317026,685547,635264,447688,345181,0.7710302710816461,815045,718188,0.8811636167328184,25.22,26.46,24.21,24.34,0.5,0.3,0.15,0.6666666666666666,0.65,0.3,0.65,0.43333333333333335,0.25,0.6833333333333333,0.65,0.4,0.2,0.65
20241105,3937.623,4046.698,3925.414,4044.573,31686279400,,3.0745581102231174,2.5302160181019717,99.8109999999997,,0.45016280202057085,0.6849115916546784,0.3119327803990705,131448,59173,131379,89983,"{""2411"": {""call_vol"": 102583, ""put_vol"": 43735, ""call_oi"": 65877, ""put_oi"": 49282}, ""2412"": {""call_vol"": 24492, ""put_vol"": 12480, ""call_oi"": 41459, ""put_oi"": 24513}, ""2501"": {""call_vol"": 613, ""put_vol"": 682, ""call_oi"": 1204, ""put_oi"": 1355}, ""2503"": {""call_vol"": 2512, ""put_vol"": 1150, ""call_oi"": 14436, ""put_oi"": 7067}, ""2506"": {""call_vol"": 844, ""put_vol"": 792, ""call_oi"": 5583, ""put_oi"": 4885}, ""2509"": {""call_vol"": 404, ""put_vol"": 334, ""call_oi"": 2820, ""put_oi"": 2881}}",0.6197233644859813,0.95820762508621,936250,580216,704674,675224,1067698,639389,0.5988481761696659,836053,765207,0.9152613530481919,24.7,40.6,24.2,32.95,0.15,0.1,0.65,0.8333333333333334,0.1,0.11666666666666667,0.1,0.03333333333333333,0.4,0.7166666666666667,0.1,0.03333333333333333,0.4,0.7333333333333333
20241106,4051.289,4091.703,4002.503,4024.283,33580793800,,2.205424404504501,-0.5016598785582582,-20.289999999999964,,0.4624139334831938,0.6817852227828995,0.30380810228807326,112994,52250,135154,92146,"{""2411"": {""call_vol"": 85774, ""put_vol"": 40652, ""call_oi"": 66349, ""put_oi"": 49373}, ""2412"": {""call_vol"": 22594, ""put_vol"": 8900, ""call_oi"": 43947, ""put_oi"": 26005}, ""2501"": {""call_vol"": 798, ""put_vol"": 457, ""call_oi"": 1329, ""put_oi"": 1414}, ""2503"": {""call_vol"": 2704, ""put_vol"": 1179, ""call_oi"": 14959, ""put_oi"": 7203}, ""2506"": {""call_vol"": 750, ""put_vol"": 619, ""call_oi"": 5658, ""put_oi"": 5092}, ""2509"": {""call_vol"": 374, ""put_vol"": 443, ""call_oi"": 2912, ""put_oi"": 3059}}",0.6790178835566771,0.9643783503371952,726757,493481,717092,691548,839751,545731,0.6498724026526911,852246,783694,0.9195631308331162,25.22,26.46,24.21,24.34,0.2,0.11666666666666667,0.65,0.8166666666666667,0.1,0.11666666666666667,0.3,0.13333333333333333,0.45,0.7166666666666667,0.25,0.1,0.45,0.7333333333333333
20241107,3987.267,4146.151,3984.665,4145.695,34143641400,,4.012789358998855,3.016984640493714,121.41199999999981,,0.5047904489904357,0.6951216791951997,0.27726068183112973,120448,60801,134493,93489,"{""2411"": {""call_vol"": 90991, ""put_vol"": 44373, ""call_oi"": 66052, ""put_oi"": 50241}, ""2412"": {""call_vol"": 25427, ""put_vol"": 12585, ""call_oi"": 42956, ""put_oi"": 26235}, ""2501"": {""call_vol"": 843, ""put_vol"": 935, ""call_oi"": 1497, ""put_oi"": 1599}, ""2503"": {""call_vol"": 2145, ""put_vol"": 1587, ""call_oi"": 15237, ""put_oi"": 7263}, ""2506"": {""call_vol"": 639, ""put_vol"": 801, ""call_oi"": 5790, ""put_oi"": 5132}, ""2509"": {""call_vol"": 403, ""put_vol"": 520, ""call_oi"": 2961, ""put_oi"": 3019}}",0.7182783260459383,1.0078254748252082,883489,634591,731585,737310,1003937,695392,0.6926649779816861,866078,830799,0.9592657936121227,30.87,31.18,28.03,29.13,0.35,0.18333333333333332,0.8,0.85,0.05,0.06666666666666667,0.5,0.21666666666666667,0.75,0.8166666666666667,0.45,0.2,0.7,0.8
20241108,4192.079,4200.908,4094.163,4104.047,33235038500,,2.574839683092952,-1.004608394973583,-41.64800000000014,,0.4824138312280605,0.6908987626628602,0.2716328377117975,144716,69813,137311,94868,"{""2411"": {""call_vol"": 108939, ""put_vol"": 51457, ""call_oi"": 65274, ""put_oi"": 49757}, ""2412"": {""call_vol"": 28932, ""put_vol"": 12595, ""call_oi"": 45707, ""put_oi"": 27285}, ""2501"": {""call_vol"": 1873, ""put_vol"": 2116, ""call_oi"": 1992, ""put_oi"": 2097}, ""2503"": {""call_vol"": 3364, ""put_vol"": 1735, ""call_oi"": 15359, ""put_oi"": 7480}, ""2506"": {""call_vol"": 1187, ""put_vol"": 1237, ""call_oi"": 5952, ""put_oi"": 5198}, ""2509"": {""call_vol"": 421, ""put_vol"": 673, ""call_oi"": 3027, ""put_oi"": 3051}}",0.6300994400474895,0.963622891213317,840607,529666,754403,726960,985323,599479,0.6084086132161738,891714,821828,0.9216273379132771,29.26,30.28,27.4,27.73,0.25,0.15,0.8,0.8333333333333334,0.05,0.06666666666666667,0.25,0.1,0.45,0.6833333333333333,0.15,0.06666666666666667,0.5,0.7166666666666667
20241111,4066.934,4132.511,4048.039,4131.131,28959422700,,2.058261028687055,0.6599339627445966,27.084000000000742,,0.5676914297942152,0.6850396581496766,0.3942891777677771,112156,63670,136668,93623,"{""2411"": {""call_vol"": 81997, ""put_vol"": 46953, ""call_oi"": 59661, ""put_oi"": 46638}, ""2412"": {""call_vol"": 24107, ""put_vol"": 11977, ""call_oi"": 49889, ""put_oi"": 29070}, ""2501"": {""call_vol"": 1564, ""put_vol"": 1147, ""call_oi"": 2053, ""put_oi"": 2142}, ""2503"": {""call_vol"": 3134, ""put_vol"": 1690, ""call_oi"": 15808, ""put_oi"": 7621}, ""2506"": {""call_vol"": 888, ""put_vol"": 1141, ""call_oi"": 6143, ""put_oi"": 5083}, ""2509"": {""call_vol"": 466, ""put_vol"": 762, ""call_oi"": 3114, ""put_oi"": 3069}}",0.7722667757037586,1.0069494516847646,777717,600605,743368,748534,889873,664275,0.746482925091558,880036,842157,0.9569574426500734,27.88,27.88,27.7,27.7,0.75,0.4166666666666667,0.75,0.8,0.5,0.2833333333333333,0.75,0.43333333333333335,0.8,0.8,0.75,0.38333333333333336,0.75,0.7833333333333333
20241112,4133.353,4181.71,4060.794,4085.743,29777808600,,2.926946640036352,-1.098682176866339,-45.388000000000375,,0.5384395937596792,0.6672842141828471,0.37104796819318464,122686,66059,138181,92206,"{""2411"": {""call_vol"": 91668, ""put_vol"": 47231, ""call_oi"": 57046, ""put_oi"": 42657}, ""2412"": {""call_vol"": 25792, ""put_vol"": 13884, ""call_oi"": 53547, ""put_oi"": 31005}, ""2501"": {""call_vol"": 1209, ""put_vol"": 1392, ""call_oi"": 2343, ""put_oi"": 2355}, ""2503"": {""call_vol"": 2587, ""put_vol"": 1397, ""call_oi"": 15973, ""put_oi"": 7876}, ""2506"": {""call_vol"": 1086, ""put_vol"": 1066, ""call_oi"": 6184, ""put_oi"": 5097}, ""2509"": {""call_vol"": 344, ""put_vol"": 1089, ""call_oi"": 3088, ""put_oi"": 3216}}",0.8135311480308297,0.9648643497045556,796503,647980,755472,728928,919189,714039,0.776814126365742,893653,821134,0.9188510529254643,27.9,27.93,25.36,26.28,0.55,0.3,0.6,0.7333333333333333,0.4,0.23333333333333334,0.85,0.6166666666666667,0.55,0.6833333333333333,0.85,0.48333333333333334,0.45,0.6666666666666666
20241113,4059.59,4121.074,4059.59,4110.89,24048409900,,1.5048425708616393,0.6154816883979342,25.14700000000039,,0.6676931367643096,0.6696019369901709,0.4810076639389254,77937,52038,138772,92922,"{""2411"": {""call_vol"": 54962, ""put_vol"": 39422, ""call_oi"": 54211, ""put_oi"": 41801}, ""2412"": {""call_vol"": 19019, ""put_vol"": 9689, ""call_oi"": 56458, ""put_oi"": 32241}, ""2501"": {""call_vol"": 1339, ""put_vol"": 699, ""call_oi"": 2529, ""put_oi"": 2446}, ""2503"": {""call_vol"": 1611, ""put_vol"": 1058, ""call_oi"": 16139, ""put_oi"": 8286}, ""2506"": {""call_vol"": 544, ""put_vol"": 626, ""call_oi"": 6243, ""put_oi"": 4926}, ""2509"": {""call_vol"": 462, ""put_vol"": 544, ""call_oi"": 3192, ""put_oi"": 3222}}",0.9302726638947736,0.989739436032259,517817,481711,743234,735608,595754,533749,0.8959218066517388,882006,828530,0.9393700269612678,26.2,26.37,25.49,25.49,0.95,0.75,0.65,0.7333333333333333,0.75,0.4,0.95,0.9,0.7,0.75,0.9,0.85,0.65,0.7333333333333333
20241114,4101.223,4118.169,4034.944,4039.619,23015278400,,2.024500777203961,-1.733712164519119,-71.27100000000019,,0.708002221894732,0.6460109964093357,0.5688252582736196,88213,62455,142592,92116,"{""2411"": {""call_vol"": 64160, ""put_vol"": 47547, ""call_oi"": 53826, ""put_oi"": 38770}, ""2412"": {""call_vol"": 20099, ""put_vol"": 11937, ""call_oi"": 60243, ""put_oi"": 34208}, ""2501"": {""call_vol"": 1532, ""put_vol"": 1246, ""call_oi"": 2731, ""put_oi"": 2651}, ""2503"": {""call_vol"": 1629, ""put_vol"": 921, ""call_oi"": 16287, ""put_oi"": 8426}, ""2506"": {""call_vol"": 609, ""put_vol"": 513, ""call_oi"": 6276, ""put_oi"": 4785}, ""2509"": {""call_vol"": 184, ""put_vol"": 291, ""call_oi"": 3229, ""put_oi"": 3276}}",1.0003135381141164,0.9226025154567692,519873,520036,778785,718509,608086,582491,0.9579089141996362,921377,810625,0.8797973033839568,25.04,25.04,23.97,24.88,0.95,0.8166666666666667,0.3,0.5833333333333334,0.95,0.48333333333333334,0.95,0.9666666666666667,0.2,0.5333333333333333,0.95,0.9666666666666667,0.2,0.5166666666666667
20241115,4025.648,4049.071,3968.831,3968.831,24739946300,,1.9863259381639649,-1.7523434759565193,-70.78800000000001,,0.6607387560591496,0.5937270533934753,0.6838732883843418,97786,64611,95330,56600,"{""2411"": {""call_vol"": 56878, ""put_vol"": 39521, ""call_oi"": 0, ""put_oi"": 0}, ""2412"": {""call_vol"": 36305, ""put_vol"": 21379, ""call_oi"": 66098, ""put_oi"": 36928}, ""2501"": {""call_vol"": 1128, ""put_vol"": 1014, ""call_oi"": 2987, ""put_oi"": 2912}, ""2503"": {""call_vol"": 2452, ""put_vol"": 1528, ""call_oi"": 16617, ""put_oi"": 8589}, ""2506"": {""call_vol"": 646, ""put_vol"": 599, ""call_oi"": 6351, ""put_oi"": 4872}, ""2509"": {""call_vol"": 377, ""put_vol"": 570, ""call_oi"": 3277, ""put_oi"": 3299}}",1.2344527519477255,0.8539422777497071,636640,785902,825297,704756,734426,850513,1.1580649377881502,920627,761356,0.8269972529591246,25.24,25.64,24.48,24.96,0.8,0.7333333333333333,0.05,0.48333333333333334,0.95,0.55,1.0,1.0,0.05,0.45,1.0,1.0,0.05,0.45
20241118,3982.104,4034.06,3931.187,3950.381,30677794600,,2.592022688796778,-0.46487240197429225,-18.450000000000273,,0.6446165111315375,0.5964465507747975,0.6536636575198537,64187,41376,101704,60661,"{""2412"": {""call_vol"": 57477, ""put_vol"": 37033, ""call_oi"": 70979, ""put_oi"": 40382}, ""2501"": {""call_vol"": 2610, ""put_vol"": 1627, ""call_oi"": 3815, ""put_oi"": 3276}, ""2502"": {""call_vol"": 509, ""put_vol"": 358, ""call_oi"": 193, ""put_oi"": 131}, ""2503"": {""call_vol"": 2588, ""put_vol"": 1479, ""call_oi"": 17043, ""put_oi"": 8728}, ""2506"": {""call_vol"": 751, ""put_vol"": 575, ""call_oi"": 6341, ""put_oi"": 4854}, ""2509"": {""call_vol"": 252, ""put_vol"": 304, ""call_oi"": 3333, ""put_oi"": 3290}}",0.9712461671741155,0.8426788023535634,834567,810570,828191,697899,898754,851946,0.9479190078708968,929895,758560,0.8157480145607837,25.8,26.5,25.26,26.36,0.75,0.6666666666666666,0.1,0.48333333333333334,0.9,0.55,0.85,0.9333333333333333,0.05,0.43333333333333335,0.85,0.9333333333333333,0.05,0.43333333333333335
20241119,3954.604,3979.151,3896.749,3976.891,24294646500,,2.085925382893449,0.6710745115471095,26.51000000000022,,0.5481201966350481,0.5784293642221312,0.6020603846431,57772,31666,107396,62121,"{""2412"": {""call_vol"": 52049, ""put_vol"": 28295, ""call_oi"": 74991, ""put_oi"": 41364}, ""2501"": {""call_vol"": 1675, ""put_vol"": 862, ""call_oi"": 4284, ""put_oi"": 3460}, ""2502"": {""call_vol"": 158, ""put_vol"": 149, ""call_oi"": 250, ""put_oi"": 178}, ""2503"": {""call_vol"": 2559, ""put_vol"": 1047, ""call_oi"": 17897, ""put_oi"": 8745}, ""2506"": {""call_vol"": 1074, ""put_vol"": 764, ""call_oi"": 6604, ""put_oi"": 4953}, ""2509"": {""call_vol"": 257, ""put_vol"": 549, ""call_oi"": 3370, ""put_oi"": 3421}}",1.125510314319505,0.8236338014087491,703488,791783,840178,691999,761260,823449,1.0816921945196123,947574,754120,0.7958428576554443,26.6,27.06,26.2,26.36,0.5,0.3333333333333333,0.05,0.36666666666666664,0.85,0.5166666666666667,0.95,0.9833333333333333,0.05,0.4166666666666667,0.95,0.9833333333333333,0.05,0.4166666666666667
20241120,3966.124,4001.085,3958.338,3985.773,18459937200,,1.074884878665265,0.22334029270603128,8.882000000000062,,0.5159058812265122,0.5820683111954459,0.4850946622682876,41777,21553,109616,63804,"{""2412"": {""call_vol"": 37038, ""put_vol"": 18155, ""call_oi"": 76242, ""put_oi"": 42357}, ""2501"": {""call_vol"": 1655, ""put_vol"": 1291, ""call_oi"": 4531, ""put_oi"": 3952}, ""2502"": {""call_vol"": 442, ""put_vol"": 470, ""call_oi"": 330, ""put_oi"": 272}, ""2503"": {""call_vol"": 1724, ""put_vol"": 659, ""call_oi"": 18255, ""put_oi"": 8820}, ""2506"": {""call_vol"": 667, ""put_vol"": 631, ""call_oi"": 6850, ""put_oi"": 4973}, ""2509"": {""call_vol"": 251, ""put_vol"": 347, ""call_oi"": 3408, ""put_oi"": 3430}}",0.9128722179896581,0.8694371454332994,555219,506844,801859,697166,596996,528397,0.8850930324491286,911475,760970,0.8348775336679558,26.62,26.66,24.81,24.81,0.4,0.23333333333333334,0.1,0.38333333333333336,0.6,0.4166666666666667,0.7,0.75,0.2,0.45,0.7,0.7333333333333333,0.2,0.45
20241121,3979.455,3999.569,3966.066,3989.298,16612592700,,0.8405646784199741,0.08843955739574749,3.524999999999636,,0.5264346576326866,0.5770027991354569,0.5405056886619667,38964,20512,112892,65139,"{""2412"": {""call_vol"": 33928, ""put_vol"": 16751, ""call_oi"": 78569, ""put_oi"": 43327}, ""2501"": {""call_vol"": 2356, ""put_vol"": 1726, ""call_oi"": 4948, ""put_oi"": 4153}, ""2502"": {""call_vol"": 261, ""put_vol"": 459, ""call_oi"": 370, ""put_oi"": 475}, ""2503"": {""call_vol"": 1610, ""put_vol"": 756, ""call_oi"": 18586, ""put_oi"": 8793}, ""2506"": {""call_vol"": 509, ""put_vol"": 504, ""call_oi"": 6933, ""put_oi"": 4911}, ""2509"": {""call_vol"": 300, ""put_vol"": 316, ""call_oi"": 3486, ""put_oi"": 3480}}",0.9004867911315917,0.8706793691155674,442695,398641,805409,701253,481659,419153,0.8702276922054815,918301,766392,0.8345760268147372,24.23,24.33,22.97,23.12,0.45,0.2833333333333333,0.05,0.36666666666666664,0.7,0.45,0.65,0.7,0.25,0.45,0.65,0.7166666666666667,0.2,0.43333333333333335
20241122,3984.244,3990.265,3865.699,3865.699,21628580900,,3.1225042601480215,-3.098264406419371,-123.5989999999997,,0.6742584660147094,0.5664715647515873,0.853082344047109,61865,41713,116862,66199,"{""2412"": {""call_vol"": 53760, ""put_vol"": 36124, ""call_oi"": 81258, ""put_oi"": 43263}, ""2501"": {""call_vol"": 3863, ""put_vol"": 2106, ""call_oi"": 5560, ""put_oi"": 4426}, ""2502"": {""call_vol"": 342, ""put_vol"": 596, ""call_oi"": 459, ""put_oi"": 667}, ""2503"": {""call_vol"": 2913, ""put_vol"": 1839, ""call_oi"": 18982, ""put_oi"": 9354}, ""2506"": {""call_vol"": 585, ""put_vol"": 705, ""call_oi"": 7041, ""put_oi"": 4990}, ""2509"": {""call_vol"": 402, ""put_vol"": 343, ""call_oi"": 3562, ""put_oi"": 3499}}",0.9680829386098107,0.7966049781311036,760659,736381,874987,697019,822524,778094,0.9459833390879779,991849,763218,0.7694901139185502,23.33,24.19,22.05,24.19,0.9,0.8,0.05,0.31666666666666665,1.0,0.7166666666666667,0.75,0.9,0.05,0.36666666666666664,0.75,0.9,0.05,0.36666666666666664
20241125,3875.613,3889.707,3812.318,3848.091,19070295300,,2.001940658080199,-0.45549330147018896,-17.608000000000175,,0.8513985138181515,0.5565080044094177,1.2292163410284325,59885,50986,121558,67648,"{""2412"": {""call_vol"": 50766, ""put_vol"": 44136, ""call_oi"": 83761, ""put_oi"": 43860}, ""2501"": {""call_vol"": 3788, ""put_vol"": 2595, ""call_oi"": 6562, ""put_oi"": 4837}, ""2502"": {""call_vol"": 675, ""put_vol"": 568, ""call_oi"": 656, ""put_oi"": 841}, ""2503"": {""call_vol"": 3381, ""put_vol"": 2756, ""call_oi"": 19868, ""put_oi"": 9526}, ""2506"": {""call_vol"": 804, ""put_vol"": 627, ""call_oi"": 7092, ""put_oi"": 5056}, ""2509"": {""call_vol"": 471, ""put_vol"": 304, ""call_oi"": 3619, ""put_oi"": 3528}}",1.1748800487828361,0.7649127946228118,747804,878580,873914,668468,807689,929566,1.1508959512881816,995472,736116,0.7394642943247023,25.1,25.1,23.41,24.32,1.0,0.9833333333333333,0.05,0.2833333333333333,1.0,0.9,0.95,0.9833333333333333,0.05,0.3333333333333333,0.95,0.9833333333333333,0.05,0.3333333333333333
20241126,3836.259,3875.229,3833.284,3840.185,14989244100,,1.0900210000231207,-0.20545252178287843,-7.905999999999949,,0.7368657862001429,0.5575610069561585,0.9786883710238106,37783,27841,124494,69413,"{""2412"": {""call_vol"": 32354, ""put_vol"": 24649, ""call_oi"": 85559, ""put_oi"": 45077}, ""2501"": {""call_vol"": 2336, ""put_vol"": 1083, ""call_oi"": 7103, ""put_oi"": 5038}, ""2502"": {""call_vol"": 559, ""put_vol"": 246, ""call_oi"": 751, ""put_oi"": 957}, ""2503"": {""call_vol"": 1685, ""put_vol"": 993, ""call_oi"": 20176, ""put_oi"": 9579}, ""2506"": {""call_vol"": 491, ""put_vol"": 567, ""call_oi"": 7227, ""put_oi"": 5157}, ""2509"": {""call_vol"": 358, ""put_vol"": 303, ""call_oi"": 3678, ""put_oi"": 3605}}",1.0624503826721248,0.7820493757120177,515193,547367,874276,683727,552976,575208,1.040204276496629,998770,753140,0.7540675030287254,24.58,24.63,23.13,23.98,0.9,0.8666666666666667,0.1,0.3,0.95,0.7833333333333333,0.8,0.9333333333333333,0.1,0.3333333333333333,0.85,0.95,0.1,0.3333333333333333
20241127,3829.344,3907.164,3817.913,3907.045,17413609600,,2.324132821726042,1.7410619540464856,66.86000000000013,,0.5994819013178483,0.560490311007608,0.6616875806212862,57518,34481,127103,71240,"{""2412"": {""call_vol"": 50078, ""put_vol"": 30305, ""call_oi"": 86366, ""put_oi"": 46497}, ""2501"": {""call_vol"": 3508, ""put_vol"": 2150, ""call_oi"": 7912, ""put_oi"": 5588}, ""2502"": {""call_vol"": 800, ""put_vol"": 346, ""call_oi"": 899, ""put_oi"": 944}, ""2503"": {""call_vol"": 2238, ""put_vol"": 1109, ""call_oi"": 20870, ""put_oi"": 9470}, ""2506"": {""call_vol"": 579, ""put_vol"": 363, ""call_oi"": 7353, ""put_oi"": 5155}, ""2509"": {""call_vol"": 315, ""put_vol"": 208, ""call_oi"": 3703, ""put_oi"": 3586}}",0.8743259185519864,0.9660346384306,727286,635885,548235,529614,784804,670366,0.8541827003939837,675338,600854,0.8897085607503206,24.3,25.12,23.9,24.13,0.65,0.48333333333333334,0.15,0.3333333333333333,0.8,0.6166666666666667,0.5,0.6333333333333333,0.85,0.6666666666666666,0.5,0.6333333333333333,0.65,0.5666666666666667
20241128,3904.253,3908.392,3866.014,3872.551,15011729100,,1.0846560508005334,-0.8828667189653583,-34.49400000000014,,0.6122333969134732,0.5589981024667932,0.6423880613632088,46136,28246,131750,73648,"{""2412"": {""call_vol"": 40549, ""put_vol"": 25254, ""call_oi"": 89744, ""put_oi"": 48340}, ""2501"": {""call_vol"": 2833, ""put_vol"": 1267, ""call_oi"": 8626, ""put_oi"": 5798}, ""2502"": {""call_vol"": 462, ""put_vol"": 232, ""call_oi"": 939, ""put_oi"": 980}, ""2503"": {""call_vol"": 1661, ""put_vol"": 839, ""call_oi"": 21178, ""put_oi"": 9706}, ""2506"": {""call_vol"": 495, ""put_vol"": 446, ""call_oi"": 7533, ""put_oi"": 5203}, ""2509"": {""call_vol"": 136, ""put_vol"": 208, ""call_oi"": 3730, ""put_oi"": 3621}}",0.8709184784697578,0.9151833439363035,390265,339889,609892,558163,436401,368135,0.8435704776111879,741642,631811,0.8519083331310794,24.38,24.39,22.86,23.01,0.65,0.55,0.15,0.31666666666666665,0.7,0.6,0.45,0.6166666666666667,0.45,0.45,0.45,0.6,0.45,0.43333333333333335
20241129,3869.89,3962.7,3869.89,3916.583,18765671300,,2.396611432618962,1.137028279291874,44.03200000000015,,0.44472907501252995,0.5816503173687247,0.444979275588613,89785,39930,131708,76608,"{""2412"": {""call_vol"": 79908, ""put_vol"": 33605, ""call_oi"": 88757, ""put_oi"": 50524}, ""2501"": {""call_vol"": 5605, ""put_vol"": 2616, ""call_oi"": 9084, ""put_oi"": 6237}, ""2502"": {""call_vol"": 712, ""put_vol"": 814, ""call_oi"": 1050, ""put_oi"": 1153}, ""2503"": {""call_vol"": 2532, ""put_vol"": 2067, ""call_oi"": 21485, ""put_oi"": 9735}, ""2506"": {""call_vol"": 782, ""put_vol"": 502, ""call_oi"": 7543, ""put_oi"": 5255}, ""2509"": {""call_vol"": 246, ""put_vol"": 326, ""call_oi"": 3789, ""put_oi"": 3704}}",0.7232144091916127,0.9537124931634302,723094,522952,636284,606832,812879,562882,0.6924548426026506,767992,683440,0.8899051031781581,23.22,26.23,23.14,23.79,0.05,0.06666666666666667,0.4,0.4166666666666667,0.35,0.36666666666666664,0.25,0.26666666666666666,0.6,0.5666666666666667,0.2,0.21666666666666667,0.65,0.5666666666666667
20241202,3909.703,3955.125,3902.17,3947.632,19728978400,,1.352071435738753,0.7927573601784976,31.048999999999978,,0.42151729353928497,0.5780504176610979,0.37469077784455884,68754,28981,134080,77505,"{""2412"": {""call_vol"": 59497, ""put_vol"": 24239, ""call_oi"": 89556, ""put_oi"": 50705}, ""2501"": {""call_vol"": 5897, ""put_vol"": 2502, ""call_oi"": 9992, ""put_oi"": 6515}, ""2502"": {""call_vol"": 339, ""put_vol"": 523, ""call_oi"": 1140, ""put_oi"": 1360}, ""2503"": {""call_vol"": 2071, ""put_vol"": 1000, ""call_oi"": 22011, ""put_oi"": 9954}, ""2506"": {""call_vol"": 697, ""put_vol"": 462, ""call_oi"": 7593, ""put_oi"": 5276}, ""2509"": {""call_vol"": 253, ""put_vol"": 255, ""call_oi"": 3788, ""put_oi"": 3695}}",0.731762269502385,0.9905284910642532,488671,357591,627144,621204,557425,386572,0.6934959860070862,761224,698709,0.9178756844240329,24.16,25.39,24.1,24.54,0.05,0.05,0.35,0.38333333333333336,0.3,0.25,0.3,0.2833333333333333,0.9,0.75,0.3,0.26666666666666666,0.7,0.6333333333333333
20241203,3946.703,3963.947,3922.843,3951.891,18249686700,,1.0412318068148265,0.10788746266114924,4.2590000000000146,,0.4808757888256118,0.5716204413847769,0.4597390429578228,51976,24994,136253,77885,"{""2412"": {""call_vol"": 45797, ""put_vol"": 21969, ""call_oi"": 90551, ""put_oi"": 50549}, ""2501"": {""call_vol"": 3382, ""put_vol"": 1239, ""call_oi"": 10598, ""put_oi"": 6713}, ""2502"": {""call_vol"": 262, ""put_vol"": 223, ""call_oi"": 1189, ""put_oi"": 1415}, ""2503"": {""call_vol"": 1726, ""put_vol"": 720, ""call_oi"": 22295, ""put_oi"": 10047}, ""2506"": {""call_vol"": 478, ""put_vol"": 372, ""call_oi"": 7760, ""put_oi"": 5357}, ""2509"": {""call_vol"": 331, ""put_vol"": 471, ""call_oi"": 3860, ""put_oi"": 3804}}",0.9380231041628856,0.991505945521547,473854,444486,631736,626370,525830,469480,0.8928360877089554,767989,704255,0.9170118322007216,24.84,25.17,24.29,24.81,0.2,0.18333333333333332,0.3,0.35,0.4,0.4166666666666667,0.65,0.8,0.9,0.75,0.6,0.7333333333333333,0.65,0.6166666666666667
20241204,3948.13,3957.365,3917.747,3930.557,17462631800,,1.002507407213406,-0.5398428246123244,-21.334000000000287,,0.5522350206065729,0.5749290444654683,0.5453197768286866,47315,26129,137410,79001,"{""2412"": {""call_vol"": 40753, ""put_vol"": 22924, ""call_oi"": 91349, ""put_oi"": 51253}, ""2501"": {""call_vol"": 4171, ""put_vol"": 1919, ""call_oi"": 10737, ""put_oi"": 6997}, ""2502"": {""call_vol"": 242, ""put_vol"": 213, ""call_oi"": 1225, ""put_oi"": 1452}, ""2503"": {""call_vol"": 1368, ""put_vol"": 701, ""call_oi"": 22160, ""put_oi"": 10072}, ""2506"": {""call_vol"": 416, ""put_vol"": 143, ""call_oi"": 7910, ""put_oi"": 5373}, ""2509"": {""call_vol"": 365, ""put_vol"": 229, ""call_oi"": 4029, ""put_oi"": 3854}}",0.9544944748044675,0.9719496711925203,405687,387226,649012,630807,453002,413355,0.9124794151019201,786422,709808,0.9025790224586799,25.07,25.3,24.75,24.88,0.5,0.45,0.35,0.35,0.55,0.5166666666666667,0.65,0.85,0.75,0.6666666666666666,0.65,0.7833333333333333,0.65,0.5333333333333333
20241205,3916.564,3936.336,3910.083,3921.588,13853403800,,0.6679206026016085,-0.2281864885816387,-8.968999999999596,,0.5127582017010935,0.5657804752949223,0.527098752847929,37858,19412,140376,79422,"{""2412"": {""call_vol"": 32754, ""put_vol"": 17052, ""call_oi"": 92810, ""put_oi"": 51151}, ""2501"": {""call_vol"": 2989, ""put_vol"": 1280, ""call_oi"": 11651, ""put_oi"": 7312}, ""2502"": {""call_vol"": 115, ""put_vol"": 137, ""call_oi"": 1241, ""put_oi"": 1486}, ""2503"": {""call_vol"": 1060, ""put_vol"": 438, ""call_oi"": 22401, ""put_oi"": 10125}, ""2506"": {""call_vol"": 510, ""put_vol"": 283, ""call_oi"": 8031, ""put_oi"": 5402}, ""2509"": {""call_vol"": 430, ""put_vol"": 222, ""call_oi"": 4242, ""put_oi"": 3946}}",0.8922536987805182,0.9514037295298784,360727,321860,669146,636628,398585,341272,0.8562088387671387,809522,716050,0.8845343301355615,25.09,25.14,24.04,24.04,0.25,0.2833333333333333,0.25,0.3,0.45,0.5,0.4,0.6333333333333333,0.55,0.48333333333333334,0.4,0.6166666666666667,0.55,0.4666666666666667
20241206,3923.895,3995.117,3923.895,3973.141,19205790700,,1.8161520282089858,1.3145950059006761,51.552999999999884,,0.4524339426082015,0.5673592354041138,0.36589157043606474,84472,38218,144390,81921,"{""2412"": {""call_vol"": 73752, ""put_vol"": 31951, ""call_oi"": 95349, ""put_oi"": 52010}, ""2501"": {""call_vol"": 6560, ""put_vol"": 3245, ""call_oi"": 12544, ""put_oi"": 8300}, ""2502"": {""call_vol"": 297, ""put_vol"": 366, ""call_oi"": 1268, ""put_oi"": 1574}, ""2503"": {""call_vol"": 2833, ""put_vol"": 1514, ""call_oi"": 22911, ""put_oi"": 10477}, ""2506"": {""call_vol"": 753, ""put_vol"": 843, ""call_oi"": 8037, ""put_oi"": 5603}, ""2509"": {""call_vol"": 277, ""put_vol"": 299, ""call_oi"": 4281, ""put_oi"": 3957}}",0.7263116753128565,1.003608251243394,693369,503602,674565,676999,777841,541820,0.6965690931694266,818955,758920,0.9266931638490515,24.3,25.37,23.93,23.93,0.15,0.15,0.35,0.31666666666666665,0.05,0.21666666666666667,0.1,0.26666666666666666,0.95,0.7833333333333333,0.15,0.26666666666666666,0.9,0.6833333333333333
20241209,3970.663,3995.512,3948.421,3966.571,17595995800,,1.1852335469594548,-0.1653603534332193,-6.570000000000164,,0.4131857378753593,0.5642250457717881,0.3974588886469124,65404,27024,145286,81974,"{""2412"": {""call_vol"": 56488, ""put_vol"": 21777, ""call_oi"": 93787, ""put_oi"": 51395}, ""2501"": {""call_vol"": 5963, ""put_vol"": 3206, ""call_oi"": 14471, ""put_oi"": 8720}, ""2502"": {""call_vol"": 517, ""put_vol"": 611, ""call_oi"": 1167, ""put_oi"": 1437}, ""2503"": {""call_vol"": 1663, ""put_vol"": 895, ""call_oi"": 23433, ""put_oi"": 10726}, ""2506"": {""call_vol"": 564, ""put_vol"": 299, ""call_oi"": 8131, ""put_oi"": 5624}, ""2509"": {""call_vol"": 209, ""put_vol"": 236, ""call_oi"": 4297, ""put_oi"": 4072}}",0.7841031595442403,0.9725652494127662,529665,415312,688397,669511,595069,442336,0.7433356467905402,833683,751485,0.9014037709776977,24.94,25.1,23.87,23.9,0.05,0.05,0.25,0.26666666666666666,0.2,0.35,0.2,0.45,0.8,0.65,0.2,0.38333333333333336,0.7,0.5
20241210,4094.05,4098.38,3988.968,3995.637,25346379500,,2.7583522392514914,0.7327739753051343,29.06600000000026,,0.40479214172952116,0.5728918383655884,0.27677638220136075,142525,57693,143905,82442,"{""2412"": {""call_vol"": 119113, ""put_vol"": 43414, ""call_oi"": 91756, ""put_oi"": 50291}, ""2501"": {""call_vol"": 16588, ""put_vol"": 9644, ""call_oi"": 15440, ""put_oi"": 9773}, ""2502"": {""call_vol"": 783, ""put_vol"": 1325, ""call_oi"": 1172, ""put_oi"": 1653}, ""2503"": {""call_vol"": 4715, ""put_vol"": 2140, ""call_oi"": 22804, ""put_oi"": 10760}, ""2506"": {""call_vol"": 972, ""put_vol"": 873, ""call_oi"": 8382, ""put_oi"": 5844}, ""2509"": {""call_vol"": 354, ""put_vol"": 297, ""call_oi"": 4351, ""put_oi"": 4121}}",0.6203207955700194,0.951832884173258,1068718,662948,707246,673180,1211243,720641,0.59495988831308,851151,755622,0.8877649206779995,26.7,28.12,24.58,24.91,0.05,0.016666666666666666,0.5,0.3333333333333333,0.05,0.08333333333333333,0.05,0.05,0.6,0.45,0.05,0.03333333333333333,0.6,0.45
20241211,3988.018,4005.325,3977.352,3988.831,17725284600,,0.700088621664079,-0.17033579376705132,-6.80600000000004,,0.4053189328277356,0.5646060654685494,0.397893083169927,59072,23943,149568,84447,"{""2412"": {""call_vol"": 47898, ""put_vol"": 18361, ""call_oi"": 94825, ""put_oi"": 50819}, ""2501"": {""call_vol"": 8773, ""put_vol"": 3677, ""call_oi"": 17592, ""put_oi"": 11008}, ""2502"": {""call_vol"": 309, ""put_vol"": 316, ""call_oi"": 1210, ""put_oi"": 1661}, ""2503"": {""call_vol"": 1438, ""put_vol"": 833, ""call_oi"": 23044, ""put_oi"": 10793}, ""2506"": {""call_vol"": 453, ""put_vol"": 581, ""call_oi"": 8509, ""put_oi"": 5970}, ""2509"": {""call_vol"": 201, ""put_vol"": 175, ""call_oi"": 4388, ""put_oi"": 4196}}",0.9089412900976441,0.9336913625340888,461779,419730,728246,679957,520851,443673,0.8518232661548121,877814,764404,0.8708040655537506,25.33,25.33,23.86,24.48,0.1,0.05,0.3,0.25,0.25,0.38333333333333336,0.5,0.6833333333333333,0.55,0.4166666666666667,0.35,0.6166666666666667,0.5,0.31666666666666665
20241212,3987.153,4031.744,3981.349,4028.505,18162177700,,1.2634027362904063,0.9946272479330442,39.67399999999998,,0.3809149564578078,0.565511606607497,0.30431514572875346,78889,30050,151767,85826,"{""2412"": {""call_vol"": 66886, ""put_vol"": 23297, ""call_oi"": 94673, ""put_oi"": 50955}, ""2501"": {""call_vol"": 8494, ""put_vol"": 3830, ""call_oi"": 19382, ""put_oi"": 12065}, ""2502"": {""call_vol"": 422, ""put_vol"": 886, ""call_oi"": 1215, ""put_oi"": 1812}, ""2503"": {""call_vol"": 2080, ""put_vol"": 1017, ""call_oi"": 23422, ""put_oi"": 10778}, ""2506"": {""call_vol"": 524, ""put_vol"": 651, ""call_oi"": 8578, ""put_oi"": 5946}, ""2509"": {""call_vol"": 483, ""put_vol"": 369, ""call_oi"": 4497, ""put_oi"": 4270}}",0.7660120476500003,0.9784295827557091,621532,476101,730723,714961,700421,506151,0.7226382418573972,882490,800787,0.9074176477920429,24.51,25.14,24.08,25.14,0.05,0.016666666666666666,0.35,0.25,0.1,0.18333333333333332,0.25,0.43333333333333335,0.85,0.65,0.25,0.35,0.85,0.5333333333333333
20241213,4000.985,4000.985,3931.739,3933.181,23035307900,,1.7189006840006429,-2.36623759930793,-95.32400000000007,,0.4910176829096509,0.5609171800136893,0.596281616073892,106487,52287,151944,85228,"{""2412"": {""call_vol"": 85376, ""put_vol"": 39971, ""call_oi"": 90058, ""put_oi"": 47757}, ""2501"": {""call_vol"": 15816, ""put_vol"": 8532, ""call_oi"": 23654, ""put_oi"": 14502}, ""2502"": {""call_vol"": 641, ""put_vol"": 1160, ""call_oi"": 1360, ""put_oi"": 1861}, ""2503"": {""call_vol"": 3262, ""put_vol"": 1584, ""call_oi"": 23412, ""put_oi"": 10859}, ""2506"": {""call_vol"": 955, ""put_vol"": 670, ""call_oi"": 8794, ""put_oi"": 6007}, ""2509"": {""call_vol"": 437, ""put_vol"": 370, ""call_oi"": 4666, ""put_oi"": 4242}}",1.0048302267104574,0.8826609630044416,789818,793633,762551,673074,896305,845920,0.9437858764594641,914495,758302,0.8292030027501517,24.86,24.86,23.3,23.51,0.45,0.31666666666666665,0.25,0.2,0.65,0.7,0.85,0.9,0.4,0.25,0.75,0.85,0.3,0.21666666666666667
20241216,3930.781,3938.76,3901.647,3911.842,17851125100,,0.9435873914777957,-0.5425379610040859,-21.338999999999942,,0.4726537470275812,0.5542078351466687,0.8369019314381277,70229,33194,156066,86493,"{""2412"": {""call_vol"": 52118, ""put_vol"": 23359, ""call_oi"": 87879, ""put_oi"": 47084}, ""2501"": {""call_vol"": 13336, ""put_vol"": 7523, ""call_oi"": 28301, ""put_oi"": 16188}, ""2502"": {""call_vol"": 891, ""put_vol"": 631, ""call_oi"": 1682, ""put_oi"": 1979}, ""2503"": {""call_vol"": 2750, ""put_vol"": 1040, ""call_oi"": 24220, ""put_oi"": 10918}, ""2506"": {""call_vol"": 678, ""put_vol"": 397, ""call_oi"": 9095, ""put_oi"": 6074}, ""2509"": {""call_vol"": 456, ""put_vol"": 244, ""call_oi"": 4889, ""put_oi"": 4250}}",1.3571311695631183,0.8637541248065804,495031,671822,789734,682136,565260,705016,1.2472419771432615,945800,768629,0.8126760414463946,24.14,24.14,21.81,22.01,0.4,0.26666666666666666,0.05,0.1,0.85,0.8833333333333333,1.0,1.0,0.25,0.2,1.0,1.0,0.25,0.16666666666666666
20241217,3908.126,3955.945,3908.126,3922.033,16093909000,,1.222416447290048,0.2605166568588446,10.190999999999804,,0.5349121500727916,0.5580645994498328,0.5719230248089379,89983,48133,154862,86423,"{""2412"": {""call_vol"": 66995, ""put_vol"": 35710, ""call_oi"": 81979, ""put_oi"": 45277}, ""2501"": {""call_vol"": 18585, ""put_vol"": 9609, ""call_oi"": 31952, ""put_oi"": 17318}, ""2502"": {""call_vol"": 614, ""put_vol"": 1028, ""call_oi"": 1860, ""put_oi"": 2283}, ""2503"": {""call_vol"": 2641, ""put_vol"": 964, ""call_oi"": 24617, ""put_oi"": 10907}, ""2506"": {""call_vol"": 676, ""put_vol"": 528, ""call_oi"": 9309, ""put_oi"": 6342}, ""2509"": {""call_vol"": 472, ""put_vol"": 294, ""call_oi"": 5145, ""put_oi"": 4296}}",1.3503159671279115,0.8806002502933322,729981,985705,793469,698729,819964,1033838,1.2608334024420584,948331,785152,0.8279303323417667,22.19,22.49,21.21,22.31,0.7,0.4666666666666667,0.2,0.13333333333333333,0.65,0.6833333333333333,0.95,0.9833333333333333,0.35,0.23333333333333334,1.0,1.0,0.25,0.2
20241218,3934.543,3956.144,3933.969,3941.89,15773832100,,0.5653955486860954,0.5062935472496033,19.85699999999997,,0.5562885103298296,0.5682274874167308,0.5756992287774036,68975,38370,154769,87944,"{""2412"": {""call_vol"": 50541, ""put_vol"": 26750, ""call_oi"": 77009, ""put_oi"": 43774}, ""2501"": {""call_vol"": 14617, ""put_vol"": 8499, ""call_oi"": 35966, ""put_oi"": 19471}, ""2502"": {""call_vol"": 928, ""put_vol"": 1049, ""call_oi"": 2310, ""put_oi"": 2820}, ""2503"": {""call_vol"": 2147, ""put_vol"": 1196, ""call_oi"": 24865, ""put_oi"": 11062}, ""2506"": {""call_vol"": 591, ""put_vol"": 602, ""call_oi"": 9418, ""put_oi"": 6455}, ""2509"": {""call_vol"": 151, ""put_vol"": 274, ""call_oi"": 5201, ""put_oi"": 4362}}",1.0643183530382703,0.9066628105116701,528294,562273,767604,695958,597269,600643,1.005649045907288,922373,783902,0.8498752673809836,22.42,22.42,21.52,21.65,0.75,0.6,0.7,0.3,0.65,0.7,0.85,0.9,0.4,0.26666666666666666,0.8,0.8666666666666667,0.4,0.25
20241219,3911.89,3954.349,3899.748,3945.464,16108104000,,1.3851477337013494,0.0906671672725512,3.574000000000069,,0.6881293622462571,0.5722376692844621,0.6178942043794626,75076,51662,155729,89114,"{""2412"": {""call_vol"": 51439, ""put_vol"": 37820, ""call_oi"": 73232, ""put_oi"": 41702}, ""2501"": {""call_vol"": 19918, ""put_vol"": 11334, ""call_oi"": 39972, ""put_oi"": 21951}, ""2502"": {""call_vol"": 626, ""put_vol"": 731, ""call_oi"": 2347, ""put_oi"": 2994}, ""2503"": {""call_vol"": 2073, ""put_vol"": 1112, ""call_oi"": 25303, ""put_oi"": 11387}, ""2506"": {""call_vol"": 658, ""put_vol"": 519, ""call_oi"": 9591, ""put_oi"": 6693}, ""2509"": {""call_vol"": 362, ""put_vol"": 146, ""call_oi"": 5284, ""put_oi"": 4387}}",1.2938633266539394,0.9360367241223456,633291,819392,763313,714489,708367,871054,1.2296648488707125,919042,803603,0.874392029961634,22.23,22.28,21.72,22.13,0.9,0.85,0.8,0.31666666666666665,0.7,0.7833333333333333,0.9,0.9666666666666667,0.5,0.4,0.9,0.9666666666666667,0.5,0.3
20241220,3937.472,3958.634,3923.256,3927.744,15498649600,,0.8966752706399085,-0.44912334772284623,-17.7199999999998,,0.5977647252844838,0.5731278067726666,0.5931371889812932,78827,47120,90629,51942,"{""2412"": {""call_vol"": 47973, ""put_vol"": 28436, ""call_oi"": 0, ""put_oi"": 0}, ""2501"": {""call_vol"": 26423, ""put_vol"": 15795, ""call_oi"": 47020, ""put_oi"": 26327}, ""2502"": {""call_vol"": 922, ""put_vol"": 440, ""call_oi"": 2476, ""put_oi"": 3046}, ""2503"": {""call_vol"": 2204, ""put_vol"": 1697, ""call_oi"": 25834, ""put_oi"": 11234}, ""2506"": {""call_vol"": 757, ""put_vol"": 477, ""call_oi"": 9880, ""put_oi"": 6848}, ""2509"": {""call_vol"": 548, ""put_vol"": 275, ""call_oi"": 5419, ""put_oi"": 4487}}",0.9626600135796249,0.9145963621606434,502223,483470,768808,703149,581050,530590,0.9131572153859393,859437,755091,0.8785879593268616,21.92,22.24,20.88,20.9,0.75,0.6333333333333333,0.85,0.3333333333333333,0.65,0.7333333333333333,0.65,0.7666666666666667,0.35,0.25,0.65,0.7333333333333333,0.5,0.3333333333333333
20241223,3928.149,3965.85,3928.149,3933.572,19006736200,,0.9598639829887086,0.14838034250703735,5.8279999999999745,,0.6085794864182871,0.5617655459441815,0.6323648348995332,47159,28700,98032,55071,"{""2501"": {""call_vol"": 38837, ""put_vol"": 23166, ""call_oi"": 52699, ""put_oi"": 28509}, ""2502"": {""call_vol"": 1945, ""put_vol"": 1767, ""call_oi"": 3299, ""put_oi"": 3440}, ""2503"": {""call_vol"": 4507, ""put_vol"": 2445, ""call_oi"": 26066, ""put_oi"": 11655}, ""2506"": {""call_vol"": 1209, ""put_vol"": 774, ""call_oi"": 10336, ""put_oi"": 6870}, ""2509"": {""call_vol"": 606, ""put_vol"": 431, ""call_oi"": 5584, ""put_oi"": 4507}, ""2512"": {""call_vol"": 55, ""put_vol"": 117, ""call_oi"": 48, ""put_oi"": 90}}",1.05472512871616,0.9049889167249575,602100,635050,727673,658536,649259,663750,1.022319290144611,825705,713607,0.8642396497538467,21.39,21.39,19.6,20.37,0.85,0.7,0.35,0.15,0.8,0.8333333333333334,0.75,0.85,0.25,0.21666666666666667,0.8,0.85,0.35,0.25
20241224,3934.942,3985.859,3934.734,3983.688,16149458900,,1.2997092718780792,1.27405828595486,50.115999999999985,,0.5688745668439755,0.5671748474967933,0.5461061004239994,45307,25774,102129,57925,"{""2501"": {""call_vol"": 38525, ""put_vol"": 22138, ""call_oi"": 55652, ""put_oi"": 30317}, ""2502"": {""call_vol"": 1791, ""put_vol"": 1134, ""call_oi"": 3793, ""put_oi"": 3862}, ""2503"": {""call_vol"": 3590, ""put_vol"": 1281, ""call_oi"": 26211, ""put_oi"": 11897}, ""2506"": {""call_vol"": 766, ""put_vol"": 622, ""call_oi"": 10591, ""put_oi"": 7054}, ""2509"": {""call_vol"": 465, ""put_vol"": 437, ""call_oi"": 5706, ""put_oi"": 4567}, ""2512"": {""call_vol"": 170, ""put_vol"": 162, ""call_oi"": 176, ""put_oi"": 228}}",0.9296045789108752,0.9710407929420929,599968,557733,708652,688130,645275,583507,0.9042764712719383,810781,746055,0.9201683315223224,20.49,20.49,19.36,20.34,0.75,0.6166666666666667,0.55,0.23333333333333334,0.55,0.6166666666666667,0.55,0.65,0.7,0.6,0.6,0.6833333333333333,0.95,0.65
20241225,3987.956,4007.763,3969.477,3985.629,15939074700,,0.9610692403621985,0.04872369522914699,1.9409999999998035,,0.6357129790542395,0.5930338087641029,0.5729859361861449,43732,27801,104677,62077,"{""2501"": {""call_vol"": 38349, ""put_vol"": 24094, ""call_oi"": 57058, ""put_oi"": 33387}, ""2502"": {""call_vol"": 1838, ""put_vol"": 1544, ""call_oi"": 4143, ""put_oi"": 4450}, ""2503"": {""call_vol"": 2433, ""put_vol"": 1219, ""call_oi"": 26702, ""put_oi"": 12172}, ""2506"": {""call_vol"": 692, ""put_vol"": 487, ""call_oi"": 10761, ""put_oi"": 7171}, ""2509"": {""call_vol"": 341, ""put_vol"": 303, ""call_oi"": 5791, ""put_oi"": 4606}, ""2512"": {""call_vol"": 79, ""put_vol"": 154, ""call_oi"": 222, ""put_oi"": 291}}",0.8315341617585567,0.9987639712525855,533301,443458,436074,435535,577033,471259,0.8166933260316135,540751,497612,0.9202239108203221,20.53,20.55,19.86,20.42,0.95,0.7333333333333333,1.0,0.45,0.65,0.6833333333333333,0.35,0.4666666666666667,0.95,0.75,0.35,0.4666666666666667,0.95,0.65
20241226,3981.732,3991.533,3965.546,3987.48,14342528600,,0.6520175360024749,0.04644185397084666,1.8510000000001128,,0.6374839624552637,0.5919411109284527,0.5303725794434714,29618,18881,109494,64814,"{""2501"": {""call_vol"": 24414, ""put_vol"": 14675, ""call_oi"": 60543, ""put_oi"": 35297}, ""2502"": {""call_vol"": 1654, ""put_vol"": 1417, ""call_oi"": 4701, ""put_oi"": 4915}, ""2503"": {""call_vol"": 2300, ""put_vol"": 1473, ""call_oi"": 27196, ""put_oi"": 12398}, ""2506"": {""call_vol"": 942, ""put_vol"": 994, ""call_oi"": 10919, ""put_oi"": 7202}, ""2509"": {""call_vol"": 299, ""put_vol"": 231, ""call_oi"": 5912, ""put_oi"": 4664}, ""2512"": {""call_vol"": 9, ""put_vol"": 91, ""call_oi"": 223, ""put_oi"": 338}}",1.1073149798639994,0.9875445018503533,302940,335450,498013,491810,332558,354331,1.0654712862117284,607507,556624,0.9162429404105632,20.59,20.59,19.1,19.57,0.95,0.7333333333333333,0.95,0.45,0.5,0.55,0.85,0.9,0.8,0.6833333333333333,0.85,0.9,0.75,0.5666666666666667
20241227,3987.019,4007.131,3970.937,3981.031,16926866600,,0.9076910730586727,-0.16173121871457807,-6.449000000000069,,0.4530205574473452,0.5826124831220872,0.4030090200668521,47574,21552,114795,66881,"{""2501"": {""call_vol"": 41906, ""put_vol"": 17537, ""call_oi"": 64689, ""put_oi"": 36698}, ""2502"": {""call_vol"": 1679, ""put_vol"": 1276, ""call_oi"": 5053, ""put_oi"": 5122}, ""2503"": {""call_vol"": 2395, ""put_vol"": 1357, ""call_oi"": 27387, ""put_oi"": 12605}, ""2506"": {""call_vol"": 966, ""put_vol"": 830, ""call_oi"": 11211, ""put_oi"": 7302}, ""2509"": {""call_vol"": 496, ""put_vol"": 315, ""call_oi"": 6143, ""put_oi"": 4713}, ""2512"": {""call_vol"": 132, ""put_vol"": 237, ""call_oi"": 312, ""put_oi"": 441}}",0.7414582649087411,0.9698116948585046,426260,316054,534611,518472,473834,337606,0.7124984699282871,649406,585353,0.901366787495034,19.98,19.98,19.05,19.16,0.35,0.18333333333333332,0.9,0.45,0.35,0.35,0.2,0.2833333333333333,0.55,0.5833333333333334,0.2,0.26666666666666666,0.55,0.4666666666666667
20241230,3976.7,4005.778,3976.7,3999.055,16461248500,,0.7304138048661257,0.45274703964877094,18.023999999999887,,0.5533219196995637,0.5835593769725507,0.4173360388760511,36214,20038,117234,68413,"{""2501"": {""call_vol"": 30788, ""put_vol"": 15861, ""call_oi"": 66405, ""put_oi"": 37338}, ""2502"": {""call_vol"": 1819, ""put_vol"": 1810, ""call_oi"": 5511, ""put_oi"": 5513}, ""2503"": {""call_vol"": 2458, ""put_vol"": 1135, ""call_oi"": 27373, ""put_oi"": 12855}, ""2506"": {""call_vol"": 613, ""put_vol"": 646, ""call_oi"": 11348, ""put_oi"": 7390}, ""2509"": {""call_vol"": 430, ""put_vol"": 378, ""call_oi"": 6290, ""put_oi"": 4755}, ""2512"": {""call_vol"": 106, ""put_vol"": 208, ""call_oi"": 307, ""put_oi"": 562}}",0.8105188366438248,0.973654316357368,316670,256667,554588,539977,352884,276705,0.7841245281735642,671822,608390,0.9055821333627062,19.85,19.86,19.03,19.4,0.65,0.55,0.9,0.4666666666666667,0.35,0.36666666666666664,0.3,0.43333333333333335,0.75,0.65,0.3,0.45,0.7,0.5166666666666667
20241231,3995.871,4004.346,3934.911,3934.911,18392839700,,1.7362851973778792,-1.6039789400245752,-64.14399999999978,,0.5611153495190654,0.579816299460244,0.60644622808677,66849,37510,119869,69502,"{""2501"": {""call_vol"": 57273, ""put_vol"": 31952, ""call_oi"": 67474, ""put_oi"": 37554}, ""2502"": {""call_vol"": 3903, ""put_vol"": 2125, ""call_oi"": 6334, ""put_oi"": 6044}, ""2503"": {""call_vol"": 3888, ""put_vol"": 1323, ""call_oi"": 27636, ""put_oi"": 12937}, ""2506"": {""call_vol"": 1266, ""put_vol"": 1107, ""call_oi"": 11795, ""put_oi"": 7493}, ""2509"": {""call_vol"": 390, ""put_vol"": 826, ""call_oi"": 6290, ""put_oi"": 4815}, ""2512"": {""call_vol"": 129, ""put_vol"": 177, ""call_oi"": 340, ""put_oi"": 659}}",0.9274482419387423,0.902269117960259,569235,527936,596311,538033,636084,565446,0.8889486294263022,716180,607535,0.848299310229272,19.59,19.77,19.08,19.09,0.7,0.5833333333333334,0.8,0.4166666666666667,0.85,0.7666666666666667,0.5,0.6333333333333333,0.2,0.21666666666666667,0.5,0.6166666666666667,0.2,0.2
20250102,3931.816,3934.203,3796.339,3820.395,21789872400,,3.5036116445835757,-2.9102564200308434,-114.51600000000008,,0.7468577071033305,0.5566030373503567,1.2279889460459108,97222,72611,128138,71322,"{""2501"": {""call_vol"": 76151, ""put_vol"": 57697, ""call_oi"": 70792, ""put_oi"": 35584}, ""2502"": {""call_vol"": 9819, ""put_vol"": 8015, ""call_oi"": 9772, ""put_oi"": 8350}, ""2503"": {""call_vol"": 8197, ""put_vol"": 3535, ""call_oi"": 27955, ""put_oi"": 13520}, ""2506"": {""call_vol"": 1673, ""put_vol"": 1446, ""call_oi"": 12451, ""put_oi"": 7993}, ""2509"": {""call_vol"": 1052, ""put_vol"": 1447, ""call_oi"": 6695, ""put_oi"": 4958}, ""2512"": {""call_vol"": 330, ""put_vol"": 471, ""call_oi"": 473, ""put_oi"": 917}}",1.1118620122510516,0.7995214336926023,758792,843672,677858,541962,856014,916283,1.070406558771235,805996,613284,0.7609020392160755,19.51,22.39,19.16,21.49,1.0,0.9333333333333333,0.1,0.05,1.0,0.9833333333333333,0.85,0.9,0.05,0.06666666666666667,0.85,0.9,0.05,0.05
20250103,3825.243,3835.935,3767.665,3775.165,17534267600,,1.7869879946968827,-1.1839089937035308,-45.23000000000002,,0.8576328644262339,0.5374860772449502,1.3576055796242779,74926,64259,132876,71419,"{""2501"": {""call_vol"": 60479, ""put_vol"": 52248, ""call_oi"": 72774, ""put_oi"": 33831}, ""2502"": {""call_vol"": 7191, ""put_vol"": 6866, ""call_oi"": 11292, ""put_oi"": 9590}, ""2503"": {""call_vol"": 4704, ""put_vol"": 2620, ""call_oi"": 28169, ""put_oi"": 13756}, ""2506"": {""call_vol"": 1415, ""put_vol"": 1259, ""call_oi"": 12931, ""put_oi"": 8205}, ""2509"": {""call_vol"": 825, ""put_vol"": 789, ""call_oi"": 7114, ""put_oi"": 4913}, ""2512"": {""call_vol"": 312, ""put_vol"": 477, ""call_oi"": 596, ""put_oi"": 1124}}",1.2324218304905525,0.7678265092759747,658217,811201,735071,564407,733143,875460,1.1941190190726776,867947,635826,0.7325631634189645,21.55,,20.73,21.92,1.0,1.0,0.05,0.016666666666666666,1.0,1.0,0.85,0.9333333333333333,0.05,0.03333333333333333,0.85,0.95,0.05,0.016666666666666666
20250106,3775.99,3788.849,3743.073,3768.97,15094667000,,1.2125562723748575,-0.16409878773511188,-6.195000000000164,,0.7917825842244914,0.5253759602251786,1.2964223108081612,62185,49237,138379,72701,"{""2501"": {""call_vol"": 48322, ""put_vol"": 37946, ""call_oi"": 76339, ""put_oi"": 34903}, ""2502"": {""call_vol"": 7432, ""put_vol"": 6620, ""call_oi"": 11982, ""put_oi"": 9161}, ""2503"": {""call_vol"": 3603, ""put_vol"": 2331, ""call_oi"": 28544, ""put_oi"": 14034}, ""2506"": {""call_vol"": 1422, ""put_vol"": 1237, ""call_oi"": 13309, ""put_oi"": 8180}, ""2509"": {""call_vol"": 834, ""put_vol"": 579, ""call_oi"": 7376, ""put_oi"": 5040}, ""2512"": {""call_vol"": 572, ""put_vol"": 524, ""call_oi"": 829, ""put_oi"": 1383}}",1.2041399561050405,0.717057983291197,598702,720921,763789,547681,660887,770158,1.165339914387785,902168,620382,0.6876568444014862,21.55,23.2,21.43,22.57,0.95,0.9666666666666667,0.05,0.016666666666666666,0.95,0.9833333333333333,0.8,0.9166666666666666,0.05,0.016666666666666666,0.8,0.9333333333333333,0.05,0.016666666666666666
20250107,3760.866,3797.602,3749.058,3796.106,14645577900,,1.2879911487753914,0.7199845050504639,27.136000000000422,,0.7002860365804529,0.5225958218232044,1.1316934046275642,49644,34765,139008,72645,"{""2501"": {""call_vol"": 39414, ""put_vol"": 27284, ""call_oi"": 75315, ""put_oi"": 35800}, ""2502"": {""call_vol"": 4902, ""put_vol"": 3757, ""call_oi"": 12565, ""put_oi"": 8586}, ""2503"": {""call_vol"": 3402, ""put_vol"": 1891, ""call_oi"": 29204, ""put_oi"": 13648}, ""2506"": {""call_vol"": 1120, ""put_vol"": 1015, ""call_oi"": 13602, ""put_oi"": 8040}, ""2509"": {""call_vol"": 530, ""put_vol"": 458, ""call_oi"": 7458, ""put_oi"": 5151}, ""2512"": {""call_vol"": 276, ""put_vol"": 360, ""call_oi"": 864, ""put_oi"": 1420}}",1.0842152594007373,0.7223546937149892,484829,525659,773332,558620,534473,560424,1.0485543703797946,912340,631265,0.6919185829844137,22.55,23.04,19.66,19.66,0.85,0.8666666666666667,0.05,0.016666666666666666,0.85,0.9333333333333333,0.65,0.8333333333333334,0.1,0.03333333333333333,0.65,0.8333333333333334,0.1,0.03333333333333333
20250108,3781.261,3810.736,3731.189,3789.215,16916696800,,2.095489430484818,-0.18152812381951877,-6.891000000000076,,0.7790549169859514,0.5261752639233591,1.0739277792922073,79866,62220,138203,72719,"{""2501"": {""call_vol"": 62402, ""put_vol"": 52605, ""call_oi"": 72624, ""put_oi"": 35951}, ""2502"": {""call_vol"": 9340, ""put_vol"": 5654, ""call_oi"": 13815, ""put_oi"": 8616}, ""2503"": {""call_vol"": 5344, ""put_vol"": 2098, ""call_oi"": 29633, ""put_oi"": 13628}, ""2506"": {""call_vol"": 1864, ""put_vol"": 1169, ""call_oi"": 13821, ""put_oi"": 7973}, ""2509"": {""call_vol"": 674, ""put_vol"": 467, ""call_oi"": 7412, ""put_oi"": 5082}, ""2512"": {""call_vol"": 242, ""put_vol"": 227, ""call_oi"": 898, ""put_oi"": 1469}}",1.0169385824158323,0.7437313980250757,747229,759886,782511,581978,827095,822106,0.9939680447832474,920714,654697,0.7110753176339233,19.87,20.69,19.09,19.09,0.9,0.95,0.15,0.05,0.8,0.9166666666666666,0.5,0.75,0.15,0.05,0.5,0.75,0.15,0.05
20250109,3780.734,3795.261,3768.681,3779.877,12979400200,,0.7014645513648586,-0.24643626714240252,-9.338000000000193,,0.6069657877210725,0.530676087678992,0.8359522964015151,40541,24607,138414,73453,"{""2501"": {""call_vol"": 33059, ""put_vol"": 20232, ""call_oi"": 71142, ""put_oi"": 36203}, ""2502"": {""call_vol"": 4552, ""put_vol"": 2498, ""call_oi"": 14991, ""put_oi"": 9130}, ""2503"": {""call_vol"": 1703, ""put_vol"": 702, ""call_oi"": 29950, ""put_oi"": 13572}, ""2506"": {""call_vol"": 705, ""put_vol"": 803, ""call_oi"": 13909, ""put_oi"": 7936}, ""2509"": {""call_vol"": 342, ""put_vol"": 229, ""call_oi"": 7478, ""put_oi"": 5093}, ""2512"": {""call_vol"": 180, ""put_vol"": 143, ""call_oi"": 944, ""put_oi"": 1519}}",0.8871709635255721,0.7450272026005129,380239,337337,789998,588570,420780,361944,0.8601739626408099,928412,662023,0.7130702748348794,19.12,19.17,18.56,18.69,0.55,0.6666666666666666,0.2,0.06666666666666667,0.7,0.85,0.25,0.48333333333333334,0.2,0.06666666666666667,0.25,0.5166666666666667,0.2,0.06666666666666667
20250110,3778.893,3786.807,3732.481,3732.481,13752317100,,1.4372425346115647,-1.2539032354756396,-47.39599999999973,,0.726847992555687,0.5289461364958222,1.1393916185269681,51583,37493,140986,74574,"{""2501"": {""call_vol"": 42015, ""put_vol"": 31755, ""call_oi"": 71680, ""put_oi"": 36500}, ""2502"": {""call_vol"": 5465, ""put_vol"": 3465, ""call_oi"": 15943, ""put_oi"": 9713}, ""2503"": {""call_vol"": 2588, ""put_vol"": 1041, ""call_oi"": 30544, ""put_oi"": 13709}, ""2506"": {""call_vol"": 1099, ""put_vol"": 834, ""call_oi"": 14256, ""put_oi"": 7998}, ""2509"": {""call_vol"": 304, ""put_vol"": 243, ""call_oi"": 7584, ""put_oi"": 5104}, ""2512"": {""call_vol"": 112, ""put_vol"": 155, ""call_oi"": 979, ""put_oi"": 1550}}",1.2292523912745004,0.7079088528852521,480706,590909,823065,582655,532289,628402,1.1805654447114255,964051,657229,0.6817367545907841,18.71,19.2,18.6,18.95,0.8,0.8833333333333333,0.2,0.06666666666666667,0.85,0.9333333333333333,0.8,0.9166666666666666,0.05,0.016666666666666666,0.8,0.9333333333333333,0.05,0.016666666666666666
20250113,3704.444,3737.885,3704.107,3722.513,13644619900,,0.9049744660455136,-0.26706097097346504,-9.968000000000302,,0.8245861797162375,0.5148378711178,1.3753058098393467,60896,50214,146180,75259,"{""2501"": {""call_vol"": 43280, ""put_vol"": 38058, ""call_oi"": 71291, ""put_oi"": 34370}, ""2502"": {""call_vol"": 10591, ""put_vol"": 8000, ""call_oi"": 19506, ""put_oi"": 12172}, ""2503"": {""call_vol"": 4888, ""put_vol"": 2547, ""call_oi"": 32197, ""put_oi"": 13811}, ""2506"": {""call_vol"": 1323, ""put_vol"": 817, ""call_oi"": 14504, ""put_oi"": 8065}, ""2509"": {""call_vol"": 647, ""put_vol"": 533, ""call_oi"": 7655, ""put_oi"": 5213}, ""2512"": {""call_vol"": 167, ""put_vol"": 259, ""call_oi"": 1027, ""put_oi"": 1628}}",1.3304518508650691,0.7010804800933607,480424,639181,851751,597146,541320,689395,1.273544299120668,997931,672405,0.6737990903178677,19.6,20.56,19.6,19.74,0.95,0.9666666666666667,0.05,0.016666666666666666,1.0,1.0,0.9,0.9666666666666667,0.05,0.016666666666666666,1.0,1.0,0.05,0.016666666666666666
20250114,3728.556,3826.64,3718.877,3820.54,17066465700,,2.8948992253351413,2.633355477872068,98.02700000000004,,0.5871122897758158,0.5395711333103685,0.6114988432541641,121418,71286,139344,75186,"{""2501"": {""call_vol"": 85258, ""put_vol"": 53872, ""call_oi"": 61781, ""put_oi"": 32395}, ""2502"": {""call_vol"": 25413, ""put_vol"": 13599, ""call_oi"": 21154, ""put_oi"": 13787}, ""2503"": {""call_vol"": 7573, ""put_vol"": 2364, ""call_oi"": 32680, ""put_oi"": 14029}, ""2506"": {""call_vol"": 1651, ""put_vol"": 823, ""call_oi"": 14874, ""put_oi"": 8096}, ""2509"": {""call_vol"": 688, ""put_vol"": 394, ""call_oi"": 7722, ""put_oi"": 5243}, ""2512"": {""call_vol"": 835, ""put_vol"": 234, ""call_oi"": 1133, ""put_oi"": 1636}}",0.7134981693260408,0.7792245031279686,1106150,789236,802118,625030,1227568,860522,0.700997419287567,941462,700216,0.7437538636716087,19.83,20.83,19.03,20.5,0.35,0.6,0.4,0.13333333333333333,0.5,0.6833333333333333,0.05,0.16666666666666666,0.4,0.15,0.05,0.21666666666666667,0.4,0.15
20250115,3810.035,3816.828,3790.166,3796.026,14147552000,,0.6978594648923924,-0.64163704607203,-24.514000000000124,,0.5900910819737764,0.5331557134399053,0.693758905546662,49955,29478,141876,75642,"{""2501"": {""call_vol"": 35363, ""put_vol"": 21415, ""call_oi"": 61547, ""put_oi"": 30850}, ""2502"": {""call_vol"": 10915, ""put_vol"": 6436, ""call_oi"": 23483, ""put_oi"": 15532}, ""2503"": {""call_vol"": 2839, ""put_vol"": 803, ""call_oi"": 32951, ""put_oi"": 14149}, ""2506"": {""call_vol"": 505, ""put_vol"": 467, ""call_oi"": 14977, ""put_oi"": 8127}, ""2509"": {""call_vol"": 169, ""put_vol"": 94, ""call_oi"": 7780, ""put_oi"": 5252}, ""2512"": {""call_vol"": 164, ""put_vol"": 263, ""call_oi"": 1138, ""put_oi"": 1732}}",0.8393081962120728,0.7622322417124707,547265,459324,811973,618912,597220,488802,0.8184622082314725,953849,694554,0.7281592788795711,20.55,20.55,19.62,19.78,0.35,0.6,0.35,0.11666666666666667,0.6,0.8,0.25,0.4166666666666667,0.35,0.11666666666666667,0.25,0.4166666666666667,0.35,0.11666666666666667
20250116,3812.194,3842.947,3776.286,3800.384,14450587100,,1.756073325103676,0.11480427162511297,4.358000000000175,,0.6292855664650832,0.5305646420991433,0.7242392079348409,86978,54734,142763,75745,"{""2501"": {""call_vol"": 59383, ""put_vol"": 38441, ""call_oi"": 58884, ""put_oi"": 28319}, ""2502"": {""call_vol"": 22146, ""put_vol"": 13857, ""call_oi"": 26705, ""put_oi"": 17834}, ""2503"": {""call_vol"": 4082, ""put_vol"": 1574, ""call_oi"": 33135, ""put_oi"": 14417}, ""2506"": {""call_vol"": 834, ""put_vol"": 488, ""call_oi"": 15105, ""put_oi"": 8145}, ""2509"": {""call_vol"": 415, ""put_vol"": 255, ""call_oi"": 7795, ""put_oi"": 5289}, ""2512"": {""call_vol"": 118, ""put_vol"": 119, ""call_oi"": 1139, ""put_oi"": 1741}}",0.9696109859370857,0.7712085105527234,795781,771598,795624,613592,882759,826332,0.9360788165286336,938387,689337,0.7345977725607878,19.78,20.48,19.7,20.17,0.5,0.6833333333333333,0.3,0.1,0.6,0.8,0.5,0.65,0.45,0.16666666666666666,0.5,0.6333333333333333,0.45,0.15
20250117,3788.373,3831.64,3780.213,3812.343,12662196100,,1.3532053603004244,0.31467872720229995,11.958999999999833,,0.6331074423857929,0.5838867646072315,0.8193352778266274,83226,52691,89442,52224,"{""2501"": {""call_vol"": 46717, ""put_vol"": 29848, ""call_oi"": 0, ""put_oi"": 0}, ""2502"": {""call_vol"": 30643, ""put_vol"": 20235, ""call_oi"": 31953, ""put_oi"": 22240}, ""2503"": {""call_vol"": 4090, ""put_vol"": 1308, ""call_oi"": 33202, ""put_oi"": 14627}, ""2506"": {""call_vol"": 811, ""put_vol"": 612, ""call_oi"": 15147, ""put_oi"": 8142}, ""2509"": {""call_vol"": 652, ""put_vol"": 525, ""call_oi"": 7912, ""put_oi"": 5423}, ""2512"": {""call_vol"": 313, ""put_vol"": 163, ""call_oi"": 1228, ""put_oi"": 1792}}",0.8057834314679471,0.8094545293510073,844758,680692,767759,621466,927984,733383,0.7902970309832928,857201,673690,0.7859183552049053,20.11,21.29,20.11,20.61,0.55,0.7,0.9,0.6833333333333333,0.6,0.8,0.15,0.3333333333333333,0.6,0.25,0.2,0.36666666666666664,0.6,0.25
20250120,3835.304,3858.668,3821.982,3829.676,13958127700,,0.9622953653435734,0.45465478840702733,17.333000000000084,,0.5618615474112856,0.5773541666666666,0.5609473075520377,42975,24146,96000,55426,"{""2502"": {""call_vol"": 36505, ""put_vol"": 20370, ""call_oi"": 37980, ""put_oi"": 24905}, ""2503"": {""call_vol"": 4540, ""put_vol"": 2167, ""call_oi"": 33527, ""put_oi"": 14901}, ""2504"": {""call_vol"": 411, ""put_vol"": 287, ""call_oi"": 87, ""put_oi"": 114}, ""2506"": {""call_vol"": 891, ""put_vol"": 682, ""call_oi"": 15171, ""put_oi"": 8185}, ""2509"": {""call_vol"": 411, ""put_vol"": 423, ""call_oi"": 7987, ""put_oi"": 5497}, ""2512"": {""call_vol"": 217, ""put_vol"": 217, ""call_oi"": 1248, ""put_oi"": 1824}}",0.8047812662253782,0.8148031998442793,797362,641702,739786,602780,840337,665848,0.792358303870947,835786,658206,0.7875293436358111,21.25,21.25,19.71,20.02,0.2,0.5166666666666667,0.7,0.5666666666666667,0.25,0.48333333333333334,0.15,0.31666666666666665,0.65,0.26666666666666666,0.25,0.36666666666666664,0.65,0.26666666666666666
20250121,3850.356,3850.911,3817.121,3832.615,14121840600,,0.8823200709407262,0.07674278450708893,2.938999999999851,,0.612387553458192,0.573469812423825,0.6090416577786116,33905,20763,100919,57874,"{""2502"": {""call_vol"": 28275, ""put_vol"": 17982, ""call_oi"": 41523, ""put_oi"": 26895}, ""2503"": {""call_vol"": 4027, ""put_vol"": 2013, ""call_oi"": 34443, ""put_oi"": 15247}, ""2504"": {""call_vol"": 127, ""put_vol"": 108, ""call_oi"": 150, ""put_oi"": 173}, ""2506"": {""call_vol"": 640, ""put_vol"": 308, ""call_oi"": 15362, ""put_oi"": 8187}, ""2509"": {""call_vol"": 485, ""put_vol"": 212, ""call_oi"": 8074, ""put_oi"": 5504}, ""2512"": {""call_vol"": 351, ""put_vol"": 140, ""call_oi"": 1367, ""put_oi"": 1868}}",0.8862451225757128,0.807418184913334,554596,491508,751909,607105,588501,512271,0.8704675098258117,852828,664979,0.7797340143616298,20.17,20.41,19.25,19.5,0.45,0.6666666666666666,0.65,0.5333333333333333,0.4,0.6166666666666667,0.4,0.43333333333333335,0.6,0.25,0.45,0.5,0.6,0.25
20250122,3823.945,3823.945,3783.144,3797.017,13725506200,,1.0645734048423958,-0.928817530589432,-35.597999999999956,,0.7817282846352613,0.5597300545437737,0.9288267677157864,40248,31463,108170,60546,"{""2502"": {""call_vol"": 32722, ""put_vol"": 27240, ""call_oi"": 46645, ""put_oi"": 28879}, ""2503"": {""call_vol"": 5683, ""put_vol"": 2709, ""call_oi"": 36085, ""put_oi"": 15700}, ""2504"": {""call_vol"": 184, ""put_vol"": 175, ""call_oi"": 230, ""put_oi"": 241}, ""2506"": {""call_vol"": 1056, ""put_vol"": 693, ""call_oi"": 15627, ""put_oi"": 8279}, ""2509"": {""call_vol"": 436, ""put_vol"": 458, ""call_oi"": 8179, ""put_oi"": 5510}, ""2512"": {""call_vol"": 167, ""put_vol"": 188, ""call_oi"": 1404, ""put_oi"": 1937}}",1.0019415317835945,0.9274619125828657,611888,613076,502922,466441,652136,644539,0.9883505894475999,611092,526987,0.8623693322773003,19.59,20.18,19.35,19.53,0.85,0.9333333333333333,0.6,0.2833333333333333,0.65,0.85,0.6,0.6833333333333333,0.8,0.6,0.6,0.7,0.8,0.5
20250123,3829.046,3864.259,3801.853,3803.744,18056955100,,1.6435533472723443,0.17716539062111458,6.7270000000003165,,0.4556203121180542,0.5701446413224349,0.44237297314836016,77727,35414,109374,62359,"{""2502"": {""call_vol"": 63571, ""put_vol"": 29470, ""call_oi"": 47106, ""put_oi"": 29987}, ""2503"": {""call_vol"": 11275, ""put_vol"": 3835, ""call_oi"": 36144, ""put_oi"": 16107}, ""2504"": {""call_vol"": 238, ""put_vol"": 538, ""call_oi"": 286, ""put_oi"": 324}, ""2506"": {""call_vol"": 1528, ""put_vol"": 871, ""call_oi"": 16061, ""put_oi"": 8409}, ""2509"": {""call_vol"": 698, ""put_vol"": 456, ""call_oi"": 8294, ""put_oi"": 5594}, ""2512"": {""call_vol"": 417, ""put_vol"": 244, ""call_oi"": 1483, ""put_oi"": 1938}}",0.6578925114737967,0.9623594131804567,650395,427890,543881,523409,728122,463304,0.6362999607208683,653255,585768,0.8966911849124768,20.1,21.25,19.98,20.02,0.1,0.16666666666666666,0.65,0.48333333333333334,0.15,0.25,0.05,0.06666666666666667,0.85,0.7,0.05,0.06666666666666667,0.85,0.7
20250124,3793.85,3847.6,3793.484,3832.864,14897172200,,1.4227035257893272,0.765561509922863,29.11999999999989,,0.5362146857368892,0.5863198158119227,0.4684877664314921,48033,25756,109019,63920,"{""2502"": {""call_vol"": 39582, ""put_vol"": 22044, ""call_oi"": 46813, ""put_oi"": 31187}, ""2503"": {""call_vol"": 6273, ""put_vol"": 2110, ""call_oi"": 35516, ""put_oi"": 16241}, ""2504"": {""call_vol"": 133, ""put_vol"": 260, ""call_oi"": 307, ""put_oi"": 350}, ""2506"": {""call_vol"": 950, ""put_vol"": 655, ""call_oi"": 16357, ""put_oi"": 8492}, ""2509"": {""call_vol"": 780, ""put_vol"": 521, ""call_oi"": 8460, ""put_oi"": 5716}, ""2512"": {""call_vol"": 315, ""put_vol"": 166, ""call_oi"": 1566, ""put_oi"": 1934}}",0.7191729506202871,0.9798554060911839,411100,295652,543868,532912,459133,321408,0.7000324524701993,652887,596832,0.9141428761791857,20.12,20.41,19.47,19.58,0.15,0.36666666666666664,1.0,0.7666666666666667,0.2,0.31666666666666665,0.15,0.15,1.0,0.8666666666666667,0.1,0.18333333333333332,1.0,0.7833333333333333
20250127,3836.958,3851.997,3817.08,3817.08,14667077200,,0.9109897977074041,-0.4118069412324621,-15.784000000000106,,0.4625094113999734,0.5923604274114151,0.5042487669012949,45158,20886,110713,65582,"{""2502"": {""call_vol"": 37839, ""put_vol"": 17924, ""call_oi"": 46967, ""put_oi"": 32262}, ""2503"": {""call_vol"": 5447, ""put_vol"": 1993, ""call_oi"": 36592, ""put_oi"": 16639}, ""2504"": {""call_vol"": 140, ""put_vol"": 118, ""call_oi"": 371, ""put_oi"": 390}, ""2506"": {""call_vol"": 1037, ""put_vol"": 402, ""call_oi"": 16597, ""put_oi"": 8520}, ""2509"": {""call_vol"": 540, ""put_vol"": 354, ""call_oi"": 8558, ""put_oi"": 5817}, ""2512"": {""call_vol"": 155, ""put_vol"": 95, ""call_oi"": 1628, ""put_oi"": 1954}}",0.6354323567682663,0.9280435900634065,380415,241728,585271,543157,425573,262614,0.6170833206053955,695984,608739,0.874645106784064,19.42,19.5,18.41,18.41,0.1,0.2,1.0,0.8,0.2,0.36666666666666664,0.05,0.06666666666666667,0.85,0.5666666666666667,0.05,0.06666666666666667,0.85,0.55
20250205,3844.7,3844.7,3785.162,3795.085,15716830800,,1.5597786789902233,-0.5762258061135728,-21.99499999999989,,0.5937615016562385,0.5729583650029558,0.841822903629477,54340,32265,118410,67844,"{""2502"": {""call_vol"": 40938, ""put_vol"": 25094, ""call_oi"": 51252, ""put_oi"": 33723}, ""2503"": {""call_vol"": 10479, ""put_vol"": 4303, ""call_oi"": 39239, ""put_oi"": 17401}, ""2504"": {""call_vol"": 413, ""put_vol"": 988, ""call_oi"": 502, ""put_oi"": 582}, ""2506"": {""call_vol"": 1543, ""put_vol"": 1024, ""call_oi"": 16947, ""put_oi"": 8359}, ""2509"": {""call_vol"": 605, ""put_vol"": 491, ""call_oi"": 8749, ""put_oi"": 5724}, ""2512"": {""call_vol"": 362, ""put_vol"": 365, ""call_oi"": 1721, ""put_oi"": 2055}}",0.8059011468905461,0.870394202379325,460724,371298,636399,553918,515064,403563,0.7835201062392246,754809,621762,0.8237342162056891,21.25,21.25,19.15,19.19,0.4,0.5666666666666667,0.7,0.55,0.6,0.8166666666666667,0.35,0.31666666666666665,0.75,0.38333333333333336,0.25,0.3,0.75,0.35
20250206,3789.609,3843.494,3788.32,3842.831,16728817600,,1.4538277798784476,1.2581009384506459,47.746000000000095,,0.6223114319387154,0.5625430650555434,0.638077355376253,54304,33794,119006,66946,"{""2502"": {""call_vol"": 41683, ""put_vol"": 27303, ""call_oi"": 50524, ""put_oi"": 32221}, ""2503"": {""call_vol"": 10077, ""put_vol"": 4306, ""call_oi"": 39937, ""put_oi"": 17827}, ""2504"": {""call_vol"": 404, ""put_vol"": 645, ""call_oi"": 701, ""put_oi"": 810}, ""2506"": {""call_vol"": 1367, ""put_vol"": 919, ""call_oi"": 17228, ""put_oi"": 8204}, ""2509"": {""call_vol"": 482, ""put_vol"": 460, ""call_oi"": 8806, ""put_oi"": 5838}, ""2512"": {""call_vol"": 291, ""put_vol"": 161, ""call_oi"": 1810, ""put_oi"": 2046}}",0.7992300831295118,0.9000982649991025,539279,431008,657406,591730,593583,464802,0.7830446626672259,776412,658676,0.8483588610170889,19.44,19.44,18.38,19.11,0.5,0.6666666666666666,0.65,0.35,0.35,0.65,0.25,0.26666666666666666,0.8,0.45,0.25,0.2833333333333333,0.8,0.4666666666666667
20250207,3844.057,3919.35,3833.869,3892.703,22185770700,,2.2244277721294474,1.2977932154705663,49.871999999999844,,0.529322667247134,0.6060465595385249,0.3981380504238637,110256,58361,116496,70602,"{""2502"": {""call_vol"": 86282, ""put_vol"": 45480, ""call_oi"": 46489, ""put_oi"": 33331}, ""2503"": {""call_vol"": 19654, ""put_vol"": 8697, ""call_oi"": 40818, ""put_oi"": 19916}, ""2504"": {""call_vol"": 696, ""put_vol"": 1128, ""call_oi"": 913, ""put_oi"": 736}, ""2506"": {""call_vol"": 1988, ""put_vol"": 1603, ""call_oi"": 17289, ""put_oi"": 8475}, ""2509"": {""call_vol"": 1278, ""put_vol"": 941, ""call_oi"": 9103, ""put_oi"": 5999}, ""2512"": {""call_vol"": 358, ""put_vol"": 512, ""call_oi"": 1884, ""put_oi"": 2145}}",0.676408259373302,0.9324287722451969,883360,597512,660873,616217,993616,655873,0.6600869953784964,777369,686819,0.8835173514765832,19.2,20.42,18.99,19.24,0.15,0.31666666666666665,1.0,0.9,0.05,0.18333333333333332,0.15,0.08333333333333333,0.9,0.6,0.15,0.08333333333333333,0.9,0.6333333333333333
20250210,3898.102,3906.368,3878.831,3901.062,18890304000,,0.7074004875275562,0.21473510822684894,8.358999999999924,,0.6584455309617284,0.6142323032982772,0.5253947551728484,41519,27338,120093,73765,"{""2502"": {""call_vol"": 31558, ""put_vol"": 21118, ""call_oi"": 48136, ""put_oi"": 35006}, ""2503"": {""call_vol"": 7738, ""put_vol"": 3591, ""call_oi"": 42008, ""put_oi"": 20828}, ""2504"": {""call_vol"": 500, ""put_vol"": 510, ""call_oi"": 1160, ""put_oi"": 893}, ""2506"": {""call_vol"": 1250, ""put_vol"": 1633, ""call_oi"": 17667, ""put_oi"": 8822}, ""2509"": {""call_vol"": 291, ""put_vol"": 355, ""call_oi"": 9170, ""put_oi"": 6069}, ""2512"": {""call_vol"": 182, ""put_vol"": 131, ""call_oi"": 1952, ""put_oi"": 2147}}",0.7184502865185483,0.9285652666680548,397880,285857,672334,624306,439399,313195,0.7127804114256063,792427,698071,0.8809278331000837,20.08,20.4,19.7,19.85,0.7,0.75,1.0,0.9166666666666666,0.25,0.3333333333333333,0.25,0.11666666666666667,0.85,0.6,0.3,0.2,0.85,0.6333333333333333
20250211,3905.159,3905.159,3872.909,3883.135,16657490900,,0.8266979607091607,-0.4595415299731065,-17.92699999999968,,0.6267500514721022,0.6067321747604353,0.596560005721597,38856,24353,123140,74713,"{""2502"": {""call_vol"": 29115, ""put_vol"": 18243, ""call_oi"": 49090, ""put_oi"": 34680}, ""2503"": {""call_vol"": 7646, ""put_vol"": 3371, ""call_oi"": 43640, ""put_oi"": 21587}, ""2504"": {""call_vol"": 320, ""put_vol"": 461, ""call_oi"": 1318, ""put_oi"": 1117}, ""2506"": {""call_vol"": 950, ""put_vol"": 1436, ""call_oi"": 17843, ""put_oi"": 8998}, ""2509"": {""call_vol"": 487, ""put_vol"": 606, ""call_oi"": 9162, ""put_oi"": 6144}, ""2512"": {""call_vol"": 338, ""put_vol"": 236, ""call_oi"": 2087, ""put_oi"": 2187}}",0.754192489458641,0.89412518759827,353370,266509,698967,624964,392226,290862,0.7415673616741368,822107,699677,0.8510777794131421,17.93,17.93,16.98,17.04,0.6,0.65,0.95,0.9166666666666666,0.35,0.5333333333333333,0.35,0.2,0.65,0.45,0.35,0.21666666666666667,0.7,0.5
20250212,3875.96,3920.723,3867.354,3919.862,16422854000,,1.3743792064916656,0.9458079618658521,36.72699999999986,,0.6042721601023107,0.6209518878380674,0.5091126287921421,57863,34965,123607,76754,"{""2502"": {""call_vol"": 42747, ""put_vol"": 27388, ""call_oi"": 48489, ""put_oi"": 35334}, ""2503"": {""call_vol"": 12105, ""put_vol"": 4845, ""call_oi"": 44100, ""put_oi"": 22441}, ""2504"": {""call_vol"": 443, ""put_vol"": 532, ""call_oi"": 1397, ""put_oi"": 1276}, ""2506"": {""call_vol"": 1877, ""put_vol"": 1162, ""call_oi"": 18146, ""put_oi"": 9034}, ""2509"": {""call_vol"": 534, ""put_vol"": 864, ""call_oi"": 9341, ""put_oi"": 6437}, ""2512"": {""call_vol"": 157, ""put_vol"": 174, ""call_oi"": 2134, ""put_oi"": 2232}}",0.7068101487314086,0.9428168846144338,571500,403942,687703,648378,629363,438907,0.6973829093861571,811310,725132,0.893779196607955,19.41,19.56,18.57,19.13,0.45,0.55,1.0,0.95,0.25,0.3,0.2,0.08333333333333333,0.9,0.6833333333333333,0.2,0.13333333333333333,0.9,0.75
20250213,3913.904,3939.198,3904.985,3905.14,17248587400,,0.8728113387665111,-0.3755744462432653,-14.722000000000207,,0.5820605994371738,0.6366958947149063,0.43959914683960466,73202,42608,124766,79438,"{""2502"": {""call_vol"": 53765, ""put_vol"": 33935, ""call_oi"": 48177, ""put_oi"": 36659}, ""2503"": {""call_vol"": 16196, ""put_vol"": 6530, ""call_oi"": 45098, ""put_oi"": 23531}, ""2504"": {""call_vol"": 469, ""put_vol"": 392, ""call_oi"": 1531, ""put_oi"": 1330}, ""2506"": {""call_vol"": 1596, ""put_vol"": 1050, ""call_oi"": 18432, ""put_oi"": 9020}, ""2509"": {""call_vol"": 790, ""put_vol"": 577, ""call_oi"": 9436, ""put_oi"": 6640}, ""2512"": {""call_vol"": 386, ""put_vol"": 124, ""call_oi"": 2092, ""put_oi"": 2258}}",0.7177013494942869,0.9651740426600915,756061,542626,688653,664670,829263,585234,0.7057278571454412,813419,744108,0.9147905323086871,19.3,19.43,18.33,18.33,0.3,0.45,1.0,0.9666666666666667,0.1,0.16666666666666666,0.3,0.11666666666666667,0.95,0.7666666666666667,0.35,0.18333333333333332,1.0,0.8833333333333333
20250214,3900.827,3942.036,3900.827,3939.009,17297645200,,1.055250259913853,0.867292849936252,33.86900000000014,,0.600898107246292,0.6382659849007004,0.46033758575615635,68366,41081,124774,79639,"{""2502"": {""call_vol"": 51351, ""put_vol"": 32748, ""call_oi"": 46409, ""put_oi"": 36000}, ""2503"": {""call_vol"": 13995, ""put_vol"": 5714, ""call_oi"": 46245, ""put_oi"": 24004}, ""2504"": {""call_vol"": 386, ""put_vol"": 453, ""call_oi"": 1675, ""put_oi"": 1360}, ""2506"": {""call_vol"": 1455, ""put_vol"": 984, ""call_oi"": 18640, ""put_oi"": 8974}, ""2509"": {""call_vol"": 903, ""put_vol"": 1041, ""call_oi"": 9739, ""put_oi"": 7012}, ""2512"": {""call_vol"": 276, ""put_vol"": 141, ""call_oi"": 2066, ""put_oi"": 2289}}",0.789258009734746,1.0087438927352366,615938,486134,672355,678234,684304,527215,0.7704397460777666,797129,757873,0.9507532657825772,18.68,18.68,18.02,18.17,0.5,0.55,1.0,0.9833333333333333,0.2,0.23333333333333334,0.5,0.2833333333333333,1.0,1.0,0.5,0.2833333333333333,1.0,1.0
20250217,3954.415,3955.896,3921.702,3947.398,21358824600,,0.8680863638544608,0.21297234913655316,8.389000000000124,,0.5187700038886064,0.6366856469664245,0.3991972346761791,66862,34686,127325,81066,"{""2502"": {""call_vol"": 47745, ""put_vol"": 25971, ""call_oi"": 46251, ""put_oi"": 36017}, ""2503"": {""call_vol"": 15837, ""put_vol"": 5569, ""call_oi"": 48359, ""put_oi"": 24978}, ""2504"": {""call_vol"": 632, ""put_vol"": 775, ""call_oi"": 1886, ""put_oi"": 1535}, ""2506"": {""call_vol"": 1591, ""put_vol"": 1211, ""call_oi"": 18726, ""put_oi"": 8864}, ""2509"": {""call_vol"": 900, ""put_vol"": 606, ""call_oi"": 10023, ""put_oi"": 7292}, ""2512"": {""call_vol"": 157, ""put_vol"": 554, ""call_oi"": 2080, ""put_oi"": 2380}}",0.7660712340344055,0.9756958885226339,605834,464112,680461,663923,672696,498798,0.741490955795783,807786,744989,0.922260351132602,19.13,19.41,18.89,18.99,0.15,0.26666666666666666,0.9,0.9666666666666667,0.1,0.13333333333333333,0.5,0.26666666666666666,0.9,0.8666666666666667,0.45,0.25,0.95,0.9666666666666667
20250218,3942.576,3965.423,3901.868,3912.783,20942510100,,1.6100479353741333,-0.8769067623786708,-34.61500000000024,,0.6734341347152525,0.6397341837776696,0.5391142277398263,91467,61597,127306,81442,"{""2502"": {""call_vol"": 65162, ""put_vol"": 46384, ""call_oi"": 43016, ""put_oi"": 33628}, ""2503"": {""call_vol"": 21549, ""put_vol"": 11171, ""call_oi"": 50693, ""put_oi"": 27159}, ""2504"": {""call_vol"": 1047, ""put_vol"": 778, ""call_oi"": 2249, ""put_oi"": 1671}, ""2506"": {""call_vol"": 2210, ""put_vol"": 1257, ""call_oi"": 18815, ""put_oi"": 8769}, ""2509"": {""call_vol"": 1281, ""put_vol"": 1449, ""call_oi"": 10476, ""put_oi"": 7816}, ""2512"": {""call_vol"": 218, ""put_vol"": 558, ""call_oi"": 2057, ""put_oi"": 2399}}",0.9005831222705586,0.9559126559662842,713058,642168,686206,655953,804525,703765,0.8747583978123737,813512,737395,0.9064340784155611,19.23,19.45,18.42,18.51,0.95,0.8,1.0,1.0,0.5,0.38333333333333336,0.9,0.5333333333333333,0.75,0.7166666666666667,0.9,0.55,0.8,0.8166666666666667
20250219,3906.22,3943.674,3904.146,3940.16,18282951700,,1.0102272474604341,0.6996810198776737,27.376999999999953,,0.656331502562057,0.6421811023622047,0.5151096042071249,65182,42781,127000,81557,"{""2502"": {""call_vol"": 45701, ""put_vol"": 31729, ""call_oi"": 39868, ""put_oi"": 31554}, ""2503"": {""call_vol"": 16981, ""put_vol"": 8437, ""call_oi"": 53243, ""put_oi"": 29120}, ""2504"": {""call_vol"": 395, ""put_vol"": 420, ""call_oi"": 2315, ""put_oi"": 1738}, ""2506"": {""call_vol"": 1131, ""put_vol"": 856, ""call_oi"": 18748, ""put_oi"": 8737}, ""2509"": {""call_vol"": 691, ""put_vol"": 963, ""call_oi"": 10699, ""put_oi"": 7970}, ""2512"": {""call_vol"": 283, ""put_vol"": 376, ""call_oi"": 2127, ""put_oi"": 2438}}",0.8878306325319991,1.0056756809248417,593219,526678,669347,673146,658401,569459,0.8649121128309344,796347,754703,0.9477062134973824,18.78,18.78,18.07,18.16,0.85,0.7666666666666667,1.0,1.0,0.45,0.3333333333333333,0.85,0.5,0.95,0.9833333333333333,0.8,0.5166666666666667,0.95,0.9833333333333333
20250220,3934.65,3940.678,3916.177,3928.896,16389523600,,0.6218275399983694,-0.28587671566635553,-11.263999999999669,,0.6222453764001042,0.6345631428637767,0.6032316677365469,57585,35832,129207,81990,"{""2502"": {""call_vol"": 35043, ""put_vol"": 24101, ""call_oi"": 37232, ""put_oi"": 29815}, ""2503"": {""call_vol"": 20004, ""put_vol"": 9774, ""call_oi"": 57373, ""put_oi"": 30946}, ""2504"": {""call_vol"": 1029, ""put_vol"": 343, ""call_oi"": 2700, ""put_oi"": 1805}, ""2506"": {""call_vol"": 851, ""put_vol"": 840, ""call_oi"": 18885, ""put_oi"": 8656}, ""2509"": {""call_vol"": 472, ""put_vol"": 573, ""call_oi"": 10816, ""put_oi"": 8249}, ""2512"": {""call_vol"": 186, ""put_vol"": 201, ""call_oi"": 2201, ""put_oi"": 2519}}",0.9208097518502394,0.9614849890364413,459400,423020,680436,654229,516985,458852,0.8875537974989604,809643,736219,0.9093131170157711,18.13,18.48,17.63,17.63,0.6,0.65,0.75,0.9166666666666666,0.7,0.5833333333333334,0.9,0.6,0.7,0.7,0.9,0.6,0.75,0.8166666666666667
20250221,3938.052,3981.048,3927.787,3978.444,22740033000,,1.3556225463845306,1.2611176269364144,49.547999999999774,,0.5055458827896453,0.6130444484587021,0.4159161676814195,113147,57201,94109,57693,"{""2502"": {""call_vol"": 55932, ""put_vol"": 28608, ""call_oi"": 0, ""put_oi"": 0}, ""2503"": {""call_vol"": 51971, ""put_vol"": 24672, ""call_oi"": 59340, ""put_oi"": 35774}, ""2504"": {""call_vol"": 1500, ""put_vol"": 1586, ""call_oi"": 2791, ""put_oi"": 2259}, ""2506"": {""call_vol"": 2513, ""put_vol"": 1290, ""call_oi"": 18986, ""put_oi"": 8679}, ""2509"": {""call_vol"": 923, ""put_vol"": 799, ""call_oi"": 10780, ""put_oi"": 8376}, ""2512"": {""call_vol"": 308, ""put_vol"": 246, ""call_oi"": 2212, ""put_oi"": 2605}}",0.7483567771211072,1.0421687952146528,772415,578042,649817,677219,885562,635243,0.7173331737360004,743926,734912,0.987883203436901,17.97,19.55,17.48,18.33,0.15,0.23333333333333334,0.6,0.8666666666666667,0.15,0.16666666666666666,0.4,0.23333333333333334,1.0,1.0,0.4,0.23333333333333334,1.0,1.0
20250224,3972.483,3995.946,3949.231,3969.717,22081061800,,1.1742027787748097,-0.21935711549539993,-8.726999999999862,,0.570802891416833,0.6147269691121622,0.5113780516702535,51601,29454,100007,61477,"{""2503"": {""call_vol"": 46755, ""put_vol"": 24904, ""call_oi"": 64271, ""put_oi"": 38421}, ""2504"": {""call_vol"": 1665, ""put_vol"": 1522, ""call_oi"": 3162, ""put_oi"": 2511}, ""2505"": {""call_vol"": 410, ""put_vol"": 787, ""call_oi"": 278, ""put_oi"": 418}, ""2506"": {""call_vol"": 1883, ""put_vol"": 1289, ""call_oi"": 19138, ""put_oi"": 8912}, ""2509"": {""call_vol"": 618, ""put_vol"": 662, ""call_oi"": 10878, ""put_oi"": 8524}, ""2512"": {""call_vol"": 270, ""put_vol"": 290, ""call_oi"": 2280, ""put_oi"": 2691}}",0.7584618653375923,1.0126693775298647,555374,421230,648256,656469,606975,450684,0.7425083405412084,748263,717946,0.9594834971126462,18.79,18.79,17.84,18.03,0.4,0.43333333333333335,0.65,0.8833333333333333,0.5,0.3333333333333333,0.5,0.26666666666666666,0.95,0.9833333333333333,0.55,0.3,0.95,0.9833333333333333
20250225,3933.636,3955.434,3915.653,3925.651,17810858000,,1.0021117374362054,-1.1100539408728682,-44.06600000000026,,0.6332154161236269,0.6148219604023452,0.6607795584405861,48339,30609,106774,65647,"{""2503"": {""call_vol"": 42525, ""put_vol"": 25196, ""call_oi"": 69270, ""put_oi"": 40773}, ""2504"": {""call_vol"": 2162, ""put_vol"": 2939, ""call_oi"": 3619, ""put_oi"": 3716}, ""2505"": {""call_vol"": 483, ""put_vol"": 425, ""call_oi"": 564, ""put_oi"": 634}, ""2506"": {""call_vol"": 1904, ""put_vol"": 1120, ""call_oi"": 19720, ""put_oi"": 9054}, ""2509"": {""call_vol"": 1069, ""put_vol"": 755, ""call_oi"": 11288, ""put_oi"": 8752}, ""2512"": {""call_vol"": 196, ""put_vol"": 174, ""call_oi"": 2313, ""put_oi"": 2718}}",0.8164694051950088,0.9387165798832989,523079,427078,684655,642697,571418,457687,0.800967067890756,791429,708344,0.8950190099175036,18.31,18.46,17.51,17.57,0.8,0.7333333333333333,0.65,0.8833333333333333,0.9,0.7166666666666667,0.75,0.43333333333333335,0.45,0.5666666666666667,0.75,0.43333333333333335,0.5,0.65
20250226,3931.842,3960.33,3925.366,3959.941,19106250100,,0.8906548238750706,0.8734856970219695,34.289999999999964,,0.6181148333064905,0.6198102446178638,0.5363570349042656,49672,30703,110458,68463,"{""2503"": {""call_vol"": 45428, ""put_vol"": 26532, ""call_oi"": 71770, ""put_oi"": 42173}, ""2504"": {""call_vol"": 1829, ""put_vol"": 2428, ""call_oi"": 4127, ""put_oi"": 4734}, ""2505"": {""call_vol"": 427, ""put_vol"": 385, ""call_oi"": 711, ""put_oi"": 793}, ""2506"": {""call_vol"": 1316, ""put_vol"": 853, ""call_oi"": 20066, ""put_oi"": 9210}, ""2509"": {""call_vol"": 405, ""put_vol"": 395, ""call_oi"": 11480, ""put_oi"": 8853}, ""2512"": {""call_vol"": 267, ""put_vol"": 110, ""call_oi"": 2304, ""put_oi"": 2700}}",0.7174903708873417,1.0056633484845776,533019,382436,503589,506441,582691,413139,0.7090190169403681,614047,574904,0.9362540652425628,17.82,18.42,17.39,18.17,0.6,0.65,0.65,0.8833333333333333,0.65,0.4166666666666667,0.25,0.11666666666666667,0.8,0.9333333333333333,0.35,0.2,0.8,0.9333333333333333
20250227,3961.064,3973.932,3933.461,3968.116,20288796300,,1.0220101764142449,0.20644246972367775,8.175000000000182,,0.4999653859466944,0.6258261089721764,0.4679586239345015,57780,28888,114543,71684,"{""2503"": {""call_vol"": 52353, ""put_vol"": 24229, ""call_oi"": 75143, ""put_oi"": 43856}, ""2504"": {""call_vol"": 2402, ""put_vol"": 2533, ""call_oi"": 4592, ""put_oi"": 5787}, ""2505"": {""call_vol"": 657, ""put_vol"": 464, ""call_oi"": 870, ""put_oi"": 932}, ""2506"": {""call_vol"": 1625, ""put_vol"": 1039, ""call_oi"": 20070, ""put_oi"": 9489}, ""2509"": {""call_vol"": 625, ""put_vol"": 507, ""call_oi"": 11555, ""put_oi"": 8915}, ""2512"": {""call_vol"": 118, ""put_vol"": 116, ""call_oi"": 2313, ""put_oi"": 2705}}",0.7947013417098887,0.9678955531573656,492804,391632,568021,549785,550584,420520,0.7637708324252067,682564,621469,0.9104919099161397,18.5,18.76,18.0,18.08,0.15,0.23333333333333334,0.7,0.9,0.35,0.2833333333333333,0.7,0.36666666666666664,0.65,0.7,0.65,0.35,0.6,0.7666666666666667
20250228,3950.187,3972.481,3886.399,3890.049,19810414700,,2.169341823676534,-1.9673568010612597,-78.06700000000001,,0.6953751100631277,0.6160787257109499,0.7869209466072362,67007,46595,119910,73874,"{""2503"": {""call_vol"": 59604, ""put_vol"": 39830, ""call_oi"": 78656, ""put_oi"": 43975}, ""2504"": {""call_vol"": 3770, ""put_vol"": 3854, ""call_oi"": 5904, ""put_oi"": 7397}, ""2505"": {""call_vol"": 430, ""put_vol"": 581, ""call_oi"": 963, ""put_oi"": 956}, ""2506"": {""call_vol"": 2026, ""put_vol"": 1356, ""call_oi"": 20149, ""put_oi"": 9663}, ""2509"": {""call_vol"": 864, ""put_vol"": 660, ""call_oi"": 11826, ""put_oi"": 9046}, ""2512"": {""call_vol"": 313, ""put_vol"": 314, ""call_oi"": 2412, ""put_oi"": 2837}}",0.9051213817432886,0.8535936479880861,490395,443867,654029,558275,557402,490462,0.8799071406274107,773939,632149,0.8167943468412885,18.17,18.67,18.04,18.43,1.0,0.8666666666666667,0.55,0.85,0.95,0.8,0.95,0.6166666666666667,0.05,0.25,0.95,0.6333333333333333,0.05,0.26666666666666666
20250303,3899.696,3930.005,3872.587,3888.474,17762316600,,1.4760225385335795,-0.04048792187449912,-1.574999999999818,,0.689946133915178,0.644030409927848,0.8132364343517566,58664,40475,118777,76496,"{""2503"": {""call_vol"": 51949, ""put_vol"": 34840, ""call_oi"": 76174, ""put_oi"": 44960}, ""2504"": {""call_vol"": 3530, ""put_vol"": 3699, ""call_oi"": 6772, ""put_oi"": 8782}, ""2505"": {""call_vol"": 694, ""put_vol"": 562, ""call_oi"": 948, ""put_oi"": 1075}, ""2506"": {""call_vol"": 1703, ""put_vol"": 737, ""call_oi"": 20321, ""put_oi"": 9688}, ""2509"": {""call_vol"": 629, ""put_vol"": 430, ""call_oi"": 12107, ""put_oi"": 9134}, ""2512"": {""call_vol"": 159, ""put_vol"": 207, ""call_oi"": 2455, ""put_oi"": 2857}}",1.0638541178326228,0.8654966522490697,456478,485626,662385,573292,515142,526101,1.021273745879777,781162,649788,0.8318223364679798,18.74,18.74,17.25,17.31,0.95,0.85,1.0,1.0,0.95,0.8,1.0,0.8166666666666667,0.1,0.2833333333333333,1.0,0.8166666666666667,0.15,0.3333333333333333
20250304,3865.994,3890.424,3855.725,3885.221,14985096700,,0.8923552015520759,-0.08365749648834298,-3.2530000000001564,,0.8086015792905267,0.641940775982282,1.0520927686466637,41411,33485,121910,78259,"{""2503"": {""call_vol"": 35760, ""put_vol"": 28299, ""call_oi"": 78233, ""put_oi"": 46115}, ""2504"": {""call_vol"": 3184, ""put_vol"": 3365, ""call_oi"": 7425, ""put_oi"": 9141}, ""2505"": {""call_vol"": 614, ""put_vol"": 679, ""call_oi"": 1056, ""put_oi"": 1129}, ""2506"": {""call_vol"": 1185, ""put_vol"": 585, ""call_oi"": 20409, ""put_oi"": 9753}, ""2509"": {""call_vol"": 455, ""put_vol"": 364, ""call_oi"": 12250, ""put_oi"": 9171}, ""2512"": {""call_vol"": 213, ""put_vol"": 193, ""call_oi"": 2537, ""put_oi"": 2950}}",1.0492971390437646,0.8597302819540922,325171,341201,685679,589499,366582,374686,1.0221069228712811,807589,667758,0.8268537585331153,17.97,19.55,17.48,18.33,1.0,0.9666666666666667,0.9,0.9666666666666667,1.0,0.8833333333333333,0.95,0.7833333333333333,0.1,0.26666666666666666,1.0,0.8166666666666667,0.15,0.3
20250305,3887.799,3906.421,3877.019,3902.571,15865275100,,0.7567651878747707,0.4465640435898033,17.34999999999991,,0.7186038454876148,0.6478512960436562,0.853012341492769,34638,24891,123144,79779,"{""2503"": {""call_vol"": 29218, ""put_vol"": 21127, ""call_oi"": 79204, ""put_oi"": 47174}, ""2504"": {""call_vol"": 3355, ""put_vol"": 2651, ""call_oi"": 7406, ""put_oi"": 9489}, ""2505"": {""call_vol"": 402, ""put_vol"": 170, ""call_oi"": 1145, ""put_oi"": 1142}, ""2506"": {""call_vol"": 1052, ""put_vol"": 429, ""call_oi"": 20523, ""put_oi"": 9756}, ""2509"": {""call_vol"": 414, ""put_vol"": 378, ""call_oi"": 12290, ""put_oi"": 9233}, ""2512"": {""call_vol"": 197, ""put_vol"": 136, ""call_oi"": 2576, ""put_oi"": 2985}}",0.9038422395220661,0.8603002905804819,378295,341919,692063,595382,412933,366810,0.8883039137099723,815207,675161,0.8282080502252802,16.93,17.01,16.23,16.26,0.95,0.8666666666666667,1.0,1.0,0.95,0.85,0.8,0.5666666666666667,0.15,0.2833333333333333,0.9,0.6166666666666667,0.15,0.3333333333333333
20250306,3923.383,3964.494,3917.083,3956.237,19396091500,,1.214865789757574,1.3751447443236753,53.66600000000017,,0.5318610560771815,0.684134495641345,0.39205101222255895,92872,49395,120450,82404,"{""2503"": {""call_vol"": 81465, ""put_vol"": 39883, ""call_oi"": 75418, ""put_oi"": 48284}, ""2504"": {""call_vol"": 6962, ""put_vol"": 6494, ""call_oi"": 7897, ""put_oi"": 10260}, ""2505"": {""call_vol"": 536, ""put_vol"": 823, ""call_oi"": 1246, ""put_oi"": 1195}, ""2506"": {""call_vol"": 2720, ""put_vol"": 1158, ""call_oi"": 21046, ""put_oi"": 10091}, ""2509"": {""call_vol"": 881, ""put_vol"": 589, ""call_oi"": 12265, ""put_oi"": 9408}, ""2512"": {""call_vol"": 308, ""put_vol"": 448, ""call_oi"": 2578, ""put_oi"": 3166}}",0.756100371769467,0.9585865642789689,668156,505193,675602,647623,761028,554588,0.7287353421950309,796052,730027,0.9170594383281494,16.41,17.47,16.29,16.95,0.25,0.26666666666666666,1.0,1.0,0.05,0.06666666666666667,0.4,0.25,0.55,0.6666666666666666,0.35,0.25,0.7,0.85
20250307,3944.915,3967.074,3935.046,3944.014,16673237500,,0.8095571625259115,-0.30895520162214085,-12.222999999999956,,0.5295629820051414,0.6983538484354145,0.4554531909447243,52904,28016,121374,84762,"{""2503"": {""call_vol"": 45409, ""put_vol"": 22841, ""call_oi"": 74476, ""put_oi"": 49331}, ""2504"": {""call_vol"": 4173, ""put_vol"": 3535, ""call_oi"": 8609, ""put_oi"": 11229}, ""2505"": {""call_vol"": 629, ""put_vol"": 341, ""call_oi"": 1540, ""put_oi"": 1324}, ""2506"": {""call_vol"": 1830, ""put_vol"": 654, ""call_oi"": 21711, ""put_oi"": 10124}, ""2509"": {""call_vol"": 566, ""put_vol"": 431, ""call_oi"": 12368, ""put_oi"": 9499}, ""2512"": {""call_vol"": 297, ""put_vol"": 214, ""call_oi"": 2670, ""put_oi"": 3255}}",0.7470497771231847,0.9214065281213158,384293,287086,692144,637746,437197,315102,0.7207323014567804,813518,722508,0.8881278594941968,17.05,17.05,15.98,16.01,0.2,0.26666666666666666,1.0,1.0,0.25,0.23333333333333334,0.25,0.21666666666666667,0.3,0.48333333333333334,0.3,0.23333333333333334,0.35,0.6166666666666667
20250310,3945.58,3949.145,3905.127,3928.802,15276523200,,1.1160710889971492,-0.38569842804817567,-15.211999999999989,,0.7052126534927218,0.6878623720048541,0.7239448991380016,49188,34688,126079,86725,"{""2503"": {""call_vol"": 40577, ""put_vol"": 27011, ""call_oi"": 76977, ""put_oi"": 50155}, ""2504"": {""call_vol"": 5300, ""put_vol"": 5463, ""call_oi"": 9714, ""put_oi"": 11932}, ""2505"": {""call_vol"": 448, ""put_vol"": 258, ""call_oi"": 1718, ""put_oi"": 1385}, ""2506"": {""call_vol"": 1922, ""put_vol"": 1068, ""call_oi"": 22403, ""put_oi"": 10286}, ""2509"": {""call_vol"": 704, ""put_vol"": 602, ""call_oi"": 12500, ""put_oi"": 9629}, ""2512"": {""call_vol"": 237, ""put_vol"": 286, ""call_oi"": 2767, ""put_oi"": 3338}}",0.8731293921273545,0.8685092515578342,450522,393364,733390,636956,499710,428052,0.8566008284805187,859469,723681,0.842009426750703,16.27,16.36,15.93,16.0,0.9,0.85,0.95,0.9833333333333333,0.8,0.7166666666666667,0.65,0.5166666666666667,0.25,0.3333333333333333,0.65,0.5333333333333333,0.25,0.38333333333333336
20250311,3890.431,3941.416,3889.43,3941.416,14475440200,,1.3232023400517596,0.32106479277906885,12.614000000000033,,0.6979938944614043,0.705047005252827,0.6885152938280752,50446,35211,125837,88721,"{""2503"": {""call_vol"": 39536, ""put_vol"": 27323, ""call_oi"": 76374, ""put_oi"": 51231}, ""2504"": {""call_vol"": 4753, ""put_vol"": 5288, ""call_oi"": 10698, ""put_oi"": 12713}, ""2505"": {""call_vol"": 711, ""put_vol"": 393, ""call_oi"": 1905, ""put_oi"": 1458}, ""2506"": {""call_vol"": 4251, ""put_vol"": 1195, ""call_oi"": 21467, ""put_oi"": 10366}, ""2509"": {""call_vol"": 881, ""put_vol"": 703, ""call_oi"": 12523, ""put_oi"": 9550}, ""2512"": {""call_vol"": 314, ""put_vol"": 309, ""call_oi"": 2870, ""put_oi"": 3403}}",1.0292724858192899,0.9004549183384294,388556,399930,737495,664081,439002,435141,0.9912050514576244,863332,752802,0.8719727752475294,16.41,17.47,16.29,16.95,0.85,0.8166666666666667,1.0,1.0,0.75,0.6833333333333333,0.9,0.7666666666666667,0.3,0.43333333333333335,0.9,0.75,0.3,0.5166666666666667
20250312,3946.862,3953.613,3921.474,3927.232,15673219000,,0.8154176062612947,-0.35987066577088944,-14.184000000000196,,0.579917896001602,0.6980125879763123,0.4932966428367646,59924,34751,129012,90052,"{""2503"": {""call_vol"": 50105, ""put_vol"": 28846, ""call_oi"": 76991, ""put_oi"": 51217}, ""2504"": {""call_vol"": 6278, ""put_vol"": 4407, ""call_oi"": 12236, ""put_oi"": 13821}, ""2505"": {""call_vol"": 680, ""put_vol"": 460, ""call_oi"": 2153, ""put_oi"": 1523}, ""2506"": {""call_vol"": 1855, ""put_vol"": 498, ""call_oi"": 21822, ""put_oi"": 10397}, ""2509"": {""call_vol"": 868, ""put_vol"": 481, ""call_oi"": 12891, ""put_oi"": 9682}, ""2512"": {""call_vol"": 138, ""put_vol"": 59, ""call_oi"": 2919, ""put_oi"": 3412}}",0.8429104372217526,0.8743227996111507,460247,387947,768421,671848,520171,422698,0.8126135443921326,897433,761900,0.8489770266972576,16.45,16.63,16.28,16.43,0.35,0.38333333333333336,0.9,0.9666666666666667,0.4,0.26666666666666666,0.55,0.48333333333333334,0.3,0.36666666666666664,0.55,0.45,0.3,0.43333333333333335
20250313,3925.744,3939.285,3897.376,3911.579,15653644300,,1.0671383814350577,-0.39857589263888604,-15.652999999999793,,0.6716799778722816,0.6853612454655381,0.6787783071684436,57846,38854,132320,90687,"{""2503"": {""call_vol"": 47994, ""put_vol"": 31041, ""call_oi"": 78312, ""put_oi"": 50563}, ""2504"": {""call_vol"": 6800, ""put_vol"": 6055, ""call_oi"": 13844, ""put_oi"": 14768}, ""2505"": {""call_vol"": 618, ""put_vol"": 527, ""call_oi"": 2102, ""put_oi"": 1614}, ""2506"": {""call_vol"": 1448, ""put_vol"": 456, ""call_oi"": 22176, ""put_oi"": 10545}, ""2509"": {""call_vol"": 826, ""put_vol"": 619, ""call_oi"": 12954, ""put_oi"": 9710}, ""2512"": {""call_vol"": 160, ""put_vol"": 156, ""call_oi"": 2932, ""put_oi"": 3487}}",0.8596436691230701,0.8418390143441886,492183,423102,778852,655668,550029,461956,0.8398757156440843,911172,746355,0.8191153810696553,16.49,16.98,16.34,16.59,0.65,0.7333333333333333,0.8,0.9333333333333333,0.7,0.6666666666666666,0.55,0.48333333333333334,0.05,0.25,0.55,0.48333333333333334,0.1,0.2833333333333333
20250314,3919.616,4014.159,3919.616,4006.557,21613900300,,2.4170034658637882,2.4281242945623616,94.97799999999961,,0.4783513926400536,0.7192626297981566,0.3273080546136555,155137,74210,128565,92472,"{""2503"": {""call_vol"": 118027, ""put_vol"": 57070, ""call_oi"": 68833, ""put_oi"": 49623}, ""2504"": {""call_vol"": 24204, ""put_vol"": 11040, ""call_oi"": 17781, ""put_oi"": 16659}, ""2505"": {""call_vol"": 1996, ""put_vol"": 1615, ""call_oi"": 2043, ""put_oi"": 1887}, ""2506"": {""call_vol"": 6938, ""put_vol"": 1677, ""call_oi"": 23731, ""put_oi"": 10876}, ""2509"": {""call_vol"": 2659, ""put_vol"": 1570, ""call_oi"": 13076, ""put_oi"": 9553}, ""2512"": {""call_vol"": 1313, ""put_vol"": 1238, ""call_oi"": 3101, ""put_oi"": 3874}}",0.6759990216936969,1.0040697014417073,1222521,826423,704720,707588,1377658,900633,0.6537420753191285,833285,800060,0.9601276874058695,16.66,18.57,16.26,18.29,0.05,0.1,1.0,1.0,0.05,0.03333333333333333,0.05,0.05,0.8,0.9166666666666666,0.05,0.05,0.95,0.9833333333333333
20250317,4020.64,4021.728,3992.256,3996.788,16220291100,,0.7355941772449563,-0.24382530936162272,-9.768999999999778,,0.4554805615550756,0.7081418009253061,0.3284579416811417,74080,33742,134442,95204,"{""2503"": {""call_vol"": 53014, ""put_vol"": 23040, ""call_oi"": 69167, ""put_oi"": 49193}, ""2504"": {""call_vol"": 14896, ""put_vol"": 6952, ""call_oi"": 22067, ""put_oi"": 18655}, ""2505"": {""call_vol"": 992, ""put_vol"": 690, ""call_oi"": 2195, ""put_oi"": 1979}, ""2506"": {""call_vol"": 2568, ""put_vol"": 1516, ""call_oi"": 24032, ""put_oi"": 11420}, ""2509"": {""call_vol"": 1626, ""put_vol"": 695, ""call_oi"": 13579, ""put_oi"": 9663}, ""2512"": {""call_vol"": 984, ""put_vol"": 849, ""call_oi"": 3402, ""put_oi"": 4294}}",0.8062668435004254,0.9365937814204528,588877,474792,734991,688388,662957,508534,0.7670693574394719,869433,783592,0.9012678377747336,19.02,19.31,17.9,18.18,0.05,0.03333333333333333,0.95,0.9833333333333333,0.1,0.03333333333333333,0.4,0.4,0.5,0.65,0.4,0.31666666666666665,0.55,0.7
20250318,4011.779,4016.873,3995.96,4007.723,14020849600,,0.5232451658681924,0.27359469654131274,10.934999999999945,,0.5164770653846764,0.6916813718670601,0.36057900485461936,63027,32552,136573,94465,"{""2503"": {""call_vol"": 46828, ""put_vol"": 24442, ""call_oi"": 67281, ""put_oi"": 46739}, ""2504"": {""call_vol"": 12691, ""put_vol"": 5949, ""call_oi"": 25350, ""put_oi"": 19853}, ""2505"": {""call_vol"": 660, ""put_vol"": 493, ""call_oi"": 2225, ""put_oi"": 2083}, ""2506"": {""call_vol"": 1886, ""put_vol"": 780, ""call_oi"": 24571, ""put_oi"": 11647}, ""2509"": {""call_vol"": 715, ""put_vol"": 644, ""call_oi"": 13708, ""put_oi"": 9835}, ""2512"": {""call_vol"": 247, ""put_vol"": 244, ""call_oi"": 3438, ""put_oi"": 4308}}",0.7903342295483926,0.9438777728265713,494301,390663,736072,694762,557328,423215,0.7593643240605173,872645,789227,0.9044078634496273,18.47,18.86,17.67,17.94,0.25,0.15,0.75,0.9166666666666666,0.15,0.05,0.35,0.31666666666666665,0.6,0.6833333333333333,0.35,0.3,0.6,0.7166666666666667
20250319,4004.825,4025.299,3989.512,4010.168,14441942800,,0.8929509349822782,0.061007210328667405,2.4450000000001637,,0.49037039124248016,0.6940499235124808,0.38407142962740887,70979,34806,137931,95731,"{""2503"": {""call_vol"": 51892, ""put_vol"": 24391, ""call_oi"": 64249, ""put_oi"": 45748}, ""2504"": {""call_vol"": 15939, ""put_vol"": 8621, ""call_oi"": 29118, ""put_oi"": 21630}, ""2505"": {""call_vol"": 589, ""put_vol"": 403, ""call_oi"": 2417, ""put_oi"": 2189}, ""2506"": {""call_vol"": 2033, ""put_vol"": 909, ""call_oi"": 25015, ""put_oi"": 11944}, ""2509"": {""call_vol"": 409, ""put_vol"": 368, ""call_oi"": 13695, ""put_oi"": 9864}, ""2512"": {""call_vol"": 117, ""put_vol"": 114, ""call_oi"": 3437, ""put_oi"": 4356}}",0.827136284212213,0.9387335398863375,524228,433608,742021,696560,595207,468414,0.7869766316592379,879952,792291,0.9003797934432787,18.18,18.18,17.66,17.89,0.15,0.1,0.75,0.9166666666666666,0.2,0.06666666666666667,0.55,0.4666666666666667,0.6,0.65,0.5,0.4166666666666667,0.55,0.6666666666666666
20250320,4011.059,4012.042,3969.926,3974.992,13375467000,,1.050230314540438,-0.8771702332670328,-35.17599999999993,,0.5296996974089048,0.6797925497571794,0.49915444669299625,78654,41663,142492,96865,"{""2503"": {""call_vol"": 53212, ""put_vol"": 26580, ""call_oi"": 61490, ""put_oi"": 42825}, ""2504"": {""call_vol"": 21405, ""put_vol"": 12805, ""call_oi"": 35208, ""put_oi"": 24946}, ""2505"": {""call_vol"": 993, ""put_vol"": 651, ""call_oi"": 2855, ""put_oi"": 2386}, ""2506"": {""call_vol"": 1965, ""put_vol"": 921, ""call_oi"": 25423, ""put_oi"": 12171}, ""2509"": {""call_vol"": 803, ""put_vol"": 499, ""call_oi"": 13970, ""put_oi"": 10098}, ""2512"": {""call_vol"": 276, ""put_vol"": 207, ""call_oi"": 3546, ""put_oi"": 4439}}",0.8737790374006782,0.8689945485207797,513734,448890,764930,664720,592388,490553,0.828094086983531,907422,761585,0.8392842580409116,17.93,17.93,16.98,17.04,0.4,0.21666666666666667,0.5,0.8333333333333334,0.5,0.3,0.75,0.5666666666666667,0.35,0.35,0.65,0.5333333333333333,0.3,0.35
20250321,3966.515,3983.148,3904.767,3914.696,16590529400,,1.9718530251130142,-1.5168835559920657,-60.29600000000028,,0.636976320582878,0.6547931195804728,0.8784533881929536,109800,69940,91913,60184,"{""2503"": {""call_vol"": 60874, ""put_vol"": 34482, ""call_oi"": 0, ""put_oi"": 0}, ""2504"": {""call_vol"": 40409, ""put_vol"": 30068, ""call_oi"": 43680, ""put_oi"": 29670}, ""2505"": {""call_vol"": 2724, ""put_vol"": 1948, ""call_oi"": 4029, ""put_oi"": 2803}, ""2506"": {""call_vol"": 3713, ""put_vol"": 1947, ""call_oi"": 26389, ""put_oi"": 12647}, ""2509"": {""call_vol"": 1393, ""put_vol"": 1012, ""call_oi"": 14198, ""put_oi"": 10488}, ""2512"": {""call_vol"": 687, ""put_vol"": 483, ""call_oi"": 3617, ""put_oi"": 4576}}",0.8381658902464035,0.7888510623738324,853275,715186,818356,645561,963075,785126,0.815228305168341,910269,705745,0.7753147695900882,17.09,17.47,16.56,16.6,0.65,0.6666666666666666,0.45,0.8166666666666667,0.95,0.85,0.55,0.5,0.05,0.18333333333333332,0.6,0.5,0.05,0.2
20250324,3916.114,3938.183,3907.2,3934.849,15223467400,,0.7914535381546912,0.514803703786959,20.153000000000247,,0.7454872513543475,0.6650682519626323,0.8099919066755973,47809,35641,96554,64215,"{""2504"": {""call_vol"": 39078, ""put_vol"": 29956, ""call_oi"": 46124, ""put_oi"": 32925}, ""2505"": {""call_vol"": 2737, ""put_vol"": 1785, ""call_oi"": 4668, ""put_oi"": 3230}, ""2506"": {""call_vol"": 3931, ""put_vol"": 1939, ""call_oi"": 27211, ""put_oi"": 12934}, ""2509"": {""call_vol"": 1107, ""put_vol"": 744, ""call_oi"": 14528, ""put_oi"": 10409}, ""2512"": {""call_vol"": 644, ""put_vol"": 759, ""call_oi"": 3854, ""put_oi"": 4508}, ""2603"": {""call_vol"": 312, ""put_vol"": 458, ""call_oi"": 169, ""put_oi"": 209}}",0.8639079929547933,0.7725637211546192,572304,494418,795968,614936,620113,530059,0.8547780807691502,892522,679151,0.7609347444656827,17.08,17.1,15.55,15.98,0.95,0.8833333333333333,0.45,0.8166666666666667,0.8,0.75,0.65,0.5666666666666667,0.05,0.16666666666666666,0.7,0.5833333333333334,0.05,0.2
20250325,3937.898,3946.357,3921.529,3932.295,14047539900,,0.630977198870909,-0.0649071921184241,-2.5540000000000873,,0.6884833228445564,0.6741236093201787,0.7667007078393069,31780,21880,100041,67440,"{""2504"": {""call_vol"": 26186, ""put_vol"": 18299, ""call_oi"": 48410, ""put_oi"": 35934}, ""2505"": {""call_vol"": 1655, ""put_vol"": 1185, ""call_oi"": 4830, ""put_oi"": 3342}, ""2506"": {""call_vol"": 2668, ""put_vol"": 1192, ""call_oi"": 27952, ""put_oi"": 13038}, ""2509"": {""call_vol"": 712, ""put_vol"": 890, ""call_oi"": 14580, ""put_oi"": 10327}, ""2512"": {""call_vol"": 363, ""put_vol"": 219, ""call_oi"": 3989, ""put_oi"": 4539}, ""2603"": {""call_vol"": 196, ""put_vol"": 95, ""call_oi"": 280, ""put_oi"": 260}}",0.8539148506930555,0.782191893343443,459992,392794,791325,618968,491772,414674,0.8432240957191544,891366,686408,0.7700630268598981,16.45,16.63,16.28,16.43,0.65,0.75,0.45,0.8166666666666667,0.7,0.7166666666666667,0.55,0.55,0.1,0.2,0.65,0.5833333333333334,0.1,0.21666666666666667
20250326,3930.207,3942.026,3916.861,3919.357,13116418700,,0.6399570734138705,-0.32901905884477056,-12.938000000000102,,0.5470319092043496,0.6579723141796812,0.5893871412920688,33658,18412,104819,68968,"{""2504"": {""call_vol"": 28831, ""put_vol"": 16083, ""call_oi"": 52313, ""put_oi"": 37102}, ""2505"": {""call_vol"": 1353, ""put_vol"": 883, ""call_oi"": 5119, ""put_oi"": 3548}, ""2506"": {""call_vol"": 2275, ""put_vol"": 579, ""call_oi"": 28059, ""put_oi"": 13131}, ""2509"": {""call_vol"": 597, ""put_vol"": 315, ""call_oi"": 14742, ""put_oi"": 10285}, ""2512"": {""call_vol"": 494, ""put_vol"": 429, ""call_oi"": 4261, ""put_oi"": 4571}, ""2603"": {""call_vol"": 108, ""put_vol"": 123, ""call_oi"": 325, ""put_oi"": 331}}",0.8582844466747116,0.819248849561733,502182,431015,504373,413207,535840,449427,0.8387335771872201,609192,482175,0.7914992317692944,15.76,15.76,14.87,15.0,0.45,0.26666666666666666,0.35,0.7833333333333333,0.5,0.5,0.55,0.5666666666666667,0.2,0.3,0.55,0.5666666666666667,0.2,0.3
20250327,3911.384,3952.985,3903.652,3932.412,12679373800,,1.2587013635144766,0.33309035129995834,13.054999999999836,,0.7012881026953107,0.6471721062233935,0.6630150492382296,45338,31795,108526,70235,"{""2504"": {""call_vol"": 37280, ""put_vol"": 26944, ""call_oi"": 54522, ""put_oi"": 37740}, ""2505"": {""call_vol"": 2703, ""put_vol"": 2126, ""call_oi"": 5465, ""put_oi"": 3913}, ""2506"": {""call_vol"": 3706, ""put_vol"": 1486, ""call_oi"": 28666, ""put_oi"": 13314}, ""2509"": {""call_vol"": 816, ""put_vol"": 566, ""call_oi"": 14941, ""put_oi"": 10235}, ""2512"": {""call_vol"": 582, ""put_vol"": 532, ""call_oi"": 4482, ""put_oi"": 4656}, ""2603"": {""call_vol"": 251, ""put_vol"": 141, ""call_oi"": 450, ""put_oi"": 377}}",0.8706262016214501,0.8426591774680439,482161,419782,546921,460868,527499,451577,0.8560717650649575,655447,531103,0.8102912973894152,15.23,15.31,14.7,14.82,0.8,0.8166666666666667,0.2,0.7333333333333333,0.5,0.6166666666666667,0.65,0.6166666666666667,0.3,0.3333333333333333,0.7,0.6333333333333333,0.25,0.31666666666666665
20250328,3930.776,3934.234,3907.384,3915.166,12635621400,,0.6827870528316949,-0.43856035430671625,-17.24599999999964,,0.6757588543347149,0.6380977589553556,0.7173942730396423,40291,27227,113340,72322,"{""2504"": {""call_vol"": 33945, ""put_vol"": 24321, ""call_oi"": 57958, ""put_oi"": 39439}, ""2505"": {""call_vol"": 2121, ""put_vol"": 1009, ""call_oi"": 6157, ""put_oi"": 3940}, ""2506"": {""call_vol"": 2632, ""put_vol"": 906, ""call_oi"": 28874, ""put_oi"": 13630}, ""2509"": {""call_vol"": 896, ""put_vol"": 415, ""call_oi"": 15121, ""put_oi"": 10221}, ""2512"": {""call_vol"": 496, ""put_vol"": 374, ""call_oi"": 4654, ""put_oi"": 4591}, ""2603"": {""call_vol"": 201, ""put_vol"": 202, ""call_oi"": 576, ""put_oi"": 501}}",0.8133535214954283,0.8000650284071463,443164,360449,584360,467526,483455,387676,0.8018864216938495,697700,539848,0.7737537623620467,15.01,15.21,14.81,15.05,0.6,0.7166666666666667,0.05,0.6333333333333333,0.65,0.6666666666666666,0.3,0.45,0.2,0.25,0.35,0.48333333333333334,0.15,0.23333333333333334
20250331,3905.982,3928.448,3872.403,3887.306,16679852300,,1.4314846420305056,-0.7115917945752503,-27.860000000000127,,0.7273994205449811,0.6120873269435569,0.8953112358618383,54534,39668,120192,73568,"{""2504"": {""call_vol"": 46040, ""put_vol"": 33766, ""call_oi"": 62752, ""put_oi"": 39710}, ""2505"": {""call_vol"": 4013, ""put_vol"": 2550, ""call_oi"": 7249, ""put_oi"": 4340}, ""2506"": {""call_vol"": 3022, ""put_vol"": 1720, ""call_oi"": 29329, ""put_oi"": 13935}, ""2509"": {""call_vol"": 895, ""put_vol"": 928, ""call_oi"": 15458, ""put_oi"": 10253}, ""2512"": {""call_vol"": 359, ""put_vol"": 385, ""call_oi"": 4677, ""put_oi"": 4627}, ""2603"": {""call_vol"": 205, ""put_vol"": 319, ""call_oi"": 727, ""put_oi"": 703}}",0.9742367055334636,0.7486508054799965,534132,520371,644088,482197,588666,560039,0.9513697071004611,764280,555765,0.7271745956979118,15.82,16.8,15.67,16.04,0.9,0.8666666666666667,0.05,0.43333333333333335,0.95,0.85,0.9,0.8166666666666667,0.05,0.11666666666666667,0.9,0.8166666666666667,0.05,0.11666666666666667
20250401,3892.779,3905.262,3882.405,3887.684,14038027400,,0.5879907576095108,0.009723957928708948,0.37800000000015643,,0.679084619478446,0.6130608142619413,0.8818706373453928,30064,20416,121386,74417,"{""2504"": {""call_vol"": 24581, ""put_vol"": 17027, ""call_oi"": 63267, ""put_oi"": 39824}, ""2505"": {""call_vol"": 2228, ""put_vol"": 1260, ""call_oi"": 7504, ""put_oi"": 4518}, ""2506"": {""call_vol"": 1878, ""put_vol"": 590, ""call_oi"": 29538, ""put_oi"": 14061}, ""2509"": {""call_vol"": 711, ""put_vol"": 688, ""call_oi"": 15586, ""put_oi"": 10565}, ""2512"": {""call_vol"": 255, ""put_vol"": 349, ""call_oi"": 4774, ""put_oi"": 4702}, ""2603"": {""call_vol"": 411, ""put_vol"": 502, ""call_oi"": 717, ""put_oi"": 747}}",0.9217631456970696,0.761857022364831,310672,286366,666314,507636,340736,306782,0.9003510048835462,787700,582053,0.7389272565697601,16.11,16.17,15.42,15.58,0.65,0.7,0.1,0.45,0.95,0.8333333333333334,0.9,0.7666666666666667,0.1,0.13333333333333333,0.9,0.7833333333333333,0.1,0.18333333333333332
20250402,3884.418,3900.495,3877.16,3884.386,11304317500,,0.6002288251822945,-0.08483199766237126,-3.298000000000229,,0.6814961529671669,0.6124380570807549,0.9230192638970871,26254,17892,123299,75513,"{""2504"": {""call_vol"": 21856, ""put_vol"": 14484, ""call_oi"": 64142, ""put_oi"": 40061}, ""2505"": {""call_vol"": 1939, ""put_vol"": 1397, ""call_oi"": 7829, ""put_oi"": 4774}, ""2506"": {""call_vol"": 1585, ""put_vol"": 685, ""call_oi"": 29988, ""put_oi"": 14312}, ""2509"": {""call_vol"": 687, ""put_vol"": 1055, ""call_oi"": 15873, ""put_oi"": 10909}, ""2512"": {""call_vol"": 58, ""put_vol"": 149, ""call_oi"": 4771, ""put_oi"": 4681}, ""2603"": {""call_vol"": 129, ""put_vol"": 122, ""call_oi"": 696, ""put_oi"": 776}}",0.9300255561363768,0.7631648471647767,275472,256196,681322,519961,301726,274088,0.9084003367293505,804621,595474,0.7400676840400636,15.64,15.76,15.3,15.55,0.7,0.7,0.1,0.4166666666666667,1.0,0.85,0.9,0.7833333333333333,0.15,0.16666666666666666,0.9,0.7833333333333333,0.15,0.2
20250403,3843.418,3883.703,3843.418,3861.503,14259978900,,1.037100844251829,-0.589102112920803,-22.88299999999981,,0.8081141163393849,0.6218257182333603,1.0463828693483095,53980,43622,125934,78309,"{""2504"": {""call_vol"": 44250, ""put_vol"": 36236, ""call_oi"": 64812, ""put_oi"": 41124}, ""2505"": {""call_vol"": 4830, ""put_vol"": 3624, ""call_oi"": 8943, ""put_oi"": 5688}, ""2506"": {""call_vol"": 3020, ""put_vol"": 2445, ""call_oi"": 30302, ""put_oi"": 14702}, ""2509"": {""call_vol"": 1106, ""put_vol"": 928, ""call_oi"": 16354, ""put_oi"": 11266}, ""2512"": {""call_vol"": 481, ""put_vol"": 227, ""call_oi"": 4749, ""put_oi"": 4701}, ""2603"": {""call_vol"": 293, ""put_vol"": 162, ""call_oi"": 774, ""put_oi"": 828}}",1.0593618038891863,0.7343284439665433,489254,518297,730974,536775,543234,561919,1.0343958588748128,856908,615084,0.7177946757411531,16.43,16.61,15.86,15.86,1.0,0.95,0.2,0.55,1.0,0.8666666666666667,1.0,0.8833333333333333,0.05,0.08333333333333333,1.0,0.9,0.05,0.11666666666666667
20250407,3675.202,3707.777,3514.117,3589.441,31257858600,,5.015145657014894,-7.045494979545541,-272.06200000000035,,0.8566111347788067,0.581485853547085,2.1564311176611763,133797,114612,131305,76352,"{""2504"": {""call_vol"": 98026, ""put_vol"": 83893, ""call_oi"": 65712, ""put_oi"": 38118}, ""2505"": {""call_vol"": 12853, ""put_vol"": 8969, ""call_oi"": 10933, ""put_oi"": 6513}, ""2506"": {""call_vol"": 14945, ""put_vol"": 14162, ""call_oi"": 31653, ""put_oi"": 14173}, ""2509"": {""call_vol"": 4458, ""put_vol"": 4347, ""call_oi"": 16759, ""put_oi"": 11711}, ""2512"": {""call_vol"": 2224, ""put_vol"": 2344, ""call_oi"": 5038, ""put_oi"": 4572}, ""2603"": {""call_vol"": 1291, ""put_vol"": 897, ""call_oi"": 1210, ""put_oi"": 1265}}",0.7120348312098698,0.5794735353392497,1258871,896360,791924,458899,1392668,1010972,0.72592462812386,923229,535251,0.5797597345837273,22.4,37.12,22.0,33.09,1.0,0.9833333333333333,0.05,0.2833333333333333,1.0,1.0,0.1,0.1,0.05,0.016666666666666666,0.1,0.21666666666666667,0.05,0.016666666666666666
20250408,3597.986,3650.759,3583.875,3650.759,28019731200,,1.8633542103073992,1.7082882822144319,61.31800000000021,,0.7828156312625251,0.5675242936936006,1.6895544556998703,95808,75000,135529,76916,"{""2504"": {""call_vol"": 65228, ""put_vol"": 52854, ""call_oi"": 66310, ""put_oi"": 38273}, ""2505"": {""call_vol"": 14430, ""put_vol"": 10580, ""call_oi"": 13157, ""put_oi"": 7815}, ""2506"": {""call_vol"": 9656, ""put_vol"": 5528, ""call_oi"": 32564, ""put_oi"": 13710}, ""2509"": {""call_vol"": 3815, ""put_vol"": 3733, ""call_oi"": 16883, ""put_oi"": 11267}, ""2512"": {""call_vol"": 1521, ""put_vol"": 1422, ""call_oi"": 5156, ""put_oi"": 4413}, ""2603"": {""call_vol"": 1158, ""put_vol"": 883, ""call_oi"": 1459, ""put_oi"": 1438}}",0.925687531477532,0.6268793468143486,804145,744387,824023,516563,899953,819387,0.9104775471607962,959552,593479,0.6184959230974455,32.74,32.74,23.91,25.58,0.9,0.9166666666666666,0.05,0.2,0.95,0.9833333333333333,0.8,0.7833333333333333,0.1,0.03333333333333333,0.85,0.8,0.1,0.03333333333333333
20250409,3606.104,3686.794,3587.337,3686.794,26230570800,,2.724282813519048,0.9870550206135142,36.034999999999854,,0.76065242426379,0.5829866888519135,1.0742734762058117,85098,64730,134624,78484,"{""2504"": {""call_vol"": 62760, ""put_vol"": 50050, ""call_oi"": 64463, ""put_oi"": 38310}, ""2505"": {""call_vol"": 11338, ""put_vol"": 8384, ""call_oi"": 13961, ""put_oi"": 9282}, ""2506"": {""call_vol"": 6242, ""put_vol"": 3642, ""call_oi"": 32545, ""put_oi"": 13786}, ""2509"": {""call_vol"": 2702, ""put_vol"": 1250, ""call_oi"": 16992, ""put_oi"": 11208}, ""2512"": {""call_vol"": 1517, ""put_vol"": 811, ""call_oi"": 5119, ""put_oi"": 4456}, ""2603"": {""call_vol"": 539, ""put_vol"": 593, ""call_oi"": 1544, ""put_oi"": 1442}}",0.8409740674275722,0.6863223136018377,762863,641548,830601,570060,847961,706278,0.8329133061544104,965225,648544,0.6719096583698102,25.85,26.69,24.41,24.53,0.85,0.8833333333333333,0.15,0.2833333333333333,0.9,0.9166666666666666,0.4,0.5166666666666667,0.15,0.05,0.5,0.55,0.15,0.05
20250410,3749.126,3756.139,3708.819,3735.115,22725222700,,1.2834999731474057,1.3106509341178185,48.32099999999991,,0.6577693886341179,0.5899599771297884,0.6099497872331935,78938,51923,131175,77388,"{""2504"": {""call_vol"": 58366, ""put_vol"": 39820, ""call_oi"": 59770, ""put_oi"": 36814}, ""2505"": {""call_vol"": 11634, ""put_vol"": 7759, ""call_oi"": 15130, ""put_oi"": 10037}, ""2506"": {""call_vol"": 6193, ""put_vol"": 2516, ""call_oi"": 32339, ""put_oi"": 13649}, ""2509"": {""call_vol"": 1864, ""put_vol"": 1169, ""call_oi"": 17298, ""put_oi"": 11087}, ""2512"": {""call_vol"": 502, ""put_vol"": 364, ""call_oi"": 5138, ""put_oi"": 4354}, ""2603"": {""call_vol"": 379, ""put_vol"": 295, ""call_oi"": 1500, ""put_oi"": 1447}}",0.8293991473065042,0.7053143252240338,756192,627185,811373,572273,835130,679108,0.8131763916994958,942548,649661,0.6892603877998786,23.61,23.61,20.48,21.05,0.4,0.6,0.2,0.31666666666666665,0.35,0.48333333333333334,0.35,0.48333333333333334,0.2,0.08333333333333333,0.35,0.5,0.2,0.1
20250411,3730.315,3762.365,3708.462,3750.517,16875969100,,1.4431416435638473,0.4123567815180973,15.402000000000044,,0.6589181501642881,0.5969863794551782,0.7664889123417062,61173,40308,133328,79595,"{""2504"": {""call_vol"": 46203, ""put_vol"": 31027, ""call_oi"": 59705, ""put_oi"": 36846}, ""2505"": {""call_vol"": 9198, ""put_vol"": 6847, ""call_oi"": 16705, ""put_oi"": 11989}, ""2506"": {""call_vol"": 4067, ""put_vol"": 1581, ""call_oi"": 32616, ""put_oi"": 13864}, ""2509"": {""call_vol"": 1149, ""put_vol"": 549, ""call_oi"": 17509, ""put_oi"": 11031}, ""2512"": {""call_vol"": 251, ""put_vol"": 150, ""call_oi"": 5198, ""put_oi"": 4382}, ""2603"": {""call_vol"": 305, ""put_vol"": 154, ""call_oi"": 1595, ""put_oi"": 1483}}",0.9232591684396524,0.7217468356307606,554620,512058,809166,584013,615793,552366,0.8969994787209338,942494,663608,0.7040978510208022,20.1,21.25,19.98,20.02,0.45,0.6333333333333333,0.25,0.3333333333333333,0.5,0.6666666666666666,0.8,0.8166666666666667,0.25,0.11666666666666667,0.75,0.8,0.25,0.11666666666666667
20250414,3772.041,3776.634,3754.033,3759.142,16446240300,,0.6026102534663919,0.2299682950377191,8.625,,0.6698318246080479,0.6062352711607452,0.7657046068961832,47391,31744,133242,80776,"{""2504"": {""call_vol"": 32773, ""put_vol"": 21077, ""call_oi"": 57093, ""put_oi"": 36182}, ""2505"": {""call_vol"": 8766, ""put_vol"": 7543, ""call_oi"": 19000, ""put_oi"": 13628}, ""2506"": {""call_vol"": 3780, ""put_vol"": 2192, ""call_oi"": 32462, ""put_oi"": 13990}, ""2509"": {""call_vol"": 1518, ""put_vol"": 512, ""call_oi"": 17832, ""put_oi"": 11053}, ""2512"": {""call_vol"": 281, ""put_vol"": 218, ""call_oi"": 5314, ""put_oi"": 4405}, ""2603"": {""call_vol"": 273, ""put_vol"": 202, ""call_oi"": 1541, ""put_oi"": 1518}}",1.1100617164743558,0.7184457546375892,497112,551825,802087,576256,544503,583569,1.0717461611781753,935329,657032,0.7024608453282214,20.52,20.52,17.85,18.16,0.45,0.6333333333333333,0.3,0.35,0.45,0.6666666666666666,1.0,0.9666666666666667,0.25,0.11666666666666667,1.0,0.9666666666666667,0.25,0.11666666666666667
20250415,3756.479,3764.486,3737.85,3761.235,13400604000,,0.708565944037229,0.055677598771208814,2.093000000000302,,0.6948339573697477,0.6245166833739081,1.0766274685287736,40863,28393,132677,82859,"{""2504"": {""call_vol"": 26148, ""put_vol"": 19034, ""call_oi"": 54140, ""put_oi"": 36180}, ""2505"": {""call_vol"": 9091, ""put_vol"": 7021, ""call_oi"": 21392, ""put_oi"": 15552}, ""2506"": {""call_vol"": 4098, ""put_vol"": 1587, ""call_oi"": 32403, ""put_oi"": 14137}, ""2509"": {""call_vol"": 1117, ""put_vol"": 393, ""call_oi"": 17845, ""put_oi"": 11008}, ""2512"": {""call_vol"": 221, ""put_vol"": 131, ""call_oi"": 5307, ""put_oi"": 4399}, ""2603"": {""call_vol"": 188, ""put_vol"": 227, ""call_oi"": 1590, ""put_oi"": 1583}}",1.0547283839355361,0.7086322262108604,528172,557078,817043,578983,569035,585471,1.0288839878039135,949720,661842,0.6968811860337784,17.22,17.22,16.85,17.02,0.65,0.7666666666666667,0.55,0.55,0.9,0.95,0.9,0.9333333333333333,0.25,0.1,0.9,0.95,0.25,0.1
20250416,3757.876,3775.166,3721.603,3772.82,15635900600,,1.4240801226193018,0.308010533774139,11.585000000000036,,0.7867034028697176,0.6380224377258034,1.2827896739639133,55894,43972,131475,83884,"{""2504"": {""call_vol"": 37018, ""put_vol"": 29750, ""call_oi"": 50215, ""put_oi"": 34490}, ""2505"": {""call_vol"": 12944, ""put_vol"": 11266, ""call_oi"": 24084, ""put_oi"": 18502}, ""2506"": {""call_vol"": 4313, ""put_vol"": 1759, ""call_oi"": 32170, ""put_oi"": 14251}, ""2509"": {""call_vol"": 1102, ""put_vol"": 823, ""call_oi"": 18041, ""put_oi"": 10699}, ""2512"": {""call_vol"": 309, ""put_vol"": 231, ""call_oi"": 5319, ""put_oi"": 4357}, ""2603"": {""call_vol"": 208, ""put_vol"": 143, ""call_oi"": 1646, ""put_oi"": 1585}}",0.9747482249915991,0.7053614599473078,693377,675868,829345,584988,749271,719840,0.9607204869800112,960820,668872,0.6961470410690869,16.8,17.65,16.68,17.62,0.9,0.95,0.6,0.6166666666666667,0.9,0.9666666666666667,0.85,0.8833333333333333,0.25,0.08333333333333333,0.85,0.8833333333333333,0.25,0.08333333333333333
20250417,3755.086,3779.125,3749.504,3772.222,12237100200,,0.7851156429408266,-0.01585021283814214,-0.5979999999999563,,0.7625181422351234,0.6463616590987141,0.8747892958485797,60632,46233,131035,84696,"{""2504"": {""call_vol"": 37602, ""put_vol"": 28220, ""call_oi"": 45846, ""put_oi"": 32006}, ""2505"": {""call_vol"": 16032, ""put_vol"": 13886, ""call_oi"": 26899, ""put_oi"": 22219}, ""2506"": {""call_vol"": 4288, ""put_vol"": 2155, ""call_oi"": 32442, ""put_oi"": 14248}, ""2509"": {""call_vol"": 1990, ""put_vol"": 1551, ""call_oi"": 18776, ""put_oi"": 10251}, ""2512"": {""call_vol"": 287, ""put_vol"": 170, ""call_oi"": 5314, ""put_oi"": 4296}, ""2603"": {""call_vol"": 433, ""put_vol"": 251, ""call_oi"": 1758, ""put_oi"": 1676}}",0.8739669038904285,0.7300023770025624,648052,566376,803533,586581,708684,612609,0.8644318201059993,934568,671277,0.7182751816882239,17.44,17.5,17.05,17.36,0.8,0.9,0.7,0.7166666666666667,0.5,0.8,0.55,0.6666666666666666,0.45,0.15,0.55,0.6666666666666666,0.5,0.16666666666666666
20250418,3760.043,3782.044,3754.407,3772.523,10294850900,,0.7326451094341667,0.007979381913369998,0.3009999999999309,,0.6874513012311049,0.6338309784057584,0.7992343679169319,51336,35291,90024,57060,"{""2504"": {""call_vol"": 27105, ""put_vol"": 18513, ""call_oi"": 0, ""put_oi"": 0}, ""2505"": {""call_vol"": 19746, ""put_vol"": 14400, ""call_oi"": 30981, ""put_oi"": 25879}, ""2506"": {""call_vol"": 2824, ""put_vol"": 1524, ""call_oi"": 32812, ""put_oi"": 14612}, ""2509"": {""call_vol"": 1259, ""put_vol"": 648, ""call_oi"": 19105, ""put_oi"": 10523}, ""2512"": {""call_vol"": 252, ""put_vol"": 73, ""call_oi"": 5389, ""put_oi"": 4304}, ""2603"": {""call_vol"": 150, ""put_vol"": 133, ""call_oi"": 1737, ""put_oi"": 1742}}",0.7485206498017349,0.7353393503874693,638287,477771,802386,590026,689623,513062,0.7439746064153893,892410,647086,0.7250994498044621,17.4,17.4,16.7,17.0,0.45,0.7,0.6,0.5333333333333333,0.4,0.7,0.1,0.21666666666666667,0.55,0.18333333333333332,0.1,0.2833333333333333,0.55,0.18333333333333332
20250421,3768.142,3790.178,3763.138,3784.881,12135573000,,0.7167617003262793,0.32757918241981265,12.35799999999972,,0.7294091927638411,0.67027703460775,0.7827316579428553,36594,26692,92696,62132,"{""2505"": {""call_vol"": 28887, ""put_vol"": 22285, ""call_oi"": 32949, ""put_oi"": 30377}, ""2506"": {""call_vol"": 5494, ""put_vol"": 2790, ""call_oi"": 33153, ""put_oi"": 14788}, ""2507"": {""call_vol"": 302, ""put_vol"": 381, ""call_oi"": 169, ""put_oi"": 225}, ""2509"": {""call_vol"": 1302, ""put_vol"": 882, ""call_oi"": 19234, ""put_oi"": 10635}, ""2512"": {""call_vol"": 393, ""put_vol"": 245, ""call_oi"": 5418, ""put_oi"": 4342}, ""2603"": {""call_vol"": 216, ""put_vol"": 109, ""call_oi"": 1773, ""put_oi"": 1765}}",0.8281528124817195,0.7363318394172556,478652,396397,768227,565670,515246,423089,0.8211398050639889,860923,627802,0.7292196863134102,17.28,17.28,16.09,16.63,0.65,0.85,0.95,0.8,0.4,0.6666666666666666,0.2,0.48333333333333334,0.6,0.2,0.25,0.5333333333333333,0.65,0.21666666666666667
20250422,3780.112,3799.23,3778.079,3783.952,12568825700,,0.5588286659474853,-0.024545025325750647,-0.9289999999996326,,0.7425759971885433,0.6882848480397814,0.8626141452815292,28455,21130,95321,65608,"{""2505"": {""call_vol"": 21961, ""put_vol"": 16900, ""call_oi"": 35138, ""put_oi"": 33671}, ""2506"": {""call_vol"": 3986, ""put_vol"": 2171, ""call_oi"": 33171, ""put_oi"": 14824}, ""2507"": {""call_vol"": 258, ""put_vol"": 252, ""call_oi"": 358, ""put_oi"": 293}, ""2509"": {""call_vol"": 1455, ""put_vol"": 1243, ""call_oi"": 19179, ""put_oi"": 10727}, ""2512"": {""call_vol"": 617, ""put_vol"": 258, ""call_oi"": 5676, ""put_oi"": 4327}, ""2603"": {""call_vol"": 178, ""put_vol"": 306, ""call_oi"": 1799, ""put_oi"": 1766}}",0.8098986747775454,0.7370812160305159,384011,311010,746626,550324,412466,332140,0.8052542512594978,841947,615932,0.7315567369442495,16.58,16.87,16.34,16.8,0.7,0.85,1.0,0.8833333333333333,0.5,0.7833333333333333,0.15,0.4166666666666667,0.65,0.21666666666666667,0.2,0.4666666666666667,0.7,0.23333333333333334
20250423,3803.43,3807.954,3780.518,3786.882,13198687000,,0.7250620515270846,0.07743227186813861,2.9299999999998363,,0.6581180980195309,0.6851527278253381,0.7492387014038168,32871,21633,98705,67628,"{""2505"": {""call_vol"": 25618, ""put_vol"": 18117, ""call_oi"": 38110, ""put_oi"": 35706}, ""2506"": {""call_vol"": 4954, ""put_vol"": 2163, ""call_oi"": 33639, ""put_oi"": 14825}, ""2507"": {""call_vol"": 289, ""put_vol"": 297, ""call_oi"": 429, ""put_oi"": 330}, ""2509"": {""call_vol"": 1508, ""put_vol"": 502, ""call_oi"": 19002, ""put_oi"": 10612}, ""2512"": {""call_vol"": 312, ""put_vol"": 303, ""call_oi"": 5713, ""put_oi"": 4306}, ""2603"": {""call_vol"": 190, ""put_vol"": 251, ""call_oi"": 1812, ""put_oi"": 1849}}",0.8033214386622157,0.8234554649602642,477805,383831,484450,398923,510676,405464,0.7939750448425225,583155,466551,0.800046299868817,16.89,16.89,16.39,16.66,0.15,0.5166666666666667,0.95,0.8333333333333334,0.25,0.6,0.15,0.36666666666666664,0.95,0.38333333333333336,0.15,0.4166666666666667,0.95,0.38333333333333336
20250424,3787.459,3807.26,3775.207,3784.357,11716456000,,0.846421937625739,-0.06667754632967426,-2.525000000000091,,0.7872043559639271,0.7025597630632536,0.7819535623973752,29385,23132,99267,69741,"{""2505"": {""call_vol"": 22874, ""put_vol"": 19265, ""call_oi"": 38253, ""put_oi"": 37789}, ""2506"": {""call_vol"": 4069, ""put_vol"": 2478, ""call_oi"": 34089, ""put_oi"": 14954}, ""2507"": {""call_vol"": 162, ""put_vol"": 177, ""call_oi"": 482, ""put_oi"": 381}, ""2509"": {""call_vol"": 1728, ""put_vol"": 777, ""call_oi"": 18775, ""put_oi"": 10486}, ""2512"": {""call_vol"": 406, ""put_vol"": 232, ""call_oi"": 5819, ""put_oi"": 4293}, ""2603"": {""call_vol"": 146, ""put_vol"": 203, ""call_oi"": 1849, ""put_oi"": 1838}}",1.0085089040158293,0.8553026728085122,321428,324163,506471,433186,350813,347295,0.9899718653527663,605738,502927,0.8302715035213244,16.7,16.7,16.11,16.57,0.9,0.95,1.0,0.95,0.35,0.65,0.85,0.9,1.0,0.43333333333333335,0.85,0.9,1.0,0.48333333333333334
20250425,3792.084,3801.577,3780.777,3786.994,12459113300,,0.5496310205406145,0.06968158659450552,2.637000000000171,,0.6739247311827957,0.7124044350158107,0.7196994683145712,29760,20056,99932,71192,"{""2505"": {""call_vol"": 23958, ""put_vol"": 16936, ""call_oi"": 39287, ""put_oi"": 38948}, ""2506"": {""call_vol"": 4308, ""put_vol"": 2260, ""call_oi"": 33614, ""put_oi"": 15307}, ""2507"": {""call_vol"": 163, ""put_vol"": 155, ""call_oi"": 548, ""put_oi"": 376}, ""2509"": {""call_vol"": 877, ""put_vol"": 528, ""call_oi"": 18701, ""put_oi"": 10406}, ""2512"": {""call_vol"": 333, ""put_vol"": 79, ""call_oi"": 5912, ""put_oi"": 4286}, ""2603"": {""call_vol"": 121, ""put_vol"": 98, ""call_oi"": 1870, ""put_oi"": 1869}}",0.9908956214509349,0.8478791661088916,298318,295602,530381,449699,328078,315658,0.962143148885326,630313,520891,0.8264005343377021,16.28,16.76,16.19,16.57,0.25,0.6,1.0,0.9833333333333333,0.15,0.5666666666666667,0.8,0.8833333333333333,0.95,0.4166666666666667,0.8,0.8833333333333333,0.95,0.45
20250428,3786.387,3792.008,3772.803,3781.619,12514509100,,0.507130457560797,-0.14193315331368916,-5.375,,0.787869937694704,0.7090690287833652,0.9923381949595488,20544,16186,101378,71884,"{""2505"": {""call_vol"": 15696, ""put_vol"": 12812, ""call_oi"": 40078, ""put_oi"": 39628}, ""2506"": {""call_vol"": 2694, ""put_vol"": 1991, ""call_oi"": 33837, ""put_oi"": 15249}, ""2507"": {""call_vol"": 249, ""put_vol"": 253, ""call_oi"": 584, ""put_oi"": 409}, ""2509"": {""call_vol"": 1311, ""put_vol"": 734, ""call_oi"": 18925, ""put_oi"": 10463}, ""2512"": {""call_vol"": 306, ""put_vol"": 130, ""call_oi"": 5955, ""put_oi"": 4288}, ""2603"": {""call_vol"": 288, ""put_vol"": 266, ""call_oi"": 1999, ""put_oi"": 1847}}",0.9716102041431197,0.8617558208415377,232337,225741,541889,466976,252881,241927,0.9566831829991181,643267,538860,0.8376925911013623,17.53,17.57,17.34,17.48,0.9,0.95,0.95,0.9666666666666667,0.7,0.8833333333333333,0.65,0.8333333333333334,1.0,0.5,0.7,0.85,1.0,0.5333333333333333
20250429,3776.003,3785.316,3768.031,3775.077,11151469400,,0.45707936204043437,-0.1729946882538913,-6.541999999999916,,0.6947474562288019,0.7011391556846103,0.864381428915629,21818,15158,102971,72197,"{""2505"": {""call_vol"": 16720, ""put_vol"": 12099, ""call_oi"": 40577, ""put_oi"": 39648}, ""2506"": {""call_vol"": 3554, ""put_vol"": 2086, ""call_oi"": 34608, ""put_oi"": 15317}, ""2507"": {""call_vol"": 140, ""put_vol"": 172, ""call_oi"": 612, ""put_oi"": 458}, ""2509"": {""call_vol"": 1004, ""put_vol"": 596, ""call_oi"": 19103, ""put_oi"": 10526}, ""2512"": {""call_vol"": 195, ""put_vol"": 53, ""call_oi"": 5964, ""put_oi"": 4285}, ""2603"": {""call_vol"": 205, ""put_vol"": 152, ""call_oi"": 2107, ""put_oi"": 1963}}",0.932217713011094,0.8355055423119563,203534,189738,558341,466497,225352,204896,0.9092264546132273,661312,538694,0.8145837365721474,17.63,17.81,17.45,17.66,0.45,0.6833333333333333,0.85,0.9,0.5,0.7833333333333333,0.65,0.8166666666666667,0.85,0.38333333333333336,0.6,0.8,0.85,0.4
20250430,3775.831,3787.564,3768.757,3770.571,14368165800,,0.4981885137707069,-0.1193618037459987,-4.506000000000313,,0.8373105386046144,0.693828474750259,0.7715769867239994,25269,21158,105209,72997,"{""2505"": {""call_vol"": 20805, ""put_vol"": 17627, ""call_oi"": 41996, ""put_oi"": 39838}, ""2506"": {""call_vol"": 3017, ""put_vol"": 2816, ""call_oi"": 35287, ""put_oi"": 15895}, ""2507"": {""call_vol"": 87, ""put_vol"": 81, ""call_oi"": 646, ""put_oi"": 480}, ""2509"": {""call_vol"": 877, ""put_vol"": 412, ""call_oi"": 19179, ""put_oi"": 10519}, ""2512"": {""call_vol"": 247, ""put_vol"": 105, ""call_oi"": 5930, ""put_oi"": 4257}, ""2603"": {""call_vol"": 236, ""put_vol"": 117, ""call_oi"": 2171, ""put_oi"": 2008}}",0.9282724675446328,0.8529361993167612,234861,218015,567298,483869,260130,239173,0.9194364356283397,672507,556866,0.8280449125436613,17.83,18.49,17.74,18.47,0.95,0.9833333333333333,0.8,0.8333333333333334,0.3,0.6166666666666667,0.55,0.7833333333333333,0.9,0.45,0.65,0.8166666666666667,0.9,0.5
20250506,3794.376,3809.094,3782.777,3808.542,15852045900,,0.6979579485441332,1.0070358043914318,37.971000000000004,,0.8240502287964244,0.6950227109729858,0.663906384999542,46985,38718,104575,72682,"{""2505"": {""call_vol"": 35999, ""put_vol"": 30937, ""call_oi"": 39771, ""put_oi"": 38199}, ""2506"": {""call_vol"": 8224, ""put_vol"": 5522, ""call_oi"": 36104, ""put_oi"": 17034}, ""2507"": {""call_vol"": 679, ""put_vol"": 669, ""call_oi"": 955, ""put_oi"": 617}, ""2509"": {""call_vol"": 1520, ""put_vol"": 1029, ""call_oi"": 19498, ""put_oi"": 10605}, ""2512"": {""call_vol"": 348, ""put_vol"": 411, ""call_oi"": 6054, ""put_oi"": 4182}, ""2603"": {""call_vol"": 215, ""put_vol"": 150, ""call_oi"": 2193, ""put_oi"": 2045}}",1.060625570313292,0.8833083509932634,394520,418438,580410,512681,441505,457156,1.0354492021607908,684985,585363,0.8545632386110644,18.66,18.66,15.81,16.0,0.9,0.9666666666666667,0.8,0.85,0.1,0.4666666666666667,0.95,0.9666666666666667,1.0,0.6166666666666667,0.95,0.9833333333333333,1.0,0.65
20250507,3861.577,3863.678,3814.987,3831.627,16117229900,,1.2784682432279808,0.6061374667786223,23.085000000000036,,0.5386502643491482,0.6992469289988257,0.5039032026942585,57878,31176,107294,75025,"{""2505"": {""call_vol"": 43739, ""put_vol"": 23665, ""call_oi"": 40845, ""put_oi"": 39515}, ""2506"": {""call_vol"": 9181, ""put_vol"": 5197, ""call_oi"": 37271, ""put_oi"": 17814}, ""2507"": {""call_vol"": 596, ""put_vol"": 393, ""call_oi"": 1137, ""put_oi"": 779}, ""2509"": {""call_vol"": 3030, ""put_vol"": 1303, ""call_oi"": 19433, ""put_oi"": 10582}, ""2512"": {""call_vol"": 828, ""put_vol"": 390, ""call_oi"": 6285, ""put_oi"": 4234}, ""2603"": {""call_vol"": 504, ""put_vol"": 228, ""call_oi"": 2323, ""put_oi"": 2101}}",0.8094720764133896,0.8510712551340407,464840,376275,607465,516996,522718,407451,0.7794853056523785,714759,592021,0.8282805812868393,17.03,17.19,15.67,15.67,0.05,0.2,0.8,0.8833333333333333,0.05,0.25,0.2,0.3333333333333333,0.8,0.45,0.15,0.31666666666666665,0.85,0.5166666666666667
20250508,3820.548,3867.331,3816.264,3852.896,12495983300,,1.3327758677971526,0.5550905659658545,21.269000000000233,,0.686727029723472,0.7184718031373578,0.49457825250885623,53123,36481,106714,76671,"{""2505"": {""call_vol"": 40575, ""put_vol"": 28630, ""call_oi"": 38821, ""put_oi"": 40213}, ""2506"": {""call_vol"": 9666, ""put_vol"": 5876, ""call_oi"": 38167, ""put_oi"": 18371}, ""2507"": {""call_vol"": 638, ""put_vol"": 523, ""call_oi"": 1336, ""put_oi"": 963}, ""2509"": {""call_vol"": 1611, ""put_vol"": 816, ""call_oi"": 19648, ""put_oi"": 10638}, ""2512"": {""call_vol"": 424, ""put_vol"": 464, ""call_oi"": 6387, ""put_oi"": 4344}, ""2603"": {""call_vol"": 209, ""put_vol"": 172, ""call_oi"": 2355, ""put_oi"": 2142}}",0.9146836949634374,0.9221186412259816,467144,427289,596420,549970,520267,463770,0.8914076810560732,703134,626641,0.8912113480503006,15.93,15.93,14.99,15.55,0.35,0.5833333333333334,1.0,0.9833333333333333,0.05,0.21666666666666667,0.45,0.6833333333333333,1.0,0.7,0.45,0.7,1.0,0.7166666666666667
20250509,3848.619,3853.663,3836.535,3846.157,11938952600,,0.4445487238690106,-0.17490739433403402,-6.739000000000033,,0.6608714515929094,0.7263683431952662,0.5717101832385035,32268,21325,108160,78564,"{""2505"": {""call_vol"": 24920, ""put_vol"": 17183, ""call_oi"": 38519, ""put_oi"": 40906}, ""2506"": {""call_vol"": 5496, ""put_vol"": 3067, ""call_oi"": 39481, ""put_oi"": 19290}, ""2507"": {""call_vol"": 442, ""put_vol"": 154, ""call_oi"": 1525, ""put_oi"": 1027}, ""2509"": {""call_vol"": 733, ""put_vol"": 536, ""call_oi"": 19610, ""put_oi"": 10615}, ""2512"": {""call_vol"": 538, ""put_vol"": 328, ""call_oi"": 6635, ""put_oi"": 4558}, ""2603"": {""call_vol"": 139, ""put_vol"": 57, ""call_oi"": 2390, ""put_oi"": 2168}}",1.0221002403759911,0.9079745688139432,250857,256401,605713,549972,283125,277726,0.9809306843267108,713873,628536,0.8804591292849008,15.83,15.83,15.45,15.67,0.25,0.45,1.0,1.0,0.15,0.35,0.85,0.8833333333333333,0.95,0.6833333333333333,0.8,0.8666666666666667,0.95,0.6833333333333333
20250512,3866.531,3890.734,3859.035,3890.61,15333246000,,0.8241733241778759,1.1557770522628186,44.452999999999975,,0.6088981288981289,0.74127851123981,0.46045938844014384,60125,36610,109299,81021,"{""2505"": {""call_vol"": 43178, ""put_vol"": 27401, ""call_oi"": 38172, ""put_oi"": 41805}, ""2506"": {""call_vol"": 13671, ""put_vol"": 6750, ""call_oi"": 40838, ""put_oi"": 20421}, ""2507"": {""call_vol"": 863, ""put_vol"": 930, ""call_oi"": 1607, ""put_oi"": 1222}, ""2509"": {""call_vol"": 1568, ""put_vol"": 837, ""call_oi"": 19485, ""put_oi"": 10646}, ""2512"": {""call_vol"": 564, ""put_vol"": 401, ""call_oi"": 6742, ""put_oi"": 4673}, ""2603"": {""call_vol"": 281, ""put_vol"": 291, ""call_oi"": 2455, ""put_oi"": 2254}}",0.8449384964583683,0.956945121598506,584194,493608,605065,579014,644319,530218,0.8229122530920243,714364,660035,0.9239477353282081,15.9,16.6,15.71,16.53,0.1,0.3,1.0,1.0,0.05,0.18333333333333332,0.35,0.45,1.0,0.8166666666666667,0.35,0.43333333333333335,1.0,0.9
20250513,3915.592,3915.592,3890.686,3896.258,14732029900,,0.6401566849414346,0.14517003760334823,5.6479999999996835,,0.6398695836709496,0.7749502832207048,0.45807345747333594,51834,33167,106101,82223,"{""2505"": {""call_vol"": 33062, ""put_vol"": 22734, ""call_oi"": 34448, ""put_oi"": 41506}, ""2506"": {""call_vol"": 15553, ""put_vol"": 8046, ""call_oi"": 41359, ""put_oi"": 21672}, ""2507"": {""call_vol"": 714, ""put_vol"": 738, ""call_oi"": 1721, ""put_oi"": 1391}, ""2509"": {""call_vol"": 1416, ""put_vol"": 873, ""call_oi"": 19365, ""put_oi"": 10611}, ""2512"": {""call_vol"": 689, ""put_vol"": 441, ""call_oi"": 6790, ""put_oi"": 4785}, ""2603"": {""call_vol"": 400, ""put_vol"": 335, ""call_oi"": 2418, ""put_oi"": 2258}}",0.9533463145375982,0.9671478888909034,419581,400006,606719,586787,471415,433173,0.918878270738097,712820,669010,0.938539883841643,16.29,16.39,15.46,15.46,0.15,0.36666666666666664,1.0,1.0,0.05,0.16666666666666666,0.6,0.7833333333333333,1.0,0.8666666666666667,0.55,0.7666666666666667,1.0,0.9166666666666666
20250514,3894.839,3960.523,3890.65,3943.211,17203377900,,1.7933360675807415,1.2050793350953715,46.952999999999975,,0.5707913400522583,0.7892654509573237,0.4297015153953556,107160,61166,105398,83187,"{""2505"": {""call_vol"": 66030, ""put_vol"": 40977, ""call_oi"": 31831, ""put_oi"": 39249}, ""2506"": {""call_vol"": 32905, ""put_vol"": 16169, ""call_oi"": 42561, ""put_oi"": 24389}, ""2507"": {""call_vol"": 2272, ""put_vol"": 1306, ""call_oi"": 2166, ""put_oi"": 1607}, ""2509"": {""call_vol"": 3616, ""put_vol"": 1268, ""call_oi"": 19368, ""put_oi"": 10583}, ""2512"": {""call_vol"": 1544, ""put_vol"": 942, ""call_oi"": 7053, ""put_oi"": 5052}, ""2603"": {""call_vol"": 793, ""put_vol"": 504, ""call_oi"": 2419, ""put_oi"": 2307}}",0.7151665139539464,1.0706820137399784,934216,668120,585736,627137,1041376,729286,0.7003099744952832,691134,710324,1.0277659614488652,16.29,17.0,15.46,16.0,0.1,0.21666666666666667,1.0,1.0,0.05,0.13333333333333333,0.05,0.05,1.0,1.0,0.05,0.03333333333333333,1.0,1.0
20250515,3934.027,3936.465,3904.907,3907.199,13808174900,,0.8003122328477983,-0.913265863784607,-36.011999999999716,,0.6021791970497025,0.7671710756429374,0.4620701804165218,59655,35923,108642,83347,"{""2505"": {""call_vol"": 37513, ""put_vol"": 24632, ""call_oi"": 32355, ""put_oi"": 38248}, ""2506"": {""call_vol"": 18407, ""put_vol"": 9060, ""call_oi"": 44830, ""put_oi"": 25317}, ""2507"": {""call_vol"": 1128, ""put_vol"": 582, ""call_oi"": 2303, ""put_oi"": 1790}, ""2509"": {""call_vol"": 1643, ""put_vol"": 1087, ""call_oi"": 19484, ""put_oi"": 10429}, ""2512"": {""call_vol"": 620, ""put_vol"": 405, ""call_oi"": 7245, ""put_oi"": 5212}, ""2603"": {""call_vol"": 344, ""put_vol"": 157, ""call_oi"": 2425, ""put_oi"": 2351}}",0.7892914031954433,0.9719556509459518,497208,392442,623869,606373,556863,428365,0.7692466549223058,732511,689720,0.9415831298096548,17.19,17.19,16.16,16.64,0.15,0.26666666666666666,0.9,0.9666666666666667,0.2,0.2,0.15,0.18333333333333332,0.95,0.8833333333333333,0.15,0.23333333333333334,0.95,0.9166666666666666
20250516,3898.666,3903.853,3874.862,3889.085,11840534500,,0.741989338142234,-0.4636057697598672,-18.114000000000033,,0.5630061161034612,0.5943298647890835,0.6793922502262284,58534,32955,80245,47692,"{""2505"": {""call_vol"": 32819, ""put_vol"": 19270, ""call_oi"": 0, ""put_oi"": 0}, ""2506"": {""call_vol"": 21562, ""put_vol"": 11781, ""call_oi"": 48337, ""put_oi"": 27393}, ""2507"": {""call_vol"": 1483, ""put_vol"": 834, ""call_oi"": 2596, ""put_oi"": 2107}, ""2509"": {""call_vol"": 1680, ""put_vol"": 639, ""call_oi"": 19569, ""put_oi"": 10504}, ""2512"": {""call_vol"": 453, ""put_vol"": 288, ""call_oi"": 7308, ""put_oi"": 5299}, ""2603"": {""call_vol"": 537, ""put_vol"": 143, ""call_oi"": 2435, ""put_oi"": 2389}}",0.9071527038034964,0.939082549921087,383016,347454,641212,602151,441550,380409,0.8615309704450232,721457,649843,0.9007369808595661,15.82,16.8,15.67,16.04,0.1,0.2,0.05,0.08333333333333333,0.45,0.48333333333333334,0.5,0.6333333333333333,0.8,0.7666666666666667,0.45,0.55,0.8,0.75
20250519,3882.568,3885.589,3866.57,3877.145,9864341400,,0.4890353386464883,-0.3070130891970724,-11.940000000000055,,0.6577756769532042,0.6109940804726207,0.9628642589893062,29618,19482,84973,51918,"{""2506"": {""call_vol"": 24737, ""put_vol"": 16315, ""call_oi"": 51568, ""put_oi"": 30903}, ""2507"": {""call_vol"": 2416, ""put_vol"": 1502, ""call_oi"": 3450, ""put_oi"": 2483}, ""2508"": {""call_vol"": 284, ""put_vol"": 172, ""call_oi"": 107, ""put_oi"": 147}, ""2509"": {""call_vol"": 1464, ""put_vol"": 1101, ""call_oi"": 19970, ""put_oi"": 10600}, ""2512"": {""call_vol"": 391, ""put_vol"": 271, ""call_oi"": 7405, ""put_oi"": 5369}, ""2603"": {""call_vol"": 326, ""put_vol"": 121, ""call_oi"": 2473, ""put_oi"": 2416}}",1.0369564867172523,0.9214331369476558,372438,386202,661793,609798,402056,405684,1.009023618600394,746766,661716,0.8861089015836286,16.03,16.03,14.83,15.18,0.35,0.4166666666666667,0.1,0.13333333333333333,0.95,0.8666666666666667,0.95,0.9,0.7,0.7,0.95,0.9,0.7,0.6833333333333333
20250520,3883.102,3911.474,3881.744,3898.171,10488523400,,0.7668013448039736,0.5423062588580052,21.02599999999984,,0.5772052933448685,0.6327607627688555,0.7169001660958975,31209,18014,87733,55514,"{""2506"": {""call_vol"": 26417, ""put_vol"": 14834, ""call_oi"": 53550, ""put_oi"": 33895}, ""2507"": {""call_vol"": 1832, ""put_vol"": 1201, ""call_oi"": 3699, ""put_oi"": 2708}, ""2508"": {""call_vol"": 317, ""put_vol"": 447, ""call_oi"": 220, ""put_oi"": 322}, ""2509"": {""call_vol"": 1757, ""put_vol"": 733, ""call_oi"": 20116, ""put_oi"": 10675}, ""2512"": {""call_vol"": 432, ""put_vol"": 378, ""call_oi"": 7582, ""put_oi"": 5464}, ""2603"": {""call_vol"": 454, ""put_vol"": 421, ""call_oi"": 2566, ""put_oi"": 2450}}",0.9272912473559745,0.9790553560142436,448653,416032,648710,635123,479862,434046,0.9045225502331921,736443,690637,0.937801024654997,15.3,15.76,15.03,15.46,0.2,0.25,0.15,0.3333333333333333,0.5,0.48333333333333334,0.55,0.7,0.95,0.9166666666666666,0.55,0.6833333333333333,0.85,0.9
20250521,3899.437,3928.634,3899.437,3916.381,10979134300,,0.7489922838172086,0.46714215461558517,18.210000000000036,,0.5979007753892707,0.6663095265233547,0.5187189073968305,31726,18969,87734,58458,"{""2506"": {""call_vol"": 27059, ""put_vol"": 16281, ""call_oi"": 53389, ""put_oi"": 36669}, ""2507"": {""call_vol"": 1689, ""put_vol"": 1274, ""call_oi"": 3736, ""put_oi"": 2825}, ""2508"": {""call_vol"": 200, ""put_vol"": 203, ""call_oi"": 249, ""put_oi"": 373}, ""2509"": {""call_vol"": 2145, ""put_vol"": 715, ""call_oi"": 20173, ""put_oi"": 10693}, ""2512"": {""call_vol"": 526, ""put_vol"": 386, ""call_oi"": 7592, ""put_oi"": 5414}, ""2603"": {""call_vol"": 107, ""put_vol"": 110, ""call_oi"": 2595, ""put_oi"": 2484}}",0.9081052136728501,1.0256706513441713,397781,361227,627487,643595,429507,380196,0.8851916266789598,715221,702053,0.9815889074845398,15.61,15.81,15.27,15.59,0.25,0.2833333333333333,0.2,0.5333333333333333,0.35,0.3,0.45,0.6166666666666667,0.95,0.9666666666666667,0.45,0.6,0.95,0.9666666666666667
20250522,3912.601,3923.02,3903.09,3913.865,10759705200,,0.5088881801847123,-0.06424298350952151,-2.5160000000000764,,0.7597784405624202,0.6923701670098376,0.8240999129655582,23470,17832,87420,60527,"{""2506"": {""call_vol"": 20134, ""put_vol"": 15187, ""call_oi"": 53096, ""put_oi"": 38439}, ""2507"": {""call_vol"": 998, ""put_vol"": 728, ""call_oi"": 3781, ""put_oi"": 2941}, ""2508"": {""call_vol"": 92, ""put_vol"": 333, ""call_oi"": 277, ""put_oi"": 434}, ""2509"": {""call_vol"": 1260, ""put_vol"": 635, ""call_oi"": 20178, ""put_oi"": 10827}, ""2512"": {""call_vol"": 922, ""put_vol"": 819, ""call_oi"": 7488, ""put_oi"": 5341}, ""2603"": {""call_vol"": 64, ""put_vol"": 130, ""call_oi"": 2600, ""put_oi"": 2545}}",1.1147881937382007,1.0137543550364005,349069,389138,621694,630245,372539,406970,1.0924225383114252,709114,690772,0.9741339192287841,15.82,16.36,15.56,16.33,0.8,0.8166666666666667,0.35,0.6833333333333333,0.8,0.7166666666666667,1.0,1.0,0.9,0.9666666666666667,1.0,1.0,0.9,0.9666666666666667
20250523,3910.374,3931.551,3882.274,3882.274,12027741900,,1.2590367833331002,-0.8071560976170566,-31.590999999999894,,0.6909031790100297,0.723019895431716,0.7205517464323666,39981,27623,87407,63197,"{""2506"": {""call_vol"": 36028, ""put_vol"": 24917, ""call_oi"": 52985, ""put_oi"": 40841}, ""2507"": {""call_vol"": 1703, ""put_vol"": 1174, ""call_oi"": 3967, ""put_oi"": 3048}, ""2508"": {""call_vol"": 113, ""put_vol"": 345, ""call_oi"": 320, ""put_oi"": 542}, ""2509"": {""call_vol"": 1559, ""put_vol"": 829, ""call_oi"": 20060, ""put_oi"": 10859}, ""2512"": {""call_vol"": 500, ""put_vol"": 272, ""call_oi"": 7473, ""put_oi"": 5361}, ""2603"": {""call_vol"": 78, ""put_vol"": 86, ""call_oi"": 2602, ""put_oi"": 2546}}",1.0798135045134547,0.9409389189525409,560657,605405,643080,605099,600638,633028,1.0539259920284765,730487,668296,0.9148636457596097,16.33,16.88,16.18,16.71,0.7,0.6166666666666667,0.75,0.9166666666666666,0.65,0.5,0.95,0.9666666666666667,0.65,0.8,0.95,0.9666666666666667,0.65,0.8333333333333334
20250526,3875.789,3884.537,3849.038,3860.107,10960120700,,0.9143867743492551,-0.5709797917406112,-22.166999999999916,,0.8006444094056352,0.6992673312732712,1.0280457758853494,29174,23358,91583,64041,"{""2506"": {""call_vol"": 24577, ""put_vol"": 21392, ""call_oi"": 55940, ""put_oi"": 41426}, ""2507"": {""call_vol"": 1918, ""put_vol"": 861, ""call_oi"": 4539, ""put_oi"": 3194}, ""2508"": {""call_vol"": 305, ""put_vol"": 218, ""call_oi"": 479, ""put_oi"": 577}, ""2509"": {""call_vol"": 1594, ""put_vol"": 422, ""call_oi"": 20323, ""put_oi"": 10849}, ""2512"": {""call_vol"": 481, ""put_vol"": 315, ""call_oi"": 7702, ""put_oi"": 5429}, ""2603"": {""call_vol"": 299, ""put_vol"": 150, ""call_oi"": 2600, ""put_oi"": 2566}}",1.0383347216840269,0.8809245115466275,430967,447488,665519,586272,460141,470846,1.0232646080223236,757102,650313,0.8589503131678426,17.23,17.23,16.17,16.25,0.9,0.9166666666666666,0.45,0.7666666666666667,1.0,0.8833333333333333,0.85,0.8666666666666667,0.35,0.6333333333333333,0.85,0.9,0.4,0.65
20250527,3857.627,3865.429,3834.846,3839.397,9857242500,,0.792283737212468,-0.5365136251404445,-20.710000000000036,,0.7049688267523144,0.6831294666680618,1.0287331289973702,26465,18657,95569,65286,"{""2506"": {""call_vol"": 21931, ""put_vol"": 16375, ""call_oi"": 58595, ""put_oi"": 42210}, ""2507"": {""call_vol"": 1888, ""put_vol"": 959, ""call_oi"": 5073, ""put_oi"": 3499}, ""2508"": {""call_vol"": 377, ""put_vol"": 149, ""call_oi"": 586, ""put_oi"": 599}, ""2509"": {""call_vol"": 1299, ""put_vol"": 453, ""call_oi"": 20630, ""put_oi"": 10895}, ""2512"": {""call_vol"": 726, ""put_vol"": 546, ""call_oi"": 8052, ""put_oi"": 5485}, ""2603"": {""call_vol"": 244, ""put_vol"": 175, ""call_oi"": 2633, ""put_oi"": 2598}}",0.9964266163440352,0.8396515353324454,363521,362222,694475,583117,389986,380879,0.9766478796674752,790044,648403,0.8207175802866675,16.49,16.62,16.11,16.39,0.75,0.6833333333333333,0.25,0.5333333333333333,1.0,0.8833333333333333,0.7,0.7833333333333333,0.1,0.4,0.7,0.7833333333333333,0.1,0.45
20250528,3843.075,3849.736,3833.958,3836.237,8903102600,,0.4109499486507853,-0.08230459105947885,-3.1599999999998545,,0.7718163599927127,0.6826539836462999,1.2313043011463116,21956,16946,97348,66455,"{""2506"": {""call_vol"": 18908, ""put_vol"": 15614, ""call_oi"": 59593, ""put_oi"": 42986}, ""2507"": {""call_vol"": 1312, ""put_vol"": 585, ""call_oi"": 5483, ""put_oi"": 3676}, ""2508"": {""call_vol"": 193, ""put_vol"": 103, ""call_oi"": 659, ""put_oi"": 621}, ""2509"": {""call_vol"": 971, ""put_vol"": 301, ""call_oi"": 20836, ""put_oi"": 10978}, ""2512"": {""call_vol"": 469, ""put_vol"": 265, ""call_oi"": 8166, ""put_oi"": 5584}, ""2603"": {""call_vol"": 103, ""put_vol"": 78, ""call_oi"": 2611, ""put_oi"": 2610}}",0.9982221374539783,0.7723680815378661,293611,293089,496064,383144,315567,310035,0.9824696498683323,593412,449599,0.7576506710346269,16.51,16.72,16.32,16.69,0.8,0.8333333333333334,0.25,0.5166666666666667,1.0,0.95,0.7,0.7833333333333333,0.05,0.2833333333333333,0.75,0.8,0.05,0.2833333333333333
20250529,3838.009,3869.791,3831.458,3858.7,10847188600,,0.9992344060077645,0.5855477646453888,22.462999999999738,,0.6040434758123557,0.6770441812637401,0.700736224458345,35514,21452,98707,66829,"{""2506"": {""call_vol"": 29643, ""put_vol"": 19293, ""call_oi"": 59888, ""put_oi"": 43122}, ""2507"": {""call_vol"": 2537, ""put_vol"": 865, ""call_oi"": 5972, ""put_oi"": 3872}, ""2508"": {""call_vol"": 440, ""put_vol"": 172, ""call_oi"": 726, ""put_oi"": 646}, ""2509"": {""call_vol"": 1852, ""put_vol"": 533, ""call_oi"": 20989, ""put_oi"": 10909}, ""2512"": {""call_vol"": 807, ""put_vol"": 308, ""call_oi"": 8429, ""put_oi"": 5594}, ""2603"": {""call_vol"": 235, ""put_vol"": 281, ""call_oi"": 2703, ""put_oi"": 2686}}",0.9662979876495228,0.8268977266595231,370512,358025,518884,429064,406026,379477,0.9346125617571288,617591,495893,0.8029472579749382,16.74,16.8,15.71,15.75,0.35,0.26666666666666666,0.25,0.48333333333333334,0.55,0.4,0.6,0.6833333333333333,0.1,0.4,0.6,0.6833333333333333,0.1,0.4
20250530,3850.493,3858.613,3829.254,3840.232,11167222800,,0.7608521004483355,-0.47860678466841167,-18.467999999999847,,0.7125799428493672,0.6739443974735166,1.0320094642555349,29396,20947,100535,67755,"{""2506"": {""call_vol"": 24308, ""put_vol"": 18476, ""call_oi"": 60587, ""put_oi"": 43450}, ""2507"": {""call_vol"": 2672, ""put_vol"": 1273, ""call_oi"": 6513, ""put_oi"": 4140}, ""2508"": {""call_vol"": 253, ""put_vol"": 284, ""call_oi"": 751, ""put_oi"": 704}, ""2509"": {""call_vol"": 1517, ""put_vol"": 536, ""call_oi"": 21291, ""put_oi"": 11022}, ""2512"": {""call_vol"": 513, ""put_vol"": 253, ""call_oi"": 8635, ""put_oi"": 5697}, ""2603"": {""call_vol"": 133, ""put_vol"": 125, ""call_oi"": 2758, ""put_oi"": 2742}}",1.0295677837987298,0.8076206919594079,332727,342565,553703,447182,362123,363512,1.003835713279742,654238,514937,0.7870790140591039,15.89,,,15.53,0.75,0.6833333333333333,0.25,0.45,0.95,0.8666666666666667,0.75,0.85,0.1,0.36666666666666664,0.75,0.85,0.1,0.36666666666666664
20250603,3833.458,3863.295,3832.72,3852.013,13140309000,,0.796175856042038,0.30677834047525554,11.780999999999949,,0.7390451275343362,0.6625927036095184,0.8990586466223097,29051,21470,103421,68526,"{""2506"": {""call_vol"": 23751, ""put_vol"": 18525, ""call_oi"": 61857, ""put_oi"": 43617}, ""2507"": {""call_vol"": 2720, ""put_vol"": 1512, ""call_oi"": 7247, ""put_oi"": 4388}, ""2508"": {""call_vol"": 562, ""put_vol"": 398, ""call_oi"": 958, ""put_oi"": 746}, ""2509"": {""call_vol"": 1244, ""put_vol"": 508, ""call_oi"": 21644, ""put_oi"": 11057}, ""2512"": {""call_vol"": 638, ""put_vol"": 315, ""call_oi"": 8933, ""put_oi"": 5896}, ""2603"": {""call_vol"": 136, ""put_vol"": 212, ""call_oi"": 2782, ""put_oi"": 2822}}",1.0296843132038662,0.8296197035328825,315756,325129,577602,479190,344807,346599,1.005197110267483,681023,547716,0.8042547755362154,16.41,16.41,14.92,15.08,0.8,0.75,0.2,0.38333333333333336,0.75,0.7833333333333333,0.75,0.8666666666666667,0.2,0.43333333333333335,0.75,0.8666666666666667,0.2,0.43333333333333335
20250604,3855.488,3875.857,3855.488,3868.743,11680387300,,0.5287884542445765,0.4343183680844298,16.730000000000018,,0.5524982406755806,0.6657415619963186,0.578975069124787,28420,15702,104853,69805,"{""2506"": {""call_vol"": 22962, ""put_vol"": 13020, ""call_oi"": 61779, ""put_oi"": 44297}, ""2507"": {""call_vol"": 2695, ""put_vol"": 1528, ""call_oi"": 8221, ""put_oi"": 4657}, ""2508"": {""call_vol"": 393, ""put_vol"": 301, ""call_oi"": 1147, ""put_oi"": 825}, ""2509"": {""call_vol"": 1518, ""put_vol"": 308, ""call_oi"": 21728, ""put_oi"": 11138}, ""2512"": {""call_vol"": 676, ""put_vol"": 356, ""call_oi"": 9178, ""put_oi"": 6040}, ""2603"": {""call_vol"": 176, ""put_vol"": 189, ""call_oi"": 2800, ""put_oi"": 2848}}",0.9318865821373833,0.8506205072562051,287080,267526,589840,501730,315500,283228,0.8977115689381934,694693,571535,0.822715933513077,15.04,15.04,14.86,14.98,0.1,0.16666666666666666,0.25,0.4,0.45,0.2833333333333333,0.45,0.6333333333333333,0.3,0.5333333333333333,0.4,0.55,0.3,0.5166666666666667
20250605,3872.637,3883.135,3861.272,3877.556,12287818400,,0.5651189546578897,0.22780008907286042,8.813000000000102,,0.572724338282763,0.6730079747230605,0.5769686942496008,30980,17743,105709,71143,"{""2506"": {""call_vol"": 26233, ""put_vol"": 15047, ""call_oi"": 61040, ""put_oi"": 44723}, ""2507"": {""call_vol"": 2427, ""put_vol"": 1408, ""call_oi"": 9088, ""put_oi"": 5175}, ""2508"": {""call_vol"": 454, ""put_vol"": 245, ""call_oi"": 1363, ""put_oi"": 822}, ""2509"": {""call_vol"": 1205, ""put_vol"": 553, ""call_oi"": 22094, ""put_oi"": 11359}, ""2512"": {""call_vol"": 392, ""put_vol"": 350, ""call_oi"": 9266, ""put_oi"": 6182}, ""2603"": {""call_vol"": 269, ""put_vol"": 140, ""call_oi"": 2858, ""put_oi"": 2882}}",0.85643215919634,0.8540510267991769,312570,267695,603526,515442,343550,285438,0.8308484936690438,709235,586585,0.8270671921154483,15.04,15.15,14.92,15.14,0.2,0.2,0.35,0.45,0.4,0.26666666666666666,0.2,0.35,0.35,0.5833333333333334,0.2,0.3333333333333333,0.35,0.55
20250606,3878.103,3889.456,3869.387,3873.984,11098797100,,0.5175682827017832,-0.09211988169868235,-3.5720000000001164,,0.5489152834501105,0.6716934003150252,0.5943142462943415,26689,14650,107293,72068,"{""2506"": {""call_vol"": 22052, ""put_vol"": 12474, ""call_oi"": 60906, ""put_oi"": 45015}, ""2507"": {""call_vol"": 2538, ""put_vol"": 1216, ""call_oi"": 10124, ""put_oi"": 5532}, ""2508"": {""call_vol"": 332, ""put_vol"": 63, ""call_oi"": 1569, ""put_oi"": 871}, ""2509"": {""call_vol"": 1049, ""put_vol"": 425, ""call_oi"": 22344, ""put_oi"": 11550}, ""2512"": {""call_vol"": 493, ""put_vol"": 288, ""call_oi"": 9419, ""put_oi"": 6187}, ""2603"": {""call_vol"": 225, ""put_vol"": 184, ""call_oi"": 2931, ""put_oi"": 2913}}",0.8727042378428599,0.8292517838022078,236795,206652,621986,515783,263484,221302,0.8399067875089189,729279,587851,0.8060714760743145,15.19,15.25,14.76,14.76,0.05,0.13333333333333333,0.35,0.45,0.45,0.3,0.25,0.4166666666666667,0.2,0.43333333333333335,0.25,0.38333333333333336,0.25,0.45
20250609,3877.798,3894.652,3871.992,3885.246,13630629300,,0.5849275577803073,0.29070847995242843,11.262000000000171,,0.5908589864229064,0.6676433121019109,0.5968545140730244,37195,21977,109900,73374,"{""2506"": {""call_vol"": 29985, ""put_vol"": 17916, ""call_oi"": 61885, ""put_oi"": 45453}, ""2507"": {""call_vol"": 4355, ""put_vol"": 2379, ""call_oi"": 11047, ""put_oi"": 6222}, ""2508"": {""call_vol"": 708, ""put_vol"": 354, ""call_oi"": 1919, ""put_oi"": 902}, ""2509"": {""call_vol"": 1589, ""put_vol"": 434, ""call_oi"": 22653, ""put_oi"": 11610}, ""2512"": {""call_vol"": 325, ""put_vol"": 391, ""call_oi"": 9470, ""put_oi"": 6237}, ""2603"": {""call_vol"": 233, ""put_vol"": 503, ""call_oi"": 2926, ""put_oi"": 2950}}",0.8484989984112731,0.8379196823482107,361925,307093,636672,533480,399120,329070,0.8244888755261576,746572,606854,0.8128539511259463,15.23,15.23,14.88,15.05,0.35,0.25,0.35,0.43333333333333335,0.45,0.31666666666666665,0.2,0.31666666666666665,0.3,0.48333333333333334,0.2,0.3,0.3,0.48333333333333334
20250610,3887.551,3897.457,3850.466,3865.465,14556385900,,1.2094729651610217,-0.5091312107392887,-19.78099999999995,,0.6200282491658308,0.6545886467201243,0.6905443917594856,48851,30289,113236,74123,"{""2506"": {""call_vol"": 38448, ""put_vol"": 24932, ""call_oi"": 62644, ""put_oi"": 45106}, ""2507"": {""call_vol"": 6247, ""put_vol"": 3681, ""call_oi"": 12827, ""put_oi"": 7121}, ""2508"": {""call_vol"": 593, ""put_vol"": 304, ""call_oi"": 2129, ""put_oi"": 963}, ""2509"": {""call_vol"": 2555, ""put_vol"": 549, ""call_oi"": 23117, ""put_oi"": 11735}, ""2512"": {""call_vol"": 737, ""put_vol"": 404, ""call_oi"": 9620, ""put_oi"": 6185}, ""2603"": {""call_vol"": 271, ""put_vol"": 419, ""call_oi"": 2899, ""put_oi"": 3013}}",0.9798408523747705,0.8056688319639417,446001,437010,645177,519799,494852,467299,0.9443207261969235,758413,593922,0.7831115764102144,15.17,15.33,14.72,15.2,0.55,0.3333333333333333,0.2,0.3333333333333333,0.5,0.4166666666666667,0.6,0.75,0.1,0.36666666666666664,0.6,0.7,0.1,0.36666666666666664
20250611,3870.672,3911.611,3870.672,3894.625,14241477200,,1.0590963829707383,0.7543723717586381,29.159999999999854,,0.5758628595615598,0.6765355090660494,0.5066071052321213,56701,32652,111901,75705,"{""2506"": {""call_vol"": 46022, ""put_vol"": 26771, ""call_oi"": 60290, ""put_oi"": 45019}, ""2507"": {""call_vol"": 7153, ""put_vol"": 4211, ""call_oi"": 13767, ""put_oi"": 8495}, ""2508"": {""call_vol"": 598, ""put_vol"": 523, ""call_oi"": 2234, ""put_oi"": 1075}, ""2509"": {""call_vol"": 1983, ""put_vol"": 458, ""call_oi"": 23170, ""put_oi"": 11797}, ""2512"": {""call_vol"": 699, ""put_vol"": 445, ""call_oi"": 9553, ""put_oi"": 6262}, ""2603"": {""call_vol"": 246, ""put_vol"": 244, ""call_oi"": 2887, ""put_oi"": 3057}}",0.7986109897620198,0.8723634200715341,515043,411319,633823,552924,571744,443971,0.7765206106229361,745724,628629,0.8429780991358733,15.13,15.57,14.77,15.38,0.3,0.21666666666666667,0.6,0.55,0.15,0.2,0.15,0.11666666666666667,0.55,0.7,0.15,0.13333333333333333,0.55,0.7
20250612,3885.52,3900.041,3870.384,3892.199,13399869700,,0.7614853804923492,-0.062290977950374415,-2.425999999999931,,0.5772826425677782,0.682337629922804,0.5718439243535953,38508,22230,112182,76546,"{""2506"": {""call_vol"": 30428, ""put_vol"": 18023, ""call_oi"": 59156, ""put_oi"": 44859}, ""2507"": {""call_vol"": 5576, ""put_vol"": 2970, ""call_oi"": 15024, ""put_oi"": 9340}, ""2508"": {""call_vol"": 244, ""put_vol"": 364, ""call_oi"": 2306, ""put_oi"": 1189}, ""2509"": {""call_vol"": 1466, ""put_vol"": 212, ""call_oi"": 23353, ""put_oi"": 11777}, ""2512"": {""call_vol"": 720, ""put_vol"": 374, ""call_oi"": 9470, ""put_oi"": 6366}, ""2603"": {""call_vol"": 74, ""put_vol"": 287, ""call_oi"": 2873, ""put_oi"": 3015}}",0.8829641815598595,0.8850347581438772,334325,295197,634096,561197,372833,317427,0.8513919100508807,746278,637743,0.854564920847191,15.45,15.57,15.23,15.41,0.35,0.25,0.7,0.6,0.2,0.25,0.3,0.4666666666666667,0.65,0.7333333333333333,0.3,0.4166666666666667,0.6,0.7166666666666667
20250613,3881.492,3889.16,3853.819,3864.182,17253953600,,0.9079957114217411,-0.7198244488527017,-28.01700000000028,,0.7422008450957476,0.6547440898907506,0.7486270277816157,44492,33022,115607,75693,"{""2506"": {""call_vol"": 33625, ""put_vol"": 27221, ""call_oi"": 60305, ""put_oi"": 43348}, ""2507"": {""call_vol"": 8375, ""put_vol"": 4285, ""call_oi"": 17038, ""put_oi"": 9866}, ""2508"": {""call_vol"": 320, ""put_vol"": 259, ""call_oi"": 2412, ""put_oi"": 1223}, ""2509"": {""call_vol"": 1665, ""put_vol"": 675, ""call_oi"": 23429, ""put_oi"": 11850}, ""2512"": {""call_vol"": 417, ""put_vol"": 326, ""call_oi"": 9557, ""put_oi"": 6432}, ""2603"": {""call_vol"": 90, ""put_vol"": 256, ""call_oi"": 2866, ""put_oi"": 2974}}",1.0319030542846543,0.8347198437827249,436698,450630,649352,542027,481190,483652,1.0051164820549054,764959,617720,0.8075204030542813,15.65,16.16,15.62,16.05,0.85,0.75,0.25,0.35,0.65,0.5,0.8,0.8666666666666667,0.35,0.48333333333333334,0.75,0.85,0.35,0.48333333333333334
20250616,3853.619,3876.17,3853.619,3873.795,13734183500,,0.583590524462873,0.24877192637406953,9.613000000000284,,0.6629297682923174,0.662869705966364,0.6283726731723591,33361,22116,115531,76582,"{""2506"": {""call_vol"": 24676, ""put_vol"": 16254, ""call_oi"": 57959, ""put_oi"": 42722}, ""2507"": {""call_vol"": 6427, ""put_vol"": 4442, ""call_oi"": 18769, ""put_oi"": 11106}, ""2508"": {""call_vol"": 731, ""put_vol"": 604, ""call_oi"": 2588, ""put_oi"": 1340}, ""2509"": {""call_vol"": 1011, ""put_vol"": 447, ""call_oi"": 23662, ""put_oi"": 11991}, ""2512"": {""call_vol"": 431, ""put_vol"": 278, ""call_oi"": 9650, ""put_oi"": 6399}, ""2603"": {""call_vol"": 85, ""put_vol"": 91, ""call_oi"": 2903, ""put_oi"": 3024}}",1.0322761571597907,0.8844216571725462,345890,357054,642854,568554,379251,379170,0.9997864211300695,758385,645136,0.8506708334157453,16.47,16.47,15.31,15.34,0.6,0.45,0.3,0.4166666666666667,0.4,0.3333333333333333,0.8,0.8666666666666667,0.7,0.75,0.65,0.8166666666666667,0.65,0.7166666666666667
20250617,3875.177,3880.416,3860.409,3870.379,12234252600,,0.516470283017043,-0.08818226054811973,-3.4160000000001673,,0.6627499263938331,0.6646547643200108,0.6724645767654955,37361,24761,118296,78626,"{""2506"": {""call_vol"": 26488, ""put_vol"": 16982, ""call_oi"": 56971, ""put_oi"": 41954}, ""2507"": {""call_vol"": 8593, ""put_vol"": 6166, ""call_oi"": 21856, ""put_oi"": 13252}, ""2508"": {""call_vol"": 370, ""put_vol"": 386, ""call_oi"": 2755, ""put_oi"": 1433}, ""2509"": {""call_vol"": 1250, ""put_vol"": 587, ""call_oi"": 23914, ""put_oi"": 12264}, ""2512"": {""call_vol"": 450, ""put_vol"": 412, ""call_oi"": 9861, ""put_oi"": 6588}, ""2603"": {""call_vol"": 210, ""put_vol"": 228, ""call_oi"": 2939, ""put_oi"": 3135}}",0.8731194696417746,0.8515405524771319,359606,313979,658887,561069,396967,338740,0.8533203011837256,777183,639695,0.8230944320706963,15.3,15.31,15.01,15.11,0.55,0.43333333333333335,0.3,0.43333333333333335,0.45,0.36666666666666664,0.25,0.38333333333333336,0.55,0.6166666666666667,0.3,0.38333333333333336,0.55,0.5833333333333334
20250618,3871.65,3881.346,3854.658,3874.971,12752862100,,0.6895448740291352,0.11864471153859579,4.592000000000098,,0.6509022087446502,0.6904933690647976,0.755533896566468,46497,30265,116424,80390,"{""2506"": {""call_vol"": 31096, ""put_vol"": 19502, ""call_oi"": 52177, ""put_oi"": 40939}, ""2507"": {""call_vol"": 12470, ""put_vol"": 9179, ""call_oi"": 24051, ""put_oi"": 15878}, ""2508"": {""call_vol"": 953, ""put_vol"": 608, ""call_oi"": 2971, ""put_oi"": 1522}, ""2509"": {""call_vol"": 1543, ""put_vol"": 626, ""call_oi"": 24339, ""put_oi"": 12279}, ""2512"": {""call_vol"": 284, ""put_vol"": 192, ""call_oi"": 9945, ""put_oi"": 6626}, ""2603"": {""call_vol"": 151, ""put_vol"": 158, ""call_oi"": 2941, ""put_oi"": 3146}}",0.9496794176398854,0.8632366077595337,534652,507748,651534,562428,581149,538013,0.9257746292258956,767958,642818,0.8370483802499615,15.54,15.6,15.1,15.6,0.5,0.3333333333333333,0.85,0.7333333333333333,0.7,0.5166666666666667,0.45,0.6166666666666667,0.65,0.7,0.45,0.6333333333333333,0.65,0.6833333333333333
20250619,3870.049,3872.943,3834.951,3843.091,13028065800,,0.9804460472091323,-0.8227158345185059,-31.88000000000011,,0.7642689874523785,0.6680652291779622,1.0568800272431127,57222,43733,119885,80091,"{""2506"": {""call_vol"": 35698, ""put_vol"": 27416, ""call_oi"": 50588, ""put_oi"": 37606}, ""2507"": {""call_vol"": 16655, ""put_vol"": 13663, ""call_oi"": 28241, ""put_oi"": 18451}, ""2508"": {""call_vol"": 1201, ""put_vol"": 752, ""call_oi"": 3282, ""put_oi"": 1533}, ""2509"": {""call_vol"": 2834, ""put_vol"": 1276, ""call_oi"": 24547, ""put_oi"": 12640}, ""2512"": {""call_vol"": 768, ""put_vol"": 451, ""call_oi"": 10271, ""put_oi"": 6630}, ""2603"": {""call_vol"": 66, ""put_vol"": 175, ""call_oi"": 2956, ""put_oi"": 3231}}",1.041759392367417,0.8140155314210391,586407,610895,697940,568134,643629,654628,1.0170890373180823,817825,648225,0.7926206706813805,15.63,16.17,15.35,15.64,0.9,0.8333333333333334,0.4,0.5166666666666667,0.95,0.9,0.9,0.9,0.2,0.4,0.85,0.8833333333333333,0.2,0.4166666666666667
20250620,3839.783,3856.48,3839.783,3846.644,11815102000,,0.43446798423456845,0.09245162292539355,3.5529999999998836,,0.8726557185890584,0.6385127666629822,0.983973329881081,41164,35922,72376,46213,"{""2506"": {""call_vol"": 24580, ""put_vol"": 22092, ""call_oi"": 0, ""put_oi"": 0}, ""2507"": {""call_vol"": 13841, ""put_vol"": 12362, ""call_oi"": 30588, ""put_oi"": 21992}, ""2508"": {""call_vol"": 765, ""put_vol"": 394, ""call_oi"": 3454, ""put_oi"": 1616}, ""2509"": {""call_vol"": 1672, ""put_vol"": 621, ""call_oi"": 24983, ""put_oi"": 12694}, ""2512"": {""call_vol"": 176, ""put_vol"": 270, ""call_oi"": 10352, ""put_oi"": 6622}, ""2603"": {""call_vol"": 130, ""put_vol"": 183, ""call_oi"": 2999, ""put_oi"": 3289}}",1.0929664127130243,0.8379878982284756,412805,451182,685850,574734,453969,487104,1.0729895653667982,758226,620947,0.8189471213068399,15.52,15.52,14.69,14.87,1.0,1.0,0.05,0.3,0.75,0.8,1.0,0.9666666666666667,0.5,0.5333333333333333,1.0,0.9833333333333333,0.5,0.55
20250623,3831.17,3867.59,3827.083,3857.902,13380089200,,1.053047799588422,0.29267070204572754,11.258000000000266,,0.7977654680311708,0.6394479438725866,0.9718403263362413,31953,25491,78108,49946,"{""2507"": {""call_vol"": 24992, ""put_vol"": 21374, ""call_oi"": 34155, ""put_oi"": 25001}, ""2508"": {""call_vol"": 2365, ""put_vol"": 1789, ""call_oi"": 4499, ""put_oi"": 2093}, ""2509"": {""call_vol"": 3149, ""put_vol"": 1511, ""call_oi"": 25479, ""put_oi"": 12758}, ""2512"": {""call_vol"": 789, ""put_vol"": 415, ""call_oi"": 10786, ""put_oi"": 6678}, ""2603"": {""call_vol"": 333, ""put_vol"": 193, ""call_oi"": 3021, ""put_oi"": 3269}, ""2606"": {""call_vol"": 325, ""put_vol"": 209, ""call_oi"": 168, ""put_oi"": 147}}",1.035205433895333,0.8419398788034478,496145,513612,653979,550611,528098,539103,1.0208389351976337,732087,600557,0.8203355612106211,15.29,15.29,13.83,14.19,0.9,0.9,0.1,0.31666666666666665,0.7,0.7833333333333333,0.85,0.8333333333333334,0.6,0.55,0.9,0.8666666666666667,0.55,0.55
20250624,3862.388,3914.158,3862.388,3904.034,16365618800,,1.341921075237266,1.1957794677003308,46.13200000000006,,0.5133779832732712,0.6449604453559918,0.5102454898847638,58828,30201,81912,52830,"{""2507"": {""call_vol"": 48243, ""put_vol"": 24554, ""call_oi"": 36626, ""put_oi"": 27131}, ""2508"": {""call_vol"": 3716, ""put_vol"": 2108, ""call_oi"": 5501, ""put_oi"": 2885}, ""2509"": {""call_vol"": 4988, ""put_vol"": 1884, ""call_oi"": 25742, ""put_oi"": 12594}, ""2512"": {""call_vol"": 1092, ""put_vol"": 739, ""call_oi"": 10798, ""put_oi"": 6676}, ""2603"": {""call_vol"": 546, ""put_vol"": 641, ""call_oi"": 3066, ""put_oi"": 3206}, ""2606"": {""call_vol"": 243, ""put_vol"": 275, ""call_oi"": 179, ""put_oi"": 338}}",0.7779443428102941,0.9007894636671615,753793,586409,656775,591616,812621,616610,0.7587916138027444,738687,644446,0.8724209306512772,14.24,15.06,14.01,14.74,0.05,0.016666666666666666,0.15,0.3333333333333333,0.1,0.13333333333333333,0.05,0.06666666666666667,1.0,0.8,0.05,0.06666666666666667,1.0,0.8
20250625,3907.068,3963.037,3902.177,3960.066,18721367100,,1.558900357937448,1.4352334021681123,56.0319999999997,,0.451103160405486,0.6588180559653224,0.38553431318037573,83850,37825,88126,58059,"{""2507"": {""call_vol"": 68344, ""put_vol"": 31012, ""call_oi"": 41215, ""put_oi"": 31442}, ""2508"": {""call_vol"": 6255, ""put_vol"": 3008, ""call_oi"": 6701, ""put_oi"": 3390}, ""2509"": {""call_vol"": 6673, ""put_vol"": 2119, ""call_oi"": 25709, ""put_oi"": 12615}, ""2512"": {""call_vol"": 1683, ""put_vol"": 763, ""call_oi"": 11095, ""put_oi"": 6841}, ""2603"": {""call_vol"": 442, ""put_vol"": 493, ""call_oi"": 3062, ""put_oi"": 3272}, ""2606"": {""call_vol"": 453, ""put_vol"": 430, ""call_oi"": 344, ""put_oi"": 499}}",0.5960067154970157,0.9700899223264549,944085,562681,442493,429258,1027935,600506,0.5841867433252103,530619,487317,0.9183934235298774,15.01,18.57,14.73,17.85,0.05,0.016666666666666666,0.3,0.4166666666666667,0.05,0.016666666666666666,0.05,0.016666666666666666,1.0,0.9166666666666666,0.05,0.016666666666666666,1.0,0.8833333333333333
20250626,3953.16,3964.482,3945.259,3946.02,16531626300,,0.48542120257591564,-0.3546910581793239,-14.045999999999822,,0.4139510099412186,0.6484813975225346,0.38197868303747706,60053,24859,93079,60360,"{""2507"": {""call_vol"": 47745, ""put_vol"": 18528, ""call_oi"": 44028, ""put_oi"": 32465}, ""2508"": {""call_vol"": 5216, ""put_vol"": 2491, ""call_oi"": 7560, ""put_oi"": 4048}, ""2509"": {""call_vol"": 4977, ""put_vol"": 2312, ""call_oi"": 26835, ""put_oi"": 12954}, ""2512"": {""call_vol"": 1552, ""put_vol"": 752, ""call_oi"": 11221, ""put_oi"": 6929}, ""2603"": {""call_vol"": 291, ""put_vol"": 397, ""call_oi"": 3031, ""put_oi"": 3291}, ""2606"": {""call_vol"": 272, ""put_vol"": 379, ""call_oi"": 404, ""put_oi"": 673}}",0.7042830600618837,0.8982936479332356,553296,389677,499428,448633,613349,414536,0.675856649313849,592507,508993,0.8590497665006489,18.18,18.18,15.9,15.95,0.05,0.016666666666666666,0.2,0.36666666666666664,0.05,0.016666666666666666,0.1,0.03333333333333333,0.9,0.7666666666666667,0.1,0.03333333333333333,0.9,0.7666666666666667
20250627,3949.788,3969.263,3918.204,3921.758,19455791300,,1.2939366754349888,-0.6148473651932829,-24.26200000000017,,0.4638049543519786,0.6417739997418048,0.5149560641065953,66487,30837,100699,64626,"{""2507"": {""call_vol"": 53929, ""put_vol"": 24443, ""call_oi"": 49911, ""put_oi"": 35796}, ""2508"": {""call_vol"": 5904, ""put_vol"": 2504, ""call_oi"": 8100, ""put_oi"": 4466}, ""2509"": {""call_vol"": 4636, ""put_vol"": 1869, ""call_oi"": 27693, ""put_oi"": 13188}, ""2512"": {""call_vol"": 1065, ""put_vol"": 553, ""call_oi"": 11480, ""put_oi"": 7096}, ""2603"": {""call_vol"": 313, ""put_vol"": 898, ""call_oi"": 3027, ""put_oi"": 3151}, ""2606"": {""call_vol"": 640, ""put_vol"": 570, ""call_oi"": 488, ""put_oi"": 929}}",0.7355606838793263,0.8116354421598971,691584,508702,565101,458656,758071,539539,0.7117262103417754,665800,523282,0.7859447281465906,16.12,17.25,15.18,15.19,0.15,0.05,0.15,0.31666666666666665,0.25,0.18333333333333332,0.15,0.08333333333333333,0.15,0.3333333333333333,0.15,0.06666666666666667,0.1,0.31666666666666665
20250630,3920.315,3940.361,3911.604,3936.079,14517023600,,0.7332680904839122,0.3651678660437474,14.321000000000367,,0.6166572815273644,0.644623898802801,0.6801355883829492,37293,22997,106248,68490,"{""2507"": {""call_vol"": 29992, ""put_vol"": 18533, ""call_oi"": 53426, ""put_oi"": 38926}, ""2508"": {""call_vol"": 3999, ""put_vol"": 2411, ""call_oi"": 9249, ""put_oi"": 4619}, ""2509"": {""call_vol"": 2339, ""put_vol"": 1201, ""call_oi"": 28297, ""put_oi"": 13496}, ""2512"": {""call_vol"": 704, ""put_vol"": 414, ""call_oi"": 11770, ""put_oi"": 7275}, ""2603"": {""call_vol"": 90, ""put_vol"": 185, ""call_oi"": 3038, ""put_oi"": 3134}, ""2606"": {""call_vol"": 169, ""put_vol"": 253, ""call_oi"": 468, ""put_oi"": 1040}}",0.8722698657797838,0.8160992125511942,420950,367182,600166,489795,458243,390179,0.8514674528579814,706414,558285,0.790308515969389,15.62,15.62,14.98,15.12,0.55,0.31666666666666665,0.2,0.31666666666666665,0.65,0.4,0.4,0.31666666666666665,0.2,0.35,0.5,0.35,0.15,0.3333333333333333
20250701,3935.908,3946.245,3924.722,3942.762,12895936200,,0.5468132118283114,0.16978825882305593,6.682999999999993,,0.579674494436658,0.6562824312574213,0.6419772425869888,34961,20266,106957,70194,"{""2507"": {""call_vol"": 29416, ""put_vol"": 16432, ""call_oi"": 52792, ""put_oi"": 39979}, ""2508"": {""call_vol"": 2738, ""put_vol"": 2273, ""call_oi"": 10095, ""put_oi"": 4985}, ""2509"": {""call_vol"": 1866, ""put_vol"": 858, ""call_oi"": 28353, ""put_oi"": 13673}, ""2512"": {""call_vol"": 777, ""put_vol"": 365, ""call_oi"": 12157, ""put_oi"": 7336}, ""2603"": {""call_vol"": 107, ""put_vol"": 196, ""call_oi"": 3075, ""put_oi"": 3143}, ""2606"": {""call_vol"": 57, ""put_vol"": 142, ""call_oi"": 485, ""put_oi"": 1078}}",1.0080439531774756,0.8091076775661756,306690,309157,626175,506643,341651,329423,0.964209090563177,733132,576837,0.7868119247284254,15.24,15.24,14.56,14.68,0.5,0.23333333333333334,0.45,0.4,0.6,0.35,0.75,0.7166666666666667,0.1,0.3,0.75,0.6833333333333333,0.15,0.3
20250702,3943.323,3952.138,3929.696,3943.685,14706306200,,0.5691948943405665,0.0234099851829761,0.9229999999997744,,0.6609993906154784,0.6686564670058301,0.6236415975570517,32820,21694,107716,72025,"{""2507"": {""call_vol"": 26981, ""put_vol"": 17834, ""call_oi"": 52504, ""put_oi"": 41100}, ""2508"": {""call_vol"": 2256, ""put_vol"": 1941, ""call_oi"": 10663, ""put_oi"": 5298}, ""2509"": {""call_vol"": 2422, ""put_vol"": 715, ""call_oi"": 28390, ""put_oi"": 13829}, ""2512"": {""call_vol"": 937, ""put_vol"": 736, ""call_oi"": 12581, ""put_oi"": 7479}, ""2603"": {""call_vol"": 154, ""put_vol"": 269, ""call_oi"": 3065, ""put_oi"": 3211}, ""2606"": {""call_vol"": 70, ""put_vol"": 199, ""call_oi"": 513, ""put_oi"": 1108}}",1.1514002015217073,0.8378158225000591,320561,369094,633465,530727,353381,390788,1.105854587541492,741181,602752,0.8132318556465964,14.73,14.73,14.4,14.44,0.7,0.48333333333333334,0.75,0.5333333333333333,0.5,0.3333333333333333,1.0,1.0,0.4,0.45,1.0,1.0,0.45,0.45
20250703,3949.4,3971.616,3945.138,3968.068,14100400600,,0.6714025080603564,0.6182796039744698,24.383000000000266,,0.5549870466321244,0.6898298179663339,0.4402295479286807,46320,25707,108002,74503,"{""2507"": {""call_vol"": 37371, ""put_vol"": 20937, ""call_oi"": 52031, ""put_oi"": 43015}, ""2508"": {""call_vol"": 4461, ""put_vol"": 2737, ""call_oi"": 11209, ""put_oi"": 5723}, ""2509"": {""call_vol"": 3168, ""put_vol"": 1208, ""call_oi"": 28649, ""put_oi"": 13880}, ""2512"": {""call_vol"": 971, ""put_vol"": 404, ""call_oi"": 12509, ""put_oi"": 7448}, ""2603"": {""call_vol"": 199, ""put_vol"": 198, ""call_oi"": 3047, ""put_oi"": 3298}, ""2606"": {""call_vol"": 150, ""put_vol"": 223, ""call_oi"": 557, ""put_oi"": 1139}}",0.8449751290145964,0.8817704606973944,429215,362676,638749,563230,475535,388383,0.8167285268171638,746751,637733,0.8540102390221105,14.69,14.9,14.34,14.7,0.3,0.13333333333333333,0.95,0.7166666666666667,0.15,0.06666666666666667,0.3,0.2833333333333333,0.75,0.7,0.3,0.23333333333333334,0.8,0.7
20250704,3967.464,4013.848,3958.376,3982.203,15719713300,,1.397959913993403,0.356218693832866,14.134999999999764,,0.47724475928561494,0.7260888272696849,0.3705412449942432,93451,44599,104585,75938,"{""2507"": {""call_vol"": 75969, ""put_vol"": 35923, ""call_oi"": 48584, ""put_oi"": 43516}, ""2508"": {""call_vol"": 9054, ""put_vol"": 5039, ""call_oi"": 11475, ""put_oi"": 6584}, ""2509"": {""call_vol"": 6122, ""put_vol"": 1808, ""call_oi"": 28323, ""put_oi"": 13799}, ""2512"": {""call_vol"": 1647, ""put_vol"": 901, ""call_oi"": 12541, ""put_oi"": 7320}, ""2603"": {""call_vol"": 277, ""put_vol"": 502, ""call_oi"": 3061, ""put_oi"": 3428}, ""2606"": {""call_vol"": 382, ""put_vol"": 426, ""call_oi"": 601, ""put_oi"": 1291}}",0.6552192786935436,0.9417723825215057,966829,633485,636691,599618,1060280,678084,0.6395329535594372,741276,675556,0.9113420642243915,15.24,15.24,14.56,14.68,0.2,0.06666666666666667,1.0,0.9166666666666666,0.05,0.016666666666666666,0.1,0.03333333333333333,0.95,0.8666666666666667,0.1,0.03333333333333333,0.95,0.85
20250707,3977.288,3979.748,3956.566,3965.175,13113527300,,0.5821400867811171,-0.42760251046970454,-17.027999999999793,,0.6050711263806469,0.7008994887404424,0.5075917496763505,35219,21310,109729,76909,"{""2507"": {""call_vol"": 26668, ""put_vol"": 17677, ""call_oi"": 51424, ""put_oi"": 43570}, ""2508"": {""call_vol"": 5080, ""put_vol"": 2189, ""call_oi"": 13204, ""put_oi"": 7294}, ""2509"": {""call_vol"": 2530, ""put_vol"": 841, ""call_oi"": 28793, ""put_oi"": 13903}, ""2512"": {""call_vol"": 457, ""put_vol"": 218, ""call_oi"": 12683, ""put_oi"": 7357}, ""2603"": {""call_vol"": 275, ""put_vol"": 198, ""call_oi"": 3010, ""put_oi"": 3389}, ""2606"": {""call_vol"": 209, ""put_vol"": 187, ""call_oi"": 615, ""put_oi"": 1396}}",0.8007443951789172,0.8561764052264855,400325,320558,661477,566341,435544,341868,0.784921844865272,771206,643250,0.8340832410536225,15.21,15.29,14.92,15.14,0.5,0.35,0.95,0.8,0.3,0.2,0.35,0.16666666666666666,0.55,0.6,0.35,0.18333333333333332,0.55,0.6
20250708,3965.426,4002.269,3965.426,3998.453,15640289500,,0.9291645387656243,0.8392567793350736,33.27799999999979,,0.44821431319146315,0.7011885300225335,0.362567196668686,64989,29129,113165,79350,"{""2507"": {""call_vol"": 50027, ""put_vol"": 23341, ""call_oi"": 51277, ""put_oi"": 44317}, ""2508"": {""call_vol"": 8625, ""put_vol"": 3770, ""call_oi"": 15942, ""put_oi"": 8492}, ""2509"": {""call_vol"": 4922, ""put_vol"": 1130, ""call_oi"": 29235, ""put_oi"": 14145}, ""2512"": {""call_vol"": 878, ""put_vol"": 366, ""call_oi"": 12998, ""put_oi"": 7472}, ""2603"": {""call_vol"": 278, ""put_vol"": 356, ""call_oi"": 2970, ""put_oi"": 3462}, ""2606"": {""call_vol"": 259, ""put_vol"": 166, ""call_oi"": 743, ""put_oi"": 1462}}",0.6244225097818781,0.8963023801895066,772091,482111,664779,595843,837080,511240,0.6107421035026521,777944,675193,0.8679197988544163,15.12,16.32,15.12,16.04,0.1,0.03333333333333333,0.95,0.8166666666666667,0.05,0.016666666666666666,0.1,0.03333333333333333,0.8,0.7333333333333333,0.1,0.03333333333333333,0.85,0.75
20250709,3997.504,4016.743,3987.427,3991.401,17329379600,,0.7331835587413382,-0.17636821040537543,-7.052000000000135,,0.5276608341007762,0.7182331765041345,0.38147518030933986,60808,32086,112224,80603,"{""2507"": {""call_vol"": 47680, ""put_vol"": 26086, ""call_oi"": 49145, ""put_oi"": 44536}, ""2508"": {""call_vol"": 7347, ""put_vol"": 3973, ""call_oi"": 16966, ""put_oi"": 9046}, ""2509"": {""call_vol"": 4187, ""put_vol"": 992, ""call_oi"": 29267, ""put_oi"": 14315}, ""2512"": {""call_vol"": 921, ""put_vol"": 509, ""call_oi"": 13166, ""put_oi"": 7593}, ""2603"": {""call_vol"": 364, ""put_vol"": 256, ""call_oi"": 2962, ""put_oi"": 3538}, ""2606"": {""call_vol"": 309, ""put_vol"": 270, ""call_oi"": 718, ""put_oi"": 1575}}",0.6917088236003764,0.8942880794701987,621685,430025,664400,594165,682493,462111,0.6770926588258048,776624,674768,0.8688477306907847,16.13,16.54,15.95,16.09,0.35,0.11666666666666667,0.95,0.8666666666666667,0.15,0.05,0.2,0.06666666666666667,0.75,0.7166666666666667,0.25,0.08333333333333333,0.85,0.75
20250710,3993.42,4032.983,3992.524,4010.024,20977890400,,1.013654102907733,0.46657802611163035,18.623000000000047,,0.5164300874565352,0.7300474973912418,0.35056977659632704,66433,34308,111164,81155,"{""2507"": {""call_vol"": 50467, ""put_vol"": 27276, ""call_oi"": 47348, ""put_oi"": 43956}, ""2508"": {""call_vol"": 9132, ""put_vol"": 4392, ""call_oi"": 17968, ""put_oi"": 9729}, ""2509"": {""call_vol"": 4852, ""put_vol"": 1493, ""call_oi"": 28656, ""put_oi"": 14476}, ""2512"": {""call_vol"": 1462, ""put_vol"": 578, ""call_oi"": 13421, ""put_oi"": 7702}, ""2603"": {""call_vol"": 316, ""put_vol"": 326, ""call_oi"": 3000, ""put_oi"": 3670}, ""2606"": {""call_vol"": 204, ""put_vol"": 243, ""call_oi"": 771, ""put_oi"": 1622}}",0.7157679426998468,0.9595956640901672,721115,516151,649460,623219,787548,550459,0.6989529527089142,760624,704374,0.9260475609499569,16.14,17.13,15.86,16.41,0.35,0.11666666666666667,1.0,0.9333333333333333,0.05,0.016666666666666666,0.3,0.11666666666666667,0.95,0.8833333333333333,0.3,0.1,1.0,0.9
20250711,4011.465,4065.942,4010.105,4014.807,26205277300,,1.392435556495422,0.1192760941081561,4.782999999999902,,0.465969132628347,0.7511758199264382,0.2956671765599274,134187,62527,111199,83530,"{""2507"": {""call_vol"": 97693, ""put_vol"": 47909, ""call_oi"": 44019, ""put_oi"": 44231}, ""2508"": {""call_vol"": 22821, ""put_vol"": 9680, ""call_oi"": 21686, ""put_oi"": 11511}, ""2509"": {""call_vol"": 9551, ""put_vol"": 2775, ""call_oi"": 28148, ""put_oi"": 14398}, ""2512"": {""call_vol"": 2762, ""put_vol"": 1125, ""call_oi"": 13400, ""put_oi"": 7740}, ""2603"": {""call_vol"": 914, ""put_vol"": 643, ""call_oi"": 3040, ""put_oi"": 3878}, ""2606"": {""call_vol"": 446, ""put_vol"": 395, ""call_oi"": 906, ""put_oi"": 1772}}",0.5988092784322431,1.0214561038162602,1513704,906420,663634,677873,1647891,968947,0.5879921669576447,774833,761403,0.9826672328101669,16.33,19.25,16.27,17.03,0.25,0.08333333333333333,1.0,0.95,0.05,0.016666666666666666,0.1,0.03333333333333333,1.0,0.9666666666666667,0.1,0.03333333333333333,1.0,0.9833333333333333
20250714,4021.214,4034.92,4017.668,4017.668,20791717500,,0.4297093235116895,0.07126120882026132,2.861000000000331,,0.6023758240323739,0.7476181932358482,0.4194961341625608,45963,27687,111470,83337,"{""2507"": {""call_vol"": 30366, ""put_vol"": 19952, ""call_oi"": 41942, ""put_oi"": 42269}, ""2508"": {""call_vol"": 11331, ""put_vol"": 5280, ""call_oi"": 23582, ""put_oi"": 12983}, ""2509"": {""call_vol"": 2689, ""put_vol"": 700, ""call_oi"": 28505, ""put_oi"": 14501}, ""2512"": {""call_vol"": 1180, ""put_vol"": 835, ""call_oi"": 13341, ""put_oi"": 7533}, ""2603"": {""call_vol"": 305, ""put_vol"": 749, ""call_oi"": 3162, ""put_oi"": 4228}, ""2606"": {""call_vol"": 92, ""put_vol"": 171, ""call_oi"": 938, ""put_oi"": 1823}}",0.798615642720387,1.0203977394427695,464331,370822,667623,681241,510294,398509,0.7809400071331428,779093,764578,0.9813693615524719,17.56,17.56,16.96,17.0,0.6,0.4,0.95,0.9333333333333333,0.4,0.13333333333333333,0.5,0.23333333333333334,0.95,0.95,0.5,0.25,0.95,0.95
20250715,4023.99,4042.657,3994.263,4019.064,19104293100,,1.2045295927886583,0.034746524600826056,1.3959999999997308,,0.6291501089603897,0.7376634182178674,0.5048942298425257,78010,49080,112977,83339,"{""2507"": {""call_vol"": 51532, ""put_vol"": 36437, ""call_oi"": 38519, ""put_oi"": 40188}, ""2508"": {""call_vol"": 18296, ""put_vol"": 9316, ""call_oi"": 27506, ""put_oi"": 14572}, ""2509"": {""call_vol"": 5076, ""put_vol"": 1380, ""call_oi"": 28855, ""put_oi"": 14760}, ""2512"": {""call_vol"": 2106, ""put_vol"": 915, ""call_oi"": 13803, ""put_oi"": 7406}, ""2603"": {""call_vol"": 682, ""put_vol"": 719, ""call_oi"": 3300, ""put_oi"": 4524}, ""2606"": {""call_vol"": 318, ""put_vol"": 313, ""call_oi"": 994, ""put_oi"": 1889}}",0.9357098695163809,0.9857375713121435,926783,867200,687120,677320,1004793,916280,0.9119092191127924,800097,760659,0.9507084765972126,17.12,17.3,15.76,15.85,0.75,0.5,0.9,0.9,0.5,0.26666666666666666,0.7,0.6,0.9,0.9166666666666666,0.7,0.5833333333333334,0.9,0.9166666666666666
20250716,4019.393,4027.857,3993.921,4007.202,15102730800,,0.8443757053881239,-0.29514334680910137,-11.861999999999625,,0.581836278492992,0.7221860042203503,0.5208785600710021,61287,35659,116578,84191,"{""2507"": {""call_vol"": 40391, ""put_vol"": 24441, ""call_oi"": 37235, ""put_oi"": 38638}, ""2508"": {""call_vol"": 15494, ""put_vol"": 8453, ""call_oi"": 31427, ""put_oi"": 16360}, ""2509"": {""call_vol"": 3541, ""put_vol"": 1507, ""call_oi"": 29360, ""put_oi"": 15230}, ""2512"": {""call_vol"": 1328, ""put_vol"": 530, ""call_oi"": 14216, ""put_oi"": 7321}, ""2603"": {""call_vol"": 259, ""put_vol"": 401, ""call_oi"": 3322, ""put_oi"": 4650}, ""2606"": {""call_vol"": 274, ""put_vol"": 327, ""call_oi"": 1018, ""put_oi"": 1992}}",1.1031207616066772,0.951166466711775,766800,845873,703492,669138,828087,881532,1.0645403200388366,820070,753329,0.918615484044045,16.04,16.08,15.12,15.47,0.6,0.35,0.75,0.8166666666666667,0.7,0.36666666666666664,0.95,0.9666666666666667,0.75,0.8,0.9,0.95,0.8,0.8166666666666667
20250717,4005.067,4034.594,4005.067,4034.491,16124904100,,0.7368483046275193,0.6809988615497753,27.28899999999976,,0.5863280626098067,0.7439937017138606,0.38476111115485623,62610,36710,115587,85996,"{""2507"": {""call_vol"": 39478, ""put_vol"": 24861, ""call_oi"": 32972, ""put_oi"": 37791}, ""2508"": {""call_vol"": 18712, ""put_vol"": 9189, ""call_oi"": 34337, ""put_oi"": 18671}, ""2509"": {""call_vol"": 3217, ""put_vol"": 1294, ""call_oi"": 29654, ""put_oi"": 15479}, ""2512"": {""call_vol"": 953, ""put_vol"": 725, ""call_oi"": 14210, ""put_oi"": 7368}, ""2603"": {""call_vol"": 138, ""put_vol"": 493, ""call_oi"": 3367, ""put_oi"": 4698}, ""2606"": {""call_vol"": 112, ""put_vol"": 148, ""call_oi"": 1047, ""put_oi"": 1989}}",1.0804112019872172,0.9976692670993568,694841,750714,683476,681883,757451,787424,1.0395708765319474,799063,767879,0.960974291138496,15.61,15.66,15.08,15.62,0.65,0.36666666666666664,0.9,0.9166666666666666,0.35,0.11666666666666667,0.85,0.9333333333333333,0.9,0.9166666666666666,0.85,0.9166666666666666,0.9,0.9166666666666666
20250718,4039.871,4064.638,4039.318,4058.549,18621106300,,0.6275884615927935,0.5963081836097839,24.057999999999993,,0.5228768589583002,0.6051589805964498,0.3044879869265678,87818,45918,87149,52739,"{""2507"": {""call_vol"": 46822, ""put_vol"": 25338, ""call_oi"": 0, ""put_oi"": 0}, ""2508"": {""call_vol"": 32981, ""put_vol"": 17103, ""call_oi"": 38476, ""put_oi"": 22442}, ""2509"": {""call_vol"": 6357, ""put_vol"": 2360, ""call_oi"": 29834, ""put_oi"": 16042}, ""2512"": {""call_vol"": 1201, ""put_vol"": 678, ""call_oi"": 14406, ""put_oi"": 7468}, ""2603"": {""call_vol"": 253, ""put_vol"": 334, ""call_oi"": 3385, ""put_oi"": 4791}, ""2606"": {""call_vol"": 204, ""put_vol"": 105, ""call_oi"": 1048, ""put_oi"": 1996}}",0.7600759038868025,1.1133537571559184,1008644,766646,648589,722109,1096462,812564,0.7410781221784248,735738,774848,1.053157509874439,15.72,16.58,15.23,15.37,0.45,0.15,0.05,0.03333333333333333,0.1,0.03333333333333333,0.45,0.16666666666666666,1.0,1.0,0.45,0.16666666666666666,1.0,1.0
20250721,4069.769,4086.117,4063.443,4085.607,22326847600,,0.5586725699258522,0.6666914702766924,27.057999999999993,,0.5665775136206043,0.636510448278852,0.39787955812521786,50475,28598,92264,58727,"{""2508"": {""call_vol"": 39295, ""put_vol"": 23070, ""call_oi"": 42373, ""put_oi"": 27318}, ""2509"": {""call_vol"": 7534, ""put_vol"": 2909, ""call_oi"": 30342, ""put_oi"": 16552}, ""2510"": {""call_vol"": 383, ""put_vol"": 322, ""call_oi"": 235, ""put_oi"": 246}, ""2512"": {""call_vol"": 2218, ""put_vol"": 1498, ""call_oi"": 14682, ""put_oi"": 7583}, ""2603"": {""call_vol"": 796, ""put_vol"": 629, ""call_oi"": 3561, ""put_oi"": 4994}, ""2606"": {""call_vol"": 249, ""put_vol"": 170, ""call_oi"": 1071, ""put_oi"": 2034}}",0.6871824027550311,1.1794213108194227,736979,506439,607269,716226,787454,535037,0.679451752102345,699533,774953,1.1078147850065687,15.85,16.18,15.46,16.0,0.6,0.26666666666666666,0.1,0.08333333333333333,0.5,0.16666666666666666,0.25,0.08333333333333333,1.0,1.0,0.35,0.11666666666666667,1.0,1.0
20250722,4087.335,4119.202,4068.338,4118.958,25759698500,,1.2449557678944654,0.8163046519158446,33.35099999999966,,0.5833209894830396,0.6937005024269778,0.4026695519465926,67510,39380,93944,65169,"{""2508"": {""call_vol"": 52982, ""put_vol"": 32761, ""call_oi"": 43563, ""put_oi"": 32728}, ""2509"": {""call_vol"": 9911, ""put_vol"": 4063, ""call_oi"": 30253, ""put_oi"": 17126}, ""2510"": {""call_vol"": 442, ""put_vol"": 397, ""call_oi"": 406, ""put_oi"": 392}, ""2512"": {""call_vol"": 2955, ""put_vol"": 1242, ""call_oi"": 15025, ""put_oi"": 7800}, ""2603"": {""call_vol"": 865, ""put_vol"": 552, ""call_oi"": 3580, ""put_oi"": 5142}, ""2606"": {""call_vol"": 355, ""put_vol"": 365, ""call_oi"": 1117, ""put_oi"": 1981}}",0.6270212494002708,1.254134308217669,1079654,676966,580992,728642,1147164,716346,0.6244495120139754,674936,793811,1.1761278106368604,16.1,16.5,15.79,16.45,0.7,0.4,0.5,0.5833333333333334,0.55,0.18333333333333332,0.2,0.06666666666666667,1.0,1.0,0.2,0.06666666666666667,1.0,1.0
20250723,4129.148,4155.678,4113.909,4119.769,30050615400,,1.0140671499927951,0.01968944572876552,0.8110000000006039,,0.4776059850374065,0.707714799820063,0.35911266475046577,90225,43092,97812,69223,"{""2508"": {""call_vol"": 68221, ""put_vol"": 33917, ""call_oi"": 47202, ""put_oi"": 35684}, ""2509"": {""call_vol"": 16082, ""put_vol"": 5842, ""call_oi"": 30698, ""put_oi"": 18036}, ""2510"": {""call_vol"": 885, ""put_vol"": 420, ""call_oi"": 725, ""put_oi"": 385}, ""2512"": {""call_vol"": 3777, ""put_vol"": 1724, ""call_oi"": 14500, ""put_oi"": 7781}, ""2603"": {""call_vol"": 884, ""put_vol"": 770, ""call_oi"": 3603, ""put_oi"": 5362}, ""2606"": {""call_vol"": 376, ""put_vol"": 419, ""call_oi"": 1084, ""put_oi"": 1975}}",0.602848012910908,1.021698345580689,1271483,766511,487180,497751,1361708,809603,0.5945496391296813,584992,566974,0.9691995787976587,16.67,18.76,16.67,17.9,0.3,0.11666666666666667,0.6,0.7166666666666667,0.2,0.06666666666666667,0.1,0.05,0.85,0.9166666666666666,0.1,0.05,0.75,0.8666666666666667
20250724,4116.831,4152.427,4111.885,4149.037,31963239200,,0.9840843018139964,0.7104281817742697,29.26800000000003,,0.4916006719462443,0.704702471623016,0.39106750297554116,58338,28679,101755,71707,"{""2508"": {""call_vol"": 47243, ""put_vol"": 22911, ""call_oi"": 50502, ""put_oi"": 37792}, ""2509"": {""call_vol"": 8437, ""put_vol"": 3507, ""call_oi"": 31336, ""put_oi"": 18152}, ""2510"": {""call_vol"": 284, ""put_vol"": 146, ""call_oi"": 812, ""put_oi"": 448}, ""2512"": {""call_vol"": 1573, ""put_vol"": 963, ""call_oi"": 14496, ""put_oi"": 7810}, ""2603"": {""call_vol"": 596, ""put_vol"": 824, ""call_oi"": 3506, ""put_oi"": 5565}, ""2606"": {""call_vol"": 205, ""put_vol"": 328, ""call_oi"": 1103, ""put_oi"": 1940}}",1.01556117785936,1.0851589549889833,585367,594476,508320,551608,643705,623155,0.9680754382830644,610075,623315,1.0217022497233947,17.85,17.85,17.07,17.46,0.3,0.13333333333333333,0.55,0.7166666666666667,0.45,0.18333333333333332,0.85,0.7333333333333333,0.85,0.95,0.85,0.7,0.85,0.9333333333333333
20250725,4145.32,4150.499,4117.801,4127.163,27359496300,,0.7880864885032215,-0.5272066747054938,-21.874000000000706,,0.6085305545743553,0.7108670541769133,0.5063127996228496,45296,27564,107352,76313,"{""2508"": {""call_vol"": 35302, ""put_vol"": 21848, ""call_oi"": 55615, ""put_oi"": 40981}, ""2509"": {""call_vol"": 7501, ""put_vol"": 3844, ""call_oi"": 31506, ""put_oi"": 19012}, ""2510"": {""call_vol"": 453, ""put_vol"": 191, ""call_oi"": 868, ""put_oi"": 557}, ""2512"": {""call_vol"": 1461, ""put_vol"": 804, ""call_oi"": 14620, ""put_oi"": 7845}, ""2603"": {""call_vol"": 380, ""put_vol"": 688, ""call_oi"": 3572, ""put_oi"": 5889}, ""2606"": {""call_vol"": 199, ""put_vol"": 189, ""call_oi"": 1171, ""put_oi"": 2029}}",0.8969808946191643,1.0194645940958385,373455,334982,540263,550779,418751,362546,0.8657794250043582,647615,627092,0.9683098754661335,17.69,18.19,17.69,17.88,0.85,0.5666666666666667,0.6,0.75,0.75,0.38333333333333336,0.7,0.4666666666666667,0.65,0.85,0.7,0.48333333333333334,0.65,0.8333333333333334
20250728,4128.199,4146.12,4112.968,4135.824,22275981500,,0.8032636462383493,0.20985359676852777,8.661000000000058,,0.6574243215031316,0.723129363901259,0.47367137630649486,45984,30231,109134,78918,"{""2508"": {""call_vol"": 35835, ""put_vol"": 25196, ""call_oi"": 56482, ""put_oi"": 42863}, ""2509"": {""call_vol"": 7260, ""put_vol"": 3339, ""call_oi"": 31590, ""put_oi"": 19526}, ""2510"": {""call_vol"": 1001, ""put_vol"": 180, ""call_oi"": 1377, ""put_oi"": 572}, ""2512"": {""call_vol"": 1271, ""put_vol"": 736, ""call_oi"": 14803, ""put_oi"": 7810}, ""2603"": {""call_vol"": 443, ""put_vol"": 499, ""call_oi"": 3709, ""put_oi"": 6062}, ""2606"": {""call_vol"": 174, ""put_vol"": 281, ""call_oi"": 1173, ""put_oi"": 2085}}",1.2189513116441397,1.0517705885367479,382802,466617,546372,574658,428786,496848,1.1587318615813016,655506,653576,0.9970557096349996,18.58,18.59,17.76,18.11,0.95,0.6833333333333333,0.7,0.8166666666666667,0.7,0.3333333333333333,1.0,1.0,0.8,0.9166666666666666,1.0,1.0,0.8,0.9166666666666666
20250729,4132.683,4153.331,4117.577,4152.025,23080788000,,0.8644952009563247,0.3917236323402573,16.201000000000022,,0.5823936300349192,0.7265620778472235,0.46274814893316746,44961,26185,111038,80676,"{""2508"": {""call_vol"": 35934, ""put_vol"": 21461, ""call_oi"": 57661, ""put_oi"": 44318}, ""2509"": {""call_vol"": 6773, ""put_vol"": 3361, ""call_oi"": 32033, ""put_oi"": 19753}, ""2510"": {""call_vol"": 728, ""put_vol"": 209, ""call_oi"": 1488, ""put_oi"": 546}, ""2512"": {""call_vol"": 1123, ""put_vol"": 572, ""call_oi"": 14878, ""put_oi"": 7711}, ""2603"": {""call_vol"": 290, ""put_vol"": 334, ""call_oi"": 3791, ""put_oi"": 6211}, ""2606"": {""call_vol"": 113, ""put_vol"": 248, ""call_oi"": 1187, ""put_oi"": 2137}}",0.98090861765177,1.0591693951155345,399552,391924,553428,586174,444513,418109,0.9406001624249459,664466,666850,1.0035878434712988,18.22,18.36,17.67,18.09,0.6,0.43333333333333335,0.75,0.85,0.7,0.3333333333333333,0.75,0.65,0.8,0.9166666666666666,0.75,0.6333333333333333,0.8,0.9166666666666666
20250730,4148.941,4185.206,4127.43,4151.238,24985304800,,1.3915137794208812,-0.01895460648717595,-0.7869999999993524,,0.637593984962406,0.7591100882240123,0.4178050388917892,75810,48336,109494,83118,"{""2508"": {""call_vol"": 60608, ""put_vol"": 39332, ""call_oi"": 55638, ""put_oi"": 45332}, ""2509"": {""call_vol"": 11008, ""put_vol"": 6667, ""call_oi"": 32319, ""put_oi"": 20862}, ""2510"": {""call_vol"": 872, ""put_vol"": 219, ""call_oi"": 1471, ""put_oi"": 579}, ""2512"": {""call_vol"": 2486, ""put_vol"": 1224, ""call_oi"": 14966, ""put_oi"": 7819}, ""2603"": {""call_vol"": 621, ""put_vol"": 669, ""call_oi"": 3878, ""put_oi"": 6313}, ""2606"": {""call_vol"": 215, ""put_vol"": 225, ""call_oi"": 1222, ""put_oi"": 2213}}",1.0233345823935005,1.0646530816799564,685849,701853,558705,594827,761659,750189,0.9849407674563027,668199,677945,1.0145854752850574,18.11,18.41,17.3,17.3,0.95,0.6666666666666666,1.0,0.95,0.6,0.23333333333333334,0.85,0.75,0.8,0.9166666666666666,0.85,0.75,0.8,0.9166666666666666
20250731,4141.561,4141.824,4063.666,4075.591,26708740600,,1.882763647856361,-1.8222756681259944,-75.64700000000039,,0.7171548913690122,0.7035469224729457,0.7621991253054085,84046,60274,117172,82436,"{""2508"": {""call_vol"": 66475, ""put_vol"": 50335, ""call_oi"": 60503, ""put_oi"": 43391}, ""2509"": {""call_vol"": 13237, ""put_vol"": 6853, ""call_oi"": 34212, ""put_oi"": 21532}, ""2510"": {""call_vol"": 777, ""put_vol"": 582, ""call_oi"": 1510, ""put_oi"": 699}, ""2512"": {""call_vol"": 2810, ""put_vol"": 1444, ""call_oi"": 15616, ""put_oi"": 7909}, ""2603"": {""call_vol"": 524, ""put_vol"": 818, ""call_oi"": 4067, ""put_oi"": 6596}, ""2606"": {""call_vol"": 223, ""put_vol"": 242, ""call_oi"": 1264, ""put_oi"": 2309}}",1.0782957028404954,0.9167152280832614,782610,843885,643515,589920,866656,904159,1.0432732249012295,760687,672356,0.8838799663987947,17.41,17.89,17.21,17.52,1.0,0.8666666666666667,0.3,0.65,1.0,0.8333333333333334,0.85,0.8833333333333333,0.2,0.5333333333333333,0.9,0.9,0.2,0.5333333333333333
20250801,4069.925,4085.354,4040.462,4054.929,19622182600,,1.1014844227499723,-0.5069694186683571,-20.661999999999807,,0.6194537740852042,0.6808349367383826,0.7501625240302042,67884,42051,120057,81739,"{""2508"": {""call_vol"": 51894, ""put_vol"": 32154, ""call_oi"": 61377, ""put_oi"": 42084}, ""2509"": {""call_vol"": 11290, ""put_vol"": 7324, ""call_oi"": 35052, ""put_oi"": 21662}, ""2510"": {""call_vol"": 937, ""put_vol"": 671, ""call_oi"": 1554, ""put_oi"": 785}, ""2512"": {""call_vol"": 2833, ""put_vol"": 987, ""call_oi"": 16475, ""put_oi"": 8055}, ""2603"": {""call_vol"": 685, ""put_vol"": 506, ""call_oi"": 4234, ""put_oi"": 6827}, ""2606"": {""call_vol"": 245, ""put_vol"": 409, ""call_oi"": 1365, ""put_oi"": 2326}}",1.1521549803725997,0.8936151701092575,545411,628398,678123,605981,613295,670449,1.0931916940460953,798180,687720,0.8616101631211005,17.75,17.75,16.47,16.51,0.8,0.6166666666666667,0.15,0.48333333333333334,0.95,0.8,0.95,0.9833333333333333,0.1,0.45,0.95,0.9666666666666667,0.1,0.4666666666666667
20250804,4037.938,4070.702,4037.938,4070.702,16227590200,,0.8080042831822734,0.38898338293962276,15.773000000000138,,0.5836709664702919,0.6802082821633836,0.6531082144692629,45661,26651,122142,83082,"{""2508"": {""call_vol"": 33761, ""put_vol"": 20433, ""call_oi"": 61828, ""put_oi"": 42772}, ""2509"": {""call_vol"": 8881, ""put_vol"": 4556, ""call_oi"": 36014, ""put_oi"": 21993}, ""2510"": {""call_vol"": 841, ""put_vol"": 430, ""call_oi"": 1878, ""put_oi"": 915}, ""2512"": {""call_vol"": 1756, ""put_vol"": 490, ""call_oi"": 16829, ""put_oi"": 8111}, ""2603"": {""call_vol"": 304, ""put_vol"": 490, ""call_oi"": 4212, ""put_oi"": 6963}, ""2606"": {""call_vol"": 118, ""put_vol"": 252, ""call_oi"": 1381, ""put_oi"": 2328}}",1.1215000494876723,0.9044250292840255,383934,430582,692357,626185,429595,457233,1.0643350132101166,814499,709267,0.87080156022291,17.26,17.26,16.24,16.33,0.6,0.45,0.15,0.48333333333333334,0.9,0.65,0.9,0.95,0.2,0.5333333333333333,0.85,0.9,0.2,0.5166666666666667
20250805,4080.388,4106.297,4075.584,4103.45,17885199900,,0.7544890291649876,0.8044804065735933,32.74799999999959,,0.5269462247928717,0.7072163580733162,0.42804722102982895,51176,26967,120601,85291,"{""2508"": {""call_vol"": 38466, ""put_vol"": 21536, ""call_oi"": 58491, ""put_oi"": 43907}, ""2509"": {""call_vol"": 8618, ""put_vol"": 3424, ""call_oi"": 37095, ""put_oi"": 22846}, ""2510"": {""call_vol"": 558, ""put_vol"": 417, ""call_oi"": 1992, ""put_oi"": 992}, ""2512"": {""call_vol"": 2487, ""put_vol"": 726, ""call_oi"": 17309, ""put_oi"": 8256}, ""2603"": {""call_vol"": 743, ""put_vol"": 695, ""call_oi"": 4271, ""put_oi"": 6877}, ""2606"": {""call_vol"": 304, ""put_vol"": 169, ""call_oi"": 1443, ""put_oi"": 2413}}",1.0303766425523333,0.9363848466485754,431417,444522,683202,639740,482593,471489,0.9769909633998006,803803,725031,0.902000863395633,16.44,16.44,15.75,15.98,0.3,0.2,0.4,0.7166666666666667,0.6,0.26666666666666666,0.7,0.7333333333333333,0.25,0.5833333333333334,0.65,0.6666666666666666,0.25,0.6
20250806,4100.428,4116.709,4098.354,4113.485,17667615500,,0.44730653474514287,0.244550317415837,10.034999999999854,,0.49284190663713184,0.7210045322832306,0.37500979236579274,48756,24029,121131,87336,"{""2508"": {""call_vol"": 35923, ""put_vol"": 19015, ""call_oi"": 57987, ""put_oi"": 45327}, ""2509"": {""call_vol"": 8450, ""put_vol"": 3150, ""call_oi"": 37389, ""put_oi"": 23197}, ""2510"": {""call_vol"": 594, ""put_vol"": 346, ""call_oi"": 2214, ""put_oi"": 1071}, ""2512"": {""call_vol"": 2592, ""put_vol"": 715, ""call_oi"": 17412, ""put_oi"": 8449}, ""2603"": {""call_vol"": 792, ""put_vol"": 547, ""call_oi"": 4541, ""put_oi"": 6805}, ""2606"": {""call_vol"": 405, ""put_vol"": 256, ""call_oi"": 1588, ""put_oi"": 2487}}",1.0767408348191387,0.94984242364472,327544,352680,689507,654923,376300,376709,1.0010868987509964,810638,742259,0.9156479217603912,16.14,16.4,15.92,16.2,0.2,0.15,0.55,0.7833333333333333,0.25,0.11666666666666667,0.7,0.8333333333333334,0.25,0.65,0.7,0.7166666666666667,0.25,0.65
20250807,4120.282,4129.738,4094.821,4114.666,19864190200,,0.8488422833680047,0.028710448682822687,1.1810000000004948,,0.5100646616780261,0.7374852645735444,0.3941761115534585,62943,32105,120458,88836,"{""2508"": {""call_vol"": 48080, ""put_vol"": 24914, ""call_oi"": 56806, ""put_oi"": 45637}, ""2509"": {""call_vol"": 10593, ""put_vol"": 4345, ""call_oi"": 38135, ""put_oi"": 23762}, ""2510"": {""call_vol"": 1010, ""put_vol"": 601, ""call_oi"": 2044, ""put_oi"": 1197}, ""2512"": {""call_vol"": 1748, ""put_vol"": 998, ""call_oi"": 17097, ""put_oi"": 8639}, ""2603"": {""call_vol"": 1037, ""put_vol"": 897, ""call_oi"": 4736, ""put_oi"": 6945}, ""2606"": {""call_vol"": 475, ""put_vol"": 350, ""call_oi"": 1640, ""put_oi"": 2656}}",1.0326476739610093,0.955702635072358,452314,467081,687761,657295,515257,499186,0.9688097396056725,808219,746131,0.9231792373106794,16.53,16.76,16.31,16.42,0.25,0.16666666666666666,0.75,0.9,0.35,0.21666666666666667,0.65,0.75,0.35,0.6833333333333333,0.55,0.6166666666666667,0.35,0.7
20250808,4109.273,4122.21,4097.416,4104.967,17317120100,,0.6025762479870752,-0.23571779580652263,-9.699000000000524,,0.609804597934379,0.7520118452092152,0.4941920061792422,49283,30053,119542,89897,"{""2508"": {""call_vol"": 37207, ""put_vol"": 23506, ""call_oi"": 54638, ""put_oi"": 45467}, ""2509"": {""call_vol"": 9785, ""put_vol"": 4497, ""call_oi"": 39017, ""put_oi"": 24441}, ""2510"": {""call_vol"": 456, ""put_vol"": 613, ""call_oi"": 2117, ""put_oi"": 1473}, ""2512"": {""call_vol"": 1020, ""put_vol"": 580, ""call_oi"": 17182, ""put_oi"": 8763}, ""2603"": {""call_vol"": 471, ""put_vol"": 561, ""call_oi"": 4846, ""put_oi"": 7025}, ""2606"": {""call_vol"": 344, ""put_vol"": 296, ""call_oi"": 1742, ""put_oi"": 2728}}",1.1137783936528638,0.9692947459769244,368040,409915,686788,665700,417323,439968,1.0542625256695652,806330,755597,0.9370815919040592,16.5,16.5,15.85,15.9,0.75,0.6166666666666667,0.95,0.9833333333333333,0.7,0.36666666666666664,0.85,0.9166666666666666,0.4,0.7166666666666667,0.8,0.8833333333333333,0.4,0.7333333333333333
20250811,4110.294,4134.246,4103.605,4122.511,19044371600,,0.746437182077238,0.4273846781228885,17.54400000000078,,0.5535066182749786,0.7510806588919837,0.39596292871890604,74944,41482,120991,90874,"{""2508"": {""call_vol"": 56652, ""put_vol"": 32015, ""call_oi"": 53256, ""put_oi"": 44525}, ""2509"": {""call_vol"": 14834, ""put_vol"": 7445, ""call_oi"": 41172, ""put_oi"": 26002}, ""2510"": {""call_vol"": 1139, ""put_vol"": 794, ""call_oi"": 2558, ""put_oi"": 1662}, ""2512"": {""call_vol"": 1427, ""put_vol"": 714, ""call_oi"": 17437, ""put_oi"": 8732}, ""2603"": {""call_vol"": 537, ""put_vol"": 365, ""call_oi"": 4858, ""put_oi"": 7141}, ""2606"": {""call_vol"": 355, ""put_vol"": 149, ""call_oi"": 1710, ""put_oi"": 2812}}",0.9300295397276305,0.9756321958049599,529795,492725,695631,678680,604739,534207,0.8833678661372922,816622,769554,0.9423625618707309,16.39,16.42,16.11,16.23,0.35,0.3,0.9,0.95,0.35,0.23333333333333334,0.3,0.45,0.45,0.7333333333333333,0.3,0.4166666666666667,0.45,0.75
20250812,4123.576,4153.295,4121.224,4143.825,17728782300,,0.7779481971060819,0.5170149940169733,21.313999999999396,,0.5721280905810225,0.7684829511803029,0.3378082059418038,74541,42647,118190,90827,"{""2508"": {""call_vol"": 56533, ""put_vol"": 32069, ""call_oi"": 48556, ""put_oi"": 42817}, ""2509"": {""call_vol"": 15109, ""put_vol"": 8151, ""call_oi"": 42799, ""put_oi"": 27483}, ""2510"": {""call_vol"": 798, ""put_vol"": 569, ""call_oi"": 2762, ""put_oi"": 1962}, ""2512"": {""call_vol"": 1708, ""put_vol"": 842, ""call_oi"": 17428, ""put_oi"": 8663}, ""2603"": {""call_vol"": 213, ""put_vol"": 508, ""call_oi"": 4882, ""put_oi"": 7060}, ""2606"": {""call_vol"": 180, ""put_vol"": 508, ""call_oi"": 1763, ""put_oi"": 2842}}",0.894112218339434,1.0123865869618422,578622,517353,682351,690803,653163,560000,0.8573663848074676,800541,781630,0.9763772249016602,16.42,16.73,16.11,16.45,0.45,0.35,1.0,1.0,0.1,0.05,0.25,0.4,0.55,0.7833333333333333,0.25,0.4,0.65,0.8333333333333334
20250813,4150.504,4186.748,4147.199,4176.578,21393499900,,0.9544080650123975,0.7904050002111696,32.75300000000061,,0.5391687014832902,0.803918793400858,0.291602678004488,109756,59177,113045,90879,"{""2508"": {""call_vol"": 76377, ""put_vol"": 42051, ""call_oi"": 40482, ""put_oi"": 39985}, ""2509"": {""call_vol"": 28346, ""put_vol"": 13363, ""call_oi"": 45910, ""put_oi"": 29918}, ""2510"": {""call_vol"": 1494, ""put_vol"": 1254, ""call_oi"": 2978, ""put_oi"": 2453}, ""2512"": {""call_vol"": 2451, ""put_vol"": 1581, ""call_oi"": 16999, ""put_oi"": 8498}, ""2603"": {""call_vol"": 603, ""put_vol"": 499, ""call_oi"": 4924, ""put_oi"": 7102}, ""2606"": {""call_vol"": 485, ""put_vol"": 429, ""call_oi"": 1752, ""put_oi"": 2923}}",0.7851993072991791,1.078620806036535,898512,705511,663692,715872,1008268,764688,0.7584174048963173,776737,806751,1.0386411359314671,17.41,17.89,17.21,17.52,0.35,0.26666666666666666,1.0,1.0,0.05,0.016666666666666666,0.25,0.23333333333333334,0.8,0.9333333333333333,0.25,0.21666666666666667,0.85,0.95
20250814,4179.965,4220.311,4165.938,4173.313,22110359500,,1.3018552508776224,-0.07817404583370102,-3.2650000000003274,,0.5540091430230026,0.8689670683935299,0.31727017990279,137810,76348,106706,92724,"{""2508"": {""call_vol"": 81846, ""put_vol"": 53969, ""call_oi"": 33738, ""put_oi"": 38594}, ""2509"": {""call_vol"": 48526, ""put_vol"": 17739, ""call_oi"": 46424, ""put_oi"": 32195}, ""2510"": {""call_vol"": 1929, ""put_vol"": 1160, ""call_oi"": 3507, ""put_oi"": 2810}, ""2512"": {""call_vol"": 4430, ""put_vol"": 1663, ""call_oi"": 16269, ""put_oi"": 8780}, ""2603"": {""call_vol"": 695, ""put_vol"": 947, ""call_oi"": 4911, ""put_oi"": 7221}, ""2606"": {""call_vol"": 384, ""put_vol"": 870, ""call_oi"": 1857, ""put_oi"": 3124}}",0.8054322922510614,1.1134447996586716,1105132,890109,660947,735928,1242942,966457,0.7775559921540989,767653,828652,1.0794616838597648,19.0,19.0,18.1,18.1,0.45,0.3333333333333333,1.0,1.0,0.15,0.06666666666666667,0.3,0.3,0.9,0.9666666666666667,0.3,0.26666666666666666,0.9,0.9666666666666667
20250815,4162.421,4214.729,4157.495,4202.353,26132756600,,1.371428407119245,0.6958500356910591,29.039999999999964,,0.5410426267281107,0.7363882698541329,0.3428806713702939,104160,56355,78976,58157,"{""2508"": {""call_vol"": 52927, ""put_vol"": 33643, ""call_oi"": 0, ""put_oi"": 0}, ""2509"": {""call_vol"": 45541, ""put_vol"": 18680, ""call_oi"": 51592, ""put_oi"": 35499}, ""2510"": {""call_vol"": 2041, ""put_vol"": 999, ""call_oi"": 3848, ""put_oi"": 2996}, ""2512"": {""call_vol"": 2424, ""put_vol"": 1027, ""call_oi"": 16438, ""put_oi"": 8680}, ""2603"": {""call_vol"": 616, ""put_vol"": 1009, ""call_oi"": 5004, ""put_oi"": 7381}, ""2606"": {""call_vol"": 611, ""put_vol"": 997, ""call_oi"": 2094, ""put_oi"": 3601}}",0.8731307378355316,1.1769217582431037,972710,849303,653334,768923,1076870,905658,0.841009592615636,732310,827080,1.1294124073138425,18.64,20.15,17.86,20.15,0.35,0.2833333333333333,0.65,0.8166666666666667,0.2,0.1,0.3,0.4166666666666667,0.9,0.9666666666666667,0.3,0.38333333333333336,0.95,0.9833333333333333
20250818,4218.247,4272.96,4203.419,4239.413,30147910200,,1.6548110070715185,0.8818868857518591,37.05999999999949,,0.474580642696114,0.7921186550236816,0.32471894009417307,104684,49681,85087,67399,"{""2509"": {""call_vol"": 90283, ""put_vol"": 41218, ""call_oi"": 56287, ""put_oi"": 42108}, ""2510"": {""call_vol"": 5591, ""put_vol"": 2364, ""call_oi"": 4856, ""put_oi"": 3661}, ""2511"": {""call_vol"": 1425, ""put_vol"": 735, ""call_oi"": 368, ""put_oi"": 296}, ""2512"": {""call_vol"": 5289, ""put_vol"": 2546, ""call_oi"": 16111, ""put_oi"": 9668}, ""2603"": {""call_vol"": 1310, ""put_vol"": 1593, ""call_oi"": 5114, ""put_oi"": 7695}, ""2606"": {""call_vol"": 786, ""put_vol"": 1225, ""call_oi"": 2351, ""put_oi"": 3971}}",0.8139836114401291,1.222689952685778,1154952,940112,661112,808335,1259636,989793,0.7857770022450931,746199,875734,1.173593103180251,21.0,22.52,20.45,21.87,0.05,0.1,0.9,0.9666666666666667,0.15,0.08333333333333333,0.25,0.31666666666666665,0.95,0.9833333333333333,0.25,0.31666666666666665,0.95,0.9833333333333333
20250819,4241.765,4264.23,4215.208,4223.374,25081877100,,1.1563393328274443,-0.3783306792709218,-16.03899999999976,,0.37734729638368036,0.7815484812511572,0.3055353792845054,72477,27349,91819,71761,"{""2509"": {""call_vol"": 63162, ""put_vol"": 22971, ""call_oi"": 61661, ""put_oi"": 45515}, ""2510"": {""call_vol"": 4549, ""put_vol"": 1774, ""call_oi"": 5796, ""put_oi"": 4218}, ""2511"": {""call_vol"": 673, ""put_vol"": 393, ""call_oi"": 472, ""put_oi"": 467}, ""2512"": {""call_vol"": 2903, ""put_vol"": 1016, ""call_oi"": 16151, ""put_oi"": 9740}, ""2603"": {""call_vol"": 539, ""put_vol"": 489, ""call_oi"": 5153, ""put_oi"": 7781}, ""2606"": {""call_vol"": 651, ""put_vol"": 706, ""call_oi"": 2586, ""put_oi"": 4040}}",1.1047858107625868,1.1594601136988814,742591,820404,681625,790317,815068,847753,1.0401009486325068,773444,862078,1.1145965318756108,22.07,22.83,19.59,20.02,0.05,0.016666666666666666,0.85,0.95,0.1,0.06666666666666667,0.8,0.9166666666666666,0.9,0.9333333333333333,0.75,0.8666666666666667,0.9,0.95
20250820,4208.401,4272.146,4190.556,4271.396,24648177300,,1.931867743657089,1.1370529818102826,48.021999999999935,,0.547926156116527,0.7866861530227867,0.45321930166295576,70473,38614,97162,76436,"{""2509"": {""call_vol"": 61395, ""put_vol"": 32792, ""call_oi"": 65735, ""put_oi"": 49189}, ""2510"": {""call_vol"": 4453, ""put_vol"": 2455, ""call_oi"": 6418, ""put_oi"": 4935}, ""2511"": {""call_vol"": 715, ""put_vol"": 553, ""call_oi"": 577, ""put_oi"": 619}, ""2512"": {""call_vol"": 2944, ""put_vol"": 978, ""call_oi"": 16479, ""put_oi"": 9767}, ""2603"": {""call_vol"": 649, ""put_vol"": 974, ""call_oi"": 5305, ""put_oi"": 8004}, ""2606"": {""call_vol"": 317, ""put_vol"": 862, ""call_oi"": 2648, ""put_oi"": 3922}}",1.213209237530811,1.2190953537060052,852782,1034603,658202,802411,923255,1073217,1.1624274983617744,755364,878847,1.1634748280299299,21.0,22.52,20.45,21.87,0.45,0.3333333333333333,0.85,0.95,0.65,0.45,0.95,0.9833333333333333,0.95,0.9666666666666667,1.0,1.0,0.95,0.9666666666666667
20250821,4284.371,4308.447,4273.652,4288.071,25903001400,,0.8146048739100772,0.3903875922532052,16.675000000000182,,0.46442692922045614,0.8216095640464223,0.32041126654650687,76378,35472,97281,79927,"{""2509"": {""call_vol"": 66207, ""put_vol"": 30345, ""call_oi"": 65110, ""put_oi"": 52153}, ""2510"": {""call_vol"": 4632, ""put_vol"": 2313, ""call_oi"": 6815, ""put_oi"": 5211}, ""2511"": {""call_vol"": 511, ""put_vol"": 188, ""call_oi"": 691, ""put_oi"": 650}, ""2512"": {""call_vol"": 3531, ""put_vol"": 1482, ""call_oi"": 16705, ""put_oi"": 9985}, ""2603"": {""call_vol"": 769, ""put_vol"": 626, ""call_oi"": 5288, ""put_oi"": 7894}, ""2606"": {""call_vol"": 728, ""put_vol"": 518, ""call_oi"": 2672, ""put_oi"": 4034}}",0.7150301968768127,1.2181346161188105,879230,628676,654825,797665,955608,664148,0.6950004604398456,752106,877592,1.166846162641968,21.14,21.64,19.88,20.29,0.1,0.1,0.95,0.9833333333333333,0.2,0.1,0.05,0.16666666666666666,0.9,0.95,0.05,0.16666666666666666,0.95,0.9666666666666667
20250822,4287.363,4378.388,4287.363,4377.998,29043489700,,2.1227493667898605,2.097143447484884,89.92699999999968,,0.43889205625237554,0.8347005327013834,0.2256192310904507,105240,46189,98742,82420,"{""2509"": {""call_vol"": 93100, ""put_vol"": 40366, ""call_oi"": 65758, ""put_oi"": 54051}, ""2510"": {""call_vol"": 5879, ""put_vol"": 2850, ""call_oi"": 7595, ""put_oi"": 5638}, ""2511"": {""call_vol"": 504, ""put_vol"": 257, ""call_oi"": 790, ""put_oi"": 736}, ""2512"": {""call_vol"": 4417, ""put_vol"": 1625, ""call_oi"": 16578, ""put_oi"": 9949}, ""2603"": {""call_vol"": 838, ""put_vol"": 549, ""call_oi"": 5394, ""put_oi"": 7984}, ""2606"": {""call_vol"": 502, ""put_vol"": 542, ""call_oi"": 2627, ""put_oi"": 4062}}",0.7062160672986147,1.3301326856028686,1139756,804914,605190,804983,1244996,851103,0.6836190638363496,703932,887403,1.2606373911116415,20.33,21.17,19.36,20.93,0.1,0.05,0.95,0.9833333333333333,0.05,0.016666666666666666,0.05,0.16666666666666666,1.0,1.0,0.05,0.16666666666666666,1.0,1.0
20250825,4416.292,4472.653,4404.776,4469.222,35809000600,,1.5504118549163435,2.083692135080928,91.22400000000016,,0.3930382263757021,0.8496993397264581,0.18965374802013085,160936,63254,101776,86479,"{""2509"": {""call_vol"": 136416, ""put_vol"": 50550, ""call_oi"": 68263, ""put_oi"": 57173}, ""2510"": {""call_vol"": 12021, ""put_vol"": 5407, ""call_oi"": 8248, ""put_oi"": 5927}, ""2511"": {""call_vol"": 1878, ""put_vol"": 650, ""call_oi"": 1203, ""put_oi"": 935}, ""2512"": {""call_vol"": 8401, ""put_vol"": 3876, ""call_oi"": 15925, ""put_oi"": 10211}, ""2603"": {""call_vol"": 1423, ""put_vol"": 1518, ""call_oi"": 5413, ""put_oi"": 8119}, ""2606"": {""call_vol"": 797, ""put_vol"": 1253, ""call_oi"": 2724, ""put_oi"": 4114}}",0.6646765903358866,1.3690192959635514,1347687,895776,593492,812502,1508623,959030,0.6356989121868087,695268,898981,1.2929992463337878,23.64,23.64,21.66,23.49,0.1,0.03333333333333333,0.95,0.9833333333333333,0.05,0.016666666666666666,0.05,0.11666666666666667,1.0,1.0,0.05,0.1,1.0,1.0
20250826,4453.353,4476.803,4435.528,4452.591,27062139500,,0.9235388172706489,-0.3721229332532494,-16.630999999999403,,0.39840856363710364,0.832577971808058,0.23189920958801563,98276,39154,108116,90015,"{""2509"": {""call_vol"": 85089, ""put_vol"": 30959, ""call_oi"": 73226, ""put_oi"": 59476}, ""2510"": {""call_vol"": 6040, ""put_vol"": 3564, ""call_oi"": 8893, ""put_oi"": 6462}, ""2511"": {""call_vol"": 1614, ""put_vol"": 982, ""call_oi"": 1780, ""put_oi"": 1333}, ""2512"": {""call_vol"": 4479, ""put_vol"": 2347, ""call_oi"": 15918, ""put_oi"": 10302}, ""2603"": {""call_vol"": 719, ""put_vol"": 782, ""call_oi"": 5577, ""put_oi"": 8209}, ""2606"": {""call_vol"": 335, ""put_vol"": 520, ""call_oi"": 2722, ""put_oi"": 4233}}",0.6336064479239069,1.3309053937201583,876189,555159,611767,814204,974465,594313,0.6098864505138717,719883,904219,1.2560638325950189,23.45,24.74,23.36,23.58,0.15,0.05,0.85,0.95,0.15,0.05,0.05,0.1,0.95,0.9833333333333333,0.05,0.06666666666666667,0.9,0.9666666666666667
20250827,4458.84,4494.913,4386.127,4386.127,33313389800,,2.44320666326638,-1.4927039110486429,-66.46399999999994,,0.5524958498672845,0.8088516201391445,0.31520647633980464,112647,62237,114126,92311,"{""2509"": {""call_vol"": 95412, ""put_vol"": 52219, ""call_oi"": 77931, ""put_oi"": 60474}, ""2510"": {""call_vol"": 8507, ""put_vol"": 5031, ""call_oi"": 10033, ""put_oi"": 7119}, ""2511"": {""call_vol"": 1109, ""put_vol"": 950, ""call_oi"": 2197, ""put_oi"": 1499}, ""2512"": {""call_vol"": 5568, ""put_vol"": 2290, ""call_oi"": 15626, ""put_oi"": 10587}, ""2603"": {""call_vol"": 1294, ""put_vol"": 1054, ""call_oi"": 5628, ""put_oi"": 8324}, ""2606"": {""call_vol"": 757, ""put_vol"": 693, ""call_oi"": 2711, ""put_oi"": 4308}}",0.7934978873081389,1.1221668942568788,980266,777839,509688,571955,1092913,840076,0.7686577065146082,623814,664266,1.0648462522482662,23.68,23.84,22.16,23.4,0.65,0.43333333333333335,0.75,0.9166666666666666,0.3,0.13333333333333333,0.3,0.31666666666666665,0.6,0.8333333333333334,0.3,0.31666666666666665,0.55,0.8166666666666667
20250828,4378.035,4464.803,4364.171,4463.782,29683453600,,2.294324810932278,1.7704685705635104,77.65499999999975,,0.5469429988739767,0.7934922842350418,0.3884360064309658,131436,71888,119366,94716,"{""2509"": {""call_vol"": 112017, ""put_vol"": 60189, ""call_oi"": 81258, ""put_oi"": 61413}, ""2510"": {""call_vol"": 10984, ""put_vol"": 6079, ""call_oi"": 11013, ""put_oi"": 7955}, ""2511"": {""call_vol"": 1645, ""put_vol"": 920, ""call_oi"": 2306, ""put_oi"": 1596}, ""2512"": {""call_vol"": 4639, ""put_vol"": 2218, ""call_oi"": 16278, ""put_oi"": 10841}, ""2603"": {""call_vol"": 1414, ""put_vol"": 1384, ""call_oi"": 5704, ""put_oi"": 8507}, ""2606"": {""call_vol"": 737, ""put_vol"": 1098, ""call_oi"": 2807, ""put_oi"": 4404}}",0.8988564989760331,1.1730863255524524,933624,839194,539956,633415,1065060,911082,0.8554278632189736,659322,728131,1.104363270147212,23.11,23.36,21.82,23.34,0.6,0.4,0.65,0.8833333333333333,0.65,0.38333333333333336,0.55,0.5666666666666667,0.65,0.85,0.5,0.5333333333333333,0.6,0.8333333333333334
20250829,4455.803,4516.84,4452.363,4496.759,35193894700,,1.4444477799319022,0.7387681566886517,32.97699999999986,,0.4963424896963943,0.8524793597730841,0.24792829620840895,139029,69006,118458,100983,"{""2509"": {""call_vol"": 120083, ""put_vol"": 58318, ""call_oi"": 79467, ""put_oi"": 66141}, ""2510"": {""call_vol"": 11368, ""put_vol"": 6497, ""call_oi"": 11772, ""put_oi"": 9199}, ""2511"": {""call_vol"": 1114, ""put_vol"": 829, ""call_oi"": 2445, ""put_oi"": 1702}, ""2512"": {""call_vol"": 4797, ""put_vol"": 1771, ""call_oi"": 16282, ""put_oi"": 11076}, ""2603"": {""call_vol"": 1155, ""put_vol"": 989, ""call_oi"": 5761, ""put_oi"": 8436}, ""2606"": {""call_vol"": 512, ""put_vol"": 602, ""call_oi"": 2731, ""put_oi"": 4429}}",0.8110231100762905,1.2373636619901556,968928,785823,553404,684762,1107957,854829,0.7715362599812087,671862,785745,1.1695035587665323,23.37,24.19,22.96,23.12,0.4,0.26666666666666666,0.95,0.9833333333333333,0.2,0.06666666666666667,0.4,0.4,0.85,0.9333333333333333,0.35,0.3333333333333333,0.8,0.9166666666666666
20250901,4516.879,4528.134,4487.53,4523.711,32036670800,,0.9029614440089021,0.5993650093322866,26.952000000000226,,0.5670446417054609,0.865413438333545,0.2788518852399846,85279,48357,118095,102201,"{""2509"": {""call_vol"": 74183, ""put_vol"": 41767, ""call_oi"": 78173, ""put_oi"": 66923}, ""2510"": {""call_vol"": 6643, ""put_vol"": 3216, ""call_oi"": 12499, ""put_oi"": 9507}, ""2511"": {""call_vol"": 643, ""put_vol"": 453, ""call_oi"": 2578, ""put_oi"": 1710}, ""2512"": {""call_vol"": 2745, ""put_vol"": 1227, ""call_oi"": 16152, ""put_oi"": 11269}, ""2603"": {""call_vol"": 606, ""put_vol"": 900, ""call_oi"": 5897, ""put_oi"": 8535}, ""2606"": {""call_vol"": 459, ""put_vol"": 794, ""call_oi"": 2796, ""put_oi"": 4257}}",0.9673785324011516,1.230152839579999,544672,526904,568570,699428,629951,575261,0.9131837238134395,686665,801629,1.1674237073390954,25.16,25.16,22.63,22.63,0.9,0.5333333333333333,0.95,0.9833333333333333,0.25,0.08333333333333333,0.7,0.6166666666666667,0.8,0.9166666666666666,0.7,0.6,0.75,0.9
20250902,4521.983,4548.894,4454.417,4490.453,30393256600,,2.08848443236095,-0.7351928538317232,-33.25799999999981,,0.5543457015343519,0.8506625511330164,0.3138733739430689,122788,68067,120519,102521,"{""2509"": {""call_vol"": 106427, ""put_vol"": 56402, ""call_oi"": 79744, ""put_oi"": 66267}, ""2510"": {""call_vol"": 9896, ""put_vol"": 6462, ""call_oi"": 13327, ""put_oi"": 10119}, ""2511"": {""call_vol"": 704, ""put_vol"": 850, ""call_oi"": 2553, ""put_oi"": 1636}, ""2512"": {""call_vol"": 4064, ""put_vol"": 2068, ""call_oi"": 16168, ""put_oi"": 11665}, ""2603"": {""call_vol"": 1230, ""put_vol"": 1515, ""call_oi"": 5916, ""put_oi"": 8616}, ""2606"": {""call_vol"": 467, ""put_vol"": 770, ""call_oi"": 2811, ""put_oi"": 4218}}",1.0203335870116692,1.1423149007524511,788400,804431,613063,700311,911188,872498,0.9575389491520959,733582,802832,1.0943998080650834,22.98,23.07,21.7,22.59,0.85,0.5,0.85,0.95,0.4,0.16666666666666666,0.75,0.6833333333333333,0.45,0.7833333333333333,0.75,0.65,0.45,0.7833333333333333
20250903,4501.339,4510.73,4427.518,4459.83,25432021700,,1.8530869825382768,-0.6819579227307471,-30.623000000000502,,0.583041942835273,0.8287471386658929,0.41206901174705435,114966,67030,124068,102821,"{""2509"": {""call_vol"": 98029, ""put_vol"": 56278, ""call_oi"": 81013, ""put_oi"": 65902}, ""2510"": {""call_vol"": 10017, ""put_vol"": 5878, ""call_oi"": 15162, ""put_oi"": 10720}, ""2511"": {""call_vol"": 888, ""put_vol"": 970, ""call_oi"": 2752, ""put_oi"": 1708}, ""2512"": {""call_vol"": 4507, ""put_vol"": 1918, ""call_oi"": 16447, ""put_oi"": 11601}, ""2603"": {""call_vol"": 826, ""put_vol"": 1154, ""call_oi"": 5781, ""put_oi"": 8646}, ""2606"": {""call_vol"": 699, ""put_vol"": 832, ""call_oi"": 2913, ""put_oi"": 4244}}",0.9616360121983585,1.0972351571594878,798796,768151,652840,716319,913762,835181,0.9140027709622418,776908,819140,1.0543590746909544,22.85,22.85,21.59,21.59,0.95,0.65,0.65,0.8833333333333333,0.9,0.5333333333333333,0.7,0.6,0.3,0.7166666666666667,0.75,0.6,0.3,0.7333333333333333
20250904,4461.25,4465.497,4327.507,4365.209,30793460900,,3.0940641235204187,-2.121627954428762,-94.6210000000001,,0.6808131398688959,0.7393522660076115,0.627177794537048,135770,92434,131906,97525,"{""2509"": {""call_vol"": 113721, ""put_vol"": 79637, ""call_oi"": 84608, ""put_oi"": 60180}, ""2510"": {""call_vol"": 12294, ""put_vol"": 7449, ""call_oi"": 17838, ""put_oi"": 10752}, ""2511"": {""call_vol"": 1326, ""put_vol"": 764, ""call_oi"": 2894, ""put_oi"": 1773}, ""2512"": {""call_vol"": 6541, ""put_vol"": 2770, ""call_oi"": 17804, ""put_oi"": 11862}, ""2603"": {""call_vol"": 1047, ""put_vol"": 999, ""call_oi"": 5694, ""put_oi"": 8711}, ""2606"": {""call_vol"": 841, ""put_vol"": 815, ""call_oi"": 3068, ""put_oi"": 4247}}",1.1664586432055324,0.9660545482933457,886118,1033620,730142,705357,1021888,1126054,1.1019348500031314,862048,802882,0.9313657708155463,21.72,23.59,21.4,22.42,1.0,0.9166666666666666,0.1,0.6333333333333333,1.0,0.8,0.95,0.9666666666666667,0.05,0.45,0.95,0.95,0.05,0.4666666666666667
20250905,4365.608,4466.56,4350.297,4460.325,24962565700,,2.663400538210217,2.178956379866337,95.11599999999999,,0.5290389200443265,0.7944430666335992,0.3946756379398557,119116,63017,124997,99303,"{""2509"": {""call_vol"": 101451, ""put_vol"": 51575, ""call_oi"": 76181, ""put_oi"": 60985}, ""2510"": {""call_vol"": 11381, ""put_vol"": 7222, ""call_oi"": 18875, ""put_oi"": 11591}, ""2511"": {""call_vol"": 987, ""put_vol"": 1118, ""call_oi"": 3080, ""put_oi"": 1835}, ""2512"": {""call_vol"": 3913, ""put_vol"": 2156, ""call_oi"": 17823, ""put_oi"": 12005}, ""2603"": {""call_vol"": 904, ""put_vol"": 549, ""call_oi"": 5925, ""put_oi"": 8665}, ""2606"": {""call_vol"": 480, ""put_vol"": 397, ""call_oi"": 3113, ""put_oi"": 4222}}",1.0498736922380305,1.1333988541841455,839220,881075,667472,756512,958336,944092,0.9851367370108187,792469,855815,1.0799349879932212,21.81,22.52,19.95,20.72,0.4,0.38333333333333336,0.45,0.8166666666666667,0.8,0.48333333333333334,0.85,0.7833333333333333,0.4,0.7666666666666667,0.85,0.7333333333333333,0.4,0.7666666666666667
20250908,4467.169,4482.763,4438.07,4467.573,26763838200,,1.0020121852107238,0.16249936944057186,7.248000000000502,,0.4798480027881145,0.8025880513820574,0.2729295305454481,88949,42682,126659,101655,"{""2509"": {""call_vol"": 75802, ""put_vol"": 35652, ""call_oi"": 76418, ""put_oi"": 62210}, ""2510"": {""call_vol"": 8469, ""put_vol"": 4290, ""call_oi"": 19765, ""put_oi"": 12445}, ""2511"": {""call_vol"": 923, ""put_vol"": 308, ""call_oi"": 3197, ""put_oi"": 1883}, ""2512"": {""call_vol"": 2850, ""put_vol"": 1452, ""call_oi"": 18224, ""put_oi"": 12185}, ""2603"": {""call_vol"": 626, ""put_vol"": 680, ""call_oi"": 5973, ""put_oi"": 8623}, ""2606"": {""call_vol"": 279, ""put_vol"": 300, ""call_oi"": 3082, ""put_oi"": 4309}}",0.8741791993221775,1.0922540308936426,613730,536510,700403,765018,702679,579192,0.8242625722413791,827062,866673,1.047893628289052,21.32,21.46,20.07,20.6,0.35,0.23333333333333334,0.45,0.8166666666666667,0.25,0.08333333333333333,0.55,0.48333333333333334,0.2,0.6833333333333333,0.5,0.43333333333333335,0.2,0.6833333333333333
20250909,4448.739,4472.093,4412.691,4436.258,22137546000,,1.3296257274363517,-0.7009398615310913,-31.31500000000051,,0.588125862408831,0.7986574561917028,0.42947792355919073,81168,47737,128115,102320,"{""2509"": {""call_vol"": 63618, ""put_vol"": 38043, ""call_oi"": 75997, ""put_oi"": 61779}, ""2510"": {""call_vol"": 12269, ""put_vol"": 6660, ""call_oi"": 20683, ""put_oi"": 13284}, ""2511"": {""call_vol"": 1327, ""put_vol"": 819, ""call_oi"": 3382, ""put_oi"": 2040}, ""2512"": {""call_vol"": 3209, ""put_vol"": 1208, ""call_oi"": 18909, ""put_oi"": 12231}, ""2603"": {""call_vol"": 497, ""put_vol"": 661, ""call_oi"": 6104, ""put_oi"": 8586}, ""2606"": {""call_vol"": 248, ""put_vol"": 346, ""call_oi"": 3040, ""put_oi"": 4400}}",1.0611971539075533,1.0595685097074867,583818,619546,717745,760500,664986,667283,1.0034542080585156,845860,862820,1.02005059938997,21.81,22.52,19.95,20.72,0.95,0.7333333333333333,0.4,0.8,0.9,0.6333333333333333,0.85,0.7833333333333333,0.1,0.6166666666666667,0.85,0.7666666666666667,0.1,0.6333333333333333
20250910,4438.3,4466.633,4414.594,4445.365,20359764600,,1.1730381776713565,0.20528562585855337,9.106999999999971,,0.6067045271034074,0.8124506053804571,0.38875672776194725,74308,45083,126532,102801,"{""2509"": {""call_vol"": 61245, ""put_vol"": 37859, ""call_oi"": 73117, ""put_oi"": 61232}, ""2510"": {""call_vol"": 9234, ""put_vol"": 5036, ""call_oi"": 21372, ""put_oi"": 14053}, ""2511"": {""call_vol"": 818, ""put_vol"": 683, ""call_oi"": 3491, ""put_oi"": 2206}, ""2512"": {""call_vol"": 2304, ""put_vol"": 815, ""call_oi"": 19251, ""put_oi"": 12249}, ""2603"": {""call_vol"": 461, ""put_vol"": 423, ""call_oi"": 6205, ""put_oi"": 8627}, ""2606"": {""call_vol"": 246, ""put_vol"": 267, ""call_oi"": 3096, ""put_oi"": 4434}}",1.0001751167734128,1.1030273479026282,576758,576859,705502,778188,651066,621942,0.9552672079328363,832034,880989,1.0588377398039022,19.43,19.53,18.51,18.51,0.95,0.7833333333333333,0.55,0.85,0.75,0.4666666666666667,0.7,0.6166666666666667,0.25,0.7,0.7,0.6166666666666667,0.25,0.7166666666666667
20250911,4438.839,4548.035,4427.924,4548.035,25326405100,,2.7019378611205127,2.309596624799082,102.67000000000007,,0.5851838435066111,0.8548673439195187,0.2834495404154966,138025,80770,121668,104010,"{""2509"": {""call_vol"": 108153, ""put_vol"": 62233, ""call_oi"": 66344, ""put_oi"": 59513}, ""2510"": {""call_vol"": 21366, ""put_vol"": 13255, ""call_oi"": 22715, ""put_oi"": 16510}, ""2511"": {""call_vol"": 2447, ""put_vol"": 1375, ""call_oi"": 4027, ""put_oi"": 2458}, ""2512"": {""call_vol"": 4339, ""put_vol"": 1713, ""call_oi"": 19058, ""put_oi"": 12295}, ""2603"": {""call_vol"": 1353, ""put_vol"": 1327, ""call_oi"": 6447, ""put_oi"": 8644}, ""2606"": {""call_vol"": 367, ""put_vol"": 867, ""call_oi"": 3077, ""put_oi"": 4590}}",0.9362120887818136,1.264837100672045,1004485,940411,653379,826418,1142510,1021181,0.8938048682287245,775047,930428,1.2004794547943545,18.65,20.49,18.19,18.19,0.85,0.7166666666666667,0.95,0.9666666666666667,0.35,0.11666666666666667,0.55,0.5666666666666667,0.85,0.95,0.55,0.55,0.85,0.95
20250912,4544.591,4564.667,4517.79,4521.998,26644200300,,1.0307088665764537,-0.5724889979958458,-26.037000000000262,,0.5004893363436401,0.8360578384171212,0.23490599655667102,103201,51651,125038,104539,"{""2509"": {""call_vol"": 80435, ""put_vol"": 41774, ""call_oi"": 66750, ""put_oi"": 58753}, ""2510"": {""call_vol"": 17567, ""put_vol"": 7142, ""call_oi"": 24660, ""put_oi"": 17546}, ""2511"": {""call_vol"": 1168, ""put_vol"": 855, ""call_oi"": 4297, ""put_oi"": 2577}, ""2512"": {""call_vol"": 2987, ""put_vol"": 1117, ""call_oi"": 19642, ""put_oi"": 12348}, ""2603"": {""call_vol"": 851, ""put_vol"": 524, ""call_oi"": 6600, ""put_oi"": 8685}, ""2606"": {""call_vol"": 193, ""put_vol"": 239, ""call_oi"": 3089, ""put_oi"": 4630}}",0.759710421192428,1.132096478059724,762763,579479,716764,811446,865964,631130,0.7288178261451977,841802,915985,1.0881240481728482,20.65,20.78,19.41,19.72,0.45,0.3,0.75,0.9,0.2,0.06666666666666667,0.25,0.26666666666666666,0.35,0.7333333333333333,0.25,0.26666666666666666,0.4,0.75
20250915,4534.887,4566.905,4522.496,4533.056,23188567800,,0.9820658921122842,0.2445379232808076,11.057999999999993,,0.5497473811068879,0.8285329554617835,0.30210547459763415,86296,47441,127733,105831,"{""2509"": {""call_vol"": 65325, ""put_vol"": 36378, ""call_oi"": 66060, ""put_oi"": 58064}, ""2510"": {""call_vol"": 15018, ""put_vol"": 7465, ""call_oi"": 27594, ""put_oi"": 19034}, ""2511"": {""call_vol"": 1819, ""put_vol"": 1116, ""call_oi"": 4396, ""put_oi"": 2770}, ""2512"": {""call_vol"": 3401, ""put_vol"": 1234, ""call_oi"": 20012, ""put_oi"": 12686}, ""2603"": {""call_vol"": 562, ""put_vol"": 766, ""call_oi"": 6564, ""put_oi"": 8608}, ""2606"": {""call_vol"": 171, ""put_vol"": 482, ""call_oi"": 3107, ""put_oi"": 4669}}",0.9288816419225463,1.1563380068124078,577713,536627,725441,838855,664009,584068,0.8796085595225366,853174,944686,1.107260652574973,20.24,20.33,19.56,20.33,0.6,0.5,0.55,0.8333333333333334,0.45,0.18333333333333332,0.5,0.55,0.5,0.7666666666666667,0.5,0.55,0.55,0.7833333333333333
20250916,4539.922,4552.419,4494.788,4523.337,24926920600,,1.2713498355193564,-0.21440282229028274,-9.718999999999141,,0.635448367638557,0.7991539992761492,0.43444301742731645,91677,58256,132624,105987,"{""2509"": {""call_vol"": 67503, ""put_vol"": 43746, ""call_oi"": 66759, ""put_oi"": 55713}, ""2510"": {""call_vol"": 19568, ""put_vol"": 11230, ""call_oi"": 31151, ""put_oi"": 20980}, ""2511"": {""call_vol"": 985, ""put_vol"": 815, ""call_oi"": 4474, ""put_oi"": 3121}, ""2512"": {""call_vol"": 2704, ""put_vol"": 1287, ""call_oi"": 20464, ""put_oi"": 12855}, ""2603"": {""call_vol"": 435, ""put_vol"": 741, ""call_oi"": 6600, ""put_oi"": 8577}, ""2606"": {""call_vol"": 482, ""put_vol"": 437, ""call_oi"": 3176, ""put_oi"": 4741}}",1.2361834064306003,1.0944605382043089,578453,715074,751499,822486,670130,773330,1.1539999701550445,884123,928473,1.05016270360572,20.02,21.45,20.02,21.45,0.95,0.9166666666666666,0.3,0.7333333333333333,0.9,0.7166666666666667,1.0,1.0,0.2,0.6166666666666667,0.95,0.9666666666666667,0.2,0.6166666666666667
20250917,4517.286,4556.03,4503.796,4551.023,23571647200,,1.154766934234603,0.6120702481375861,27.685999999999694,,0.5379393650685631,0.8334251496102211,0.2952121496425064,117556,63238,132511,110438,"{""2509"": {""call_vol"": 87439, ""put_vol"": 48587, ""call_oi"": 64358, ""put_oi"": 57831}, ""2510"": {""call_vol"": 25525, ""put_vol"": 11886, ""call_oi"": 32813, ""put_oi"": 23017}, ""2511"": {""call_vol"": 1253, ""put_vol"": 778, ""call_oi"": 4679, ""put_oi"": 3193}, ""2512"": {""call_vol"": 2646, ""put_vol"": 1237, ""call_oi"": 20900, ""put_oi"": 13018}, ""2603"": {""call_vol"": 467, ""put_vol"": 482, ""call_oi"": 6606, ""put_oi"": 8617}, ""2606"": {""call_vol"": 226, ""put_vol"": 268, ""call_oi"": 3155, ""put_oi"": 4762}}",1.0822881532064492,1.145089336996639,736157,796734,739951,847310,853713,859972,1.0073315036786368,872462,957748,1.0977532545830075,21.59,22.25,21.47,22.18,0.45,0.4,0.65,0.8666666666666667,0.45,0.16666666666666666,0.9,0.8333333333333334,0.55,0.75,0.9,0.8,0.55,0.75
20250918,4546.032,4573.833,4454.989,4498.109,30985982600,,2.611368916395282,-1.162683642776574,-52.91399999999976,,0.6707262164922415,0.8148240996072533,0.4870260688578941,182122,122154,131637,107261,"{""2509"": {""call_vol"": 126143, ""put_vol"": 87601, ""call_oi"": 59605, ""put_oi"": 52650}, ""2510"": {""call_vol"": 45366, ""put_vol"": 28038, ""call_oi"": 36306, ""put_oi"": 23668}, ""2511"": {""call_vol"": 2184, ""put_vol"": 2009, ""call_oi"": 4871, ""put_oi"": 4114}, ""2512"": {""call_vol"": 6378, ""put_vol"": 2830, ""call_oi"": 20853, ""put_oi"": 13274}, ""2603"": {""call_vol"": 1472, ""put_vol"": 1022, ""call_oi"": 6750, ""put_oi"": 8618}, ""2606"": {""call_vol"": 579, ""put_vol"": 654, ""call_oi"": 3252, ""put_oi"": 4937}}",1.103133308920696,1.063848290068971,1256180,1385734,766990,815961,1438302,1507888,1.0483806599726622,898627,923222,1.027369531518639,22.0,22.0,20.58,20.88,0.95,0.9666666666666667,0.45,0.7833333333333333,0.95,0.7833333333333333,0.9,0.85,0.15,0.5166666666666667,0.9,0.85,0.15,0.55
20250919,4499.091,4533.092,4491.844,4501.92,22504400000,,0.9170075691807288,0.08472449200318533,3.8109999999996944,,0.6458576836522861,0.7410435444966358,0.4583657506503556,114646,74045,78770,58372,"{""2509"": {""call_vol"": 74440, ""put_vol"": 47641, ""call_oi"": 0, ""put_oi"": 0}, ""2510"": {""call_vol"": 33975, ""put_vol"": 21788, ""call_oi"": 42130, ""put_oi"": 27280}, ""2511"": {""call_vol"": 2071, ""put_vol"": 1196, ""call_oi"": 5220, ""put_oi"": 4237}, ""2512"": {""call_vol"": 3089, ""put_vol"": 1532, ""call_oi"": 21169, ""put_oi"": 13338}, ""2603"": {""call_vol"": 516, ""put_vol"": 1183, ""call_oi"": 6782, ""put_oi"": 8387}, ""2606"": {""call_vol"": 555, ""put_vol"": 705, ""call_oi"": 3469, ""put_oi"": 5130}}",1.5360802153113016,1.1014851974920885,725647,1114652,758081,835015,840293,1188697,1.414622042549444,836851,893387,1.0675580240688007,21.25,21.25,19.99,19.99,0.9,0.9166666666666666,0.1,0.4666666666666667,0.9,0.75,1.0,1.0,0.35,0.6166666666666667,1.0,1.0,0.45,0.6666666666666666
20250922,4512.025,4523.87,4487.13,4522.608,19645995600,,0.8160962433805972,0.4595372641006623,20.688000000000102,,0.6502932551319648,0.7515615765259412,0.6147245770659245,51832,33706,86291,64853,"{""2510"": {""call_vol"": 44613, ""put_vol"": 27628, ""call_oi"": 47811, ""put_oi"": 32690}, ""2511"": {""call_vol"": 2761, ""put_vol"": 2429, ""call_oi"": 5873, ""put_oi"": 4779}, ""2512"": {""call_vol"": 2808, ""put_vol"": 1315, ""call_oi"": 21722, ""put_oi"": 13737}, ""2603"": {""call_vol"": 512, ""put_vol"": 881, ""call_oi"": 6954, ""put_oi"": 8382}, ""2606"": {""call_vol"": 770, ""put_vol"": 1091, ""call_oi"": 3687, ""put_oi"": 5035}, ""2609"": {""call_vol"": 368, ""put_vol"": 362, ""call_oi"": 244, ""put_oi"": 230}}",0.8844417119886498,1.1008364431862052,528625,467538,699390,769914,580457,501244,0.8635333883474573,785681,834767,1.0624757376085205,20.67,20.89,19.54,19.99,0.9,0.9166666666666666,0.15,0.5333333333333333,0.95,0.9,0.3,0.4166666666666667,0.35,0.6,0.35,0.45,0.4,0.6333333333333333
20250923,4536.757,4560.732,4459.728,4519.778,25282706200,,2.2333131679774123,-0.06257451452790219,-2.8299999999999272,,0.8000896068499459,0.7684183780559207,0.7454234569832389,80351,64288,90521,69558,"{""2510"": {""call_vol"": 69289, ""put_vol"": 56076, ""call_oi"": 50813, ""put_oi"": 37064}, ""2511"": {""call_vol"": 4474, ""put_vol"": 3496, ""call_oi"": 6550, ""put_oi"": 4850}, ""2512"": {""call_vol"": 4549, ""put_vol"": 2475, ""call_oi"": 21967, ""put_oi"": 13914}, ""2603"": {""call_vol"": 1054, ""put_vol"": 1255, ""call_oi"": 6999, ""put_oi"": 8329}, ""2606"": {""call_vol"": 618, ""put_vol"": 585, ""call_oi"": 3844, ""put_oi"": 5045}, ""2609"": {""call_vol"": 367, ""put_vol"": 401, ""call_oi"": 348, ""put_oi"": 356}}",1.0565500109593045,1.115490150729951,862281,911043,700458,781354,942632,975331,1.0346890408982508,790979,850912,1.0757706588923346,20.02,21.45,20.02,21.45,1.0,1.0,0.2,0.5666666666666667,1.0,0.9666666666666667,0.7,0.7166666666666667,0.5,0.6666666666666666,0.8,0.7666666666666667,0.55,0.6666666666666666
20250924,4495.266,4567.495,4494.113,4566.071,22048260800,,1.623575317194774,1.0242317211154983,46.292999999999665,,0.6863091308286376,0.8385313813532209,0.42364106089318815,65131,44700,90643,76007,"{""2510"": {""call_vol"": 57105, ""put_vol"": 39555, ""call_oi"": 50055, ""put_oi"": 42785}, ""2511"": {""call_vol"": 3228, ""put_vol"": 2346, ""call_oi"": 6989, ""put_oi"": 5218}, ""2512"": {""call_vol"": 3441, ""put_vol"": 1941, ""call_oi"": 22395, ""put_oi"": 14156}, ""2603"": {""call_vol"": 525, ""put_vol"": 451, ""call_oi"": 7036, ""put_oi"": 8366}, ""2606"": {""call_vol"": 579, ""put_vol"": 314, ""call_oi"": 3880, ""put_oi"": 5068}, ""2609"": {""call_vol"": 253, ""put_vol"": 93, ""call_oi"": 288, ""put_oi"": 414}}",0.8391177695727697,1.1221823520540775,705802,592251,450908,506001,770933,636951,0.8262079843514287,541551,582008,1.0747057987151718,20.06,20.06,18.94,18.97,0.95,0.9666666666666667,0.8,0.9,0.65,0.6666666666666666,0.15,0.36666666666666664,0.55,0.6833333333333333,0.2,0.4,0.5,0.65
20250925,4563.983,4613.949,4558.842,4593.488,22982333300,,1.2068800507044235,0.6004505843207442,27.41700000000037,,0.6723304599132991,0.8905234196454326,0.3420934520758015,80276,53972,90138,80270,"{""2510"": {""call_vol"": 70804, ""put_vol"": 47051, ""call_oi"": 49072, ""put_oi"": 46529}, ""2511"": {""call_vol"": 3448, ""put_vol"": 2772, ""call_oi"": 7316, ""put_oi"": 5669}, ""2512"": {""call_vol"": 4601, ""put_vol"": 2292, ""call_oi"": 22449, ""put_oi"": 14093}, ""2603"": {""call_vol"": 551, ""put_vol"": 794, ""call_oi"": 7108, ""put_oi"": 8377}, ""2606"": {""call_vol"": 641, ""put_vol"": 847, ""call_oi"": 3874, ""put_oi"": 5094}, ""2609"": {""call_vol"": 231, ""put_vol"": 216, ""call_oi"": 319, ""put_oi"": 508}}",0.8479067321055986,1.116777471212877,574174,486846,491105,548455,654450,540818,0.8263702345480938,581243,628725,1.081690446164513,19.0,19.08,17.7,17.79,0.85,0.9333333333333333,1.0,1.0,0.45,0.35,0.2,0.38333333333333336,0.55,0.65,0.25,0.4,0.65,0.7
20250926,4576.914,4597.847,4550.049,4550.049,20848211400,,1.0405600275868745,-0.9456648194139272,-43.439000000000306,,0.7593281423068657,0.8707489491784486,0.4862081333512225,60489,45931,94212,82035,"{""2510"": {""call_vol"": 53144, ""put_vol"": 41234, ""call_oi"": 52226, ""put_oi"": 47636}, ""2511"": {""call_vol"": 2767, ""put_vol"": 2335, ""call_oi"": 7855, ""put_oi"": 5857}, ""2512"": {""call_vol"": 3212, ""put_vol"": 1586, ""call_oi"": 22723, ""put_oi"": 14406}, ""2603"": {""call_vol"": 734, ""put_vol"": 370, ""call_oi"": 7019, ""put_oi"": 8440}, ""2606"": {""call_vol"": 484, ""put_vol"": 310, ""call_oi"": 3996, ""put_oi"": 5131}, ""2609"": {""call_vol"": 148, ""put_vol"": 96, ""call_oi"": 393, ""put_oi"": 565}}",1.2264364730782296,1.0487544821567474,420979,516304,527090,552788,481468,562235,1.1677515431970558,621302,634823,1.0217623635526685,17.87,18.69,17.83,18.32,0.95,0.9833333333333333,0.95,0.9833333333333333,0.8,0.8,0.9,0.9666666666666667,0.1,0.36666666666666664,0.95,0.9833333333333333,0.15,0.45
20250929,4555.034,4647.569,4541.425,4620.053,27435887700,,2.332810042265484,1.5385328817338007,70.0039999999999,,0.546212580506278,0.9189023669592685,0.30939188645098004,113811,62165,93073,85525,"{""2510"": {""call_vol"": 100615, ""put_vol"": 54452, ""call_oi"": 50481, ""put_oi"": 50220}, ""2511"": {""call_vol"": 6060, ""put_vol"": 3939, ""call_oi"": 8569, ""put_oi"": 6569}, ""2512"": {""call_vol"": 5807, ""put_vol"": 2502, ""call_oi"": 22601, ""put_oi"": 14585}, ""2603"": {""call_vol"": 808, ""put_vol"": 579, ""call_oi"": 7078, ""put_oi"": 8413}, ""2606"": {""call_vol"": 347, ""put_vol"": 483, ""call_oi"": 3887, ""put_oi"": 5115}, ""2609"": {""call_vol"": 174, ""put_vol"": 210, ""call_oi"": 457, ""put_oi"": 623}}",0.8728547597447389,1.036936966742761,772699,674454,544062,564158,886510,736619,0.8309201249844897,637135,649683,1.0196944132719126,18.91,20.39,18.42,20.14,0.25,0.4,1.0,1.0,0.3,0.25,0.2,0.36666666666666664,0.1,0.35,0.25,0.38333333333333336,0.1,0.4
20250930,4629.899,4647.503,4616.224,4640.694,24798035900,,0.6770268652762109,0.4467697664940262,20.64100000000053,,0.5970818845026249,0.9413993949377173,0.2589747032935943,73335,43787,92883,87440,"{""2510"": {""call_vol"": 63121, ""put_vol"": 38018, ""call_oi"": 48973, ""put_oi"": 50841}, ""2511"": {""call_vol"": 4608, ""put_vol"": 2533, ""call_oi"": 9315, ""put_oi"": 7193}, ""2512"": {""call_vol"": 4350, ""put_vol"": 2248, ""call_oi"": 22905, ""put_oi"": 14960}, ""2603"": {""call_vol"": 788, ""put_vol"": 386, ""call_oi"": 7209, ""put_oi"": 8593}, ""2606"": {""call_vol"": 280, ""put_vol"": 368, ""call_oi"": 3939, ""put_oi"": 5117}, ""2609"": {""call_vol"": 188, ""put_vol"": 234, ""call_oi"": 542, ""put_oi"": 736}}",1.009079834492029,1.0243953057353692,476110,480433,554123,567641,549445,524220,0.9540900363093667,647006,655081,1.0124805643224328,19.0,19.0,18.1,18.1,0.5,0.7,1.0,1.0,0.1,0.1,0.55,0.6,0.1,0.3333333333333333,0.5,0.5833333333333334,0.1,0.36666666666666664
20251009,4662.113,4726.345,4651.99,4709.482,34767869600,,1.6022388030755845,1.4822782971684711,68.78799999999956,,0.6058455220664656,1.0018786482678417,0.20213567872144825,118347,71700,89426,89594,"{""2510"": {""call_vol"": 94655, ""put_vol"": 55437, ""call_oi"": 42599, ""put_oi"": 50869}, ""2511"": {""call_vol"": 12809, ""put_vol"": 9263, ""call_oi"": 12502, ""put_oi"": 9241}, ""2512"": {""call_vol"": 8150, ""put_vol"": 3870, ""call_oi"": 22335, ""put_oi"": 14892}, ""2603"": {""call_vol"": 1642, ""put_vol"": 1813, ""call_oi"": 7534, ""put_oi"": 8675}, ""2606"": {""call_vol"": 775, ""put_vol"": 897, ""call_oi"": 3792, ""put_oi"": 5100}, ""2609"": {""call_vol"": 316, ""put_vol"": 420, ""call_oi"": 664, ""put_oi"": 817}}",0.9775724639014297,1.114847449179394,815337,797051,561780,626299,933684,868751,0.9304550575997875,651206,715893,1.099334158469056,17.41,17.89,17.21,17.52,0.5,0.7166666666666667,1.0,1.0,0.05,0.03333333333333333,0.45,0.55,0.6,0.6166666666666667,0.45,0.55,0.9,0.75
20251010,4679.498,4692.586,4600.965,4616.834,31902089900,,1.9454581204472188,-1.967265189674794,-92.64800000000014,,0.7187383748737843,0.8875976974297118,0.5330524145740441,112902,81147,101973,90511,"{""2510"": {""call_vol"": 87563, ""put_vol"": 65925, ""call_oi"": 48405, ""put_oi"": 48540}, ""2511"": {""call_vol"": 16118, ""put_vol"": 8848, ""call_oi"": 17868, ""put_oi"": 11196}, ""2512"": {""call_vol"": 6692, ""put_vol"": 3951, ""call_oi"": 23082, ""put_oi"": 15523}, ""2603"": {""call_vol"": 1513, ""put_vol"": 881, ""call_oi"": 7838, ""put_oi"": 8862}, ""2606"": {""call_vol"": 512, ""put_vol"": 873, ""call_oi"": 3921, ""put_oi"": 5311}, ""2609"": {""call_vol"": 504, ""put_vol"": 669, ""call_oi"": 859, ""put_oi"": 1079}}",1.1440565933513487,0.9153918060981052,805607,921660,687853,629655,918509,1002807,1.0917769994632607,789826,720166,0.9118033592208917,17.22,19.46,17.22,18.02,0.9,0.9666666666666667,0.8,0.9333333333333333,0.9,0.9,0.85,0.8833333333333333,0.05,0.05,0.85,0.8833333333333333,0.05,0.08333333333333333
20251013,4490.866,4601.807,4490.866,4593.979,31501035400,,2.4029670549125184,-0.49503620879588484,-22.854999999999563,,0.9107478983723565,0.8771084337349397,0.7949484278603876,117409,106930,105410,92456,"{""2510"": {""call_vol"": 88248, ""put_vol"": 83588, ""call_oi"": 46821, ""put_oi"": 47592}, ""2511"": {""call_vol"": 19667, ""put_vol"": 15259, ""call_oi"": 21170, ""put_oi"": 13242}, ""2512"": {""call_vol"": 6910, ""put_vol"": 4992, ""call_oi"": 24016, ""put_oi"": 15710}, ""2603"": {""call_vol"": 1352, ""put_vol"": 1302, ""call_oi"": 8302, ""put_oi"": 9122}, ""2606"": {""call_vol"": 864, ""put_vol"": 1172, ""call_oi"": 4227, ""put_oi"": 5599}, ""2609"": {""call_vol"": 368, ""put_vol"": 617, ""call_oi"": 874, ""put_oi"": 1191}}",1.308738155720844,0.8621780064448927,765665,1002055,696986,600926,883074,1108985,1.2558234077778305,802396,693382,0.8641394024895438,26.22,27.39,21.93,22.19,1.0,1.0,0.75,0.9166666666666666,1.0,1.0,0.95,0.9833333333333333,0.05,0.016666666666666666,0.95,0.9833333333333333,0.05,0.03333333333333333
20251014,4634.054,4641.449,4520.926,4539.064,37295403000,,2.6234991496478157,-1.195368981878231,-54.914999999999964,,0.9090874524714829,0.8343762813998681,0.8368687973317865,131500,119545,112182,93602,"{""2510"": {""call_vol"": 101768, ""put_vol"": 97820, ""call_oi"": 47831, ""put_oi"": 46567}, ""2511"": {""call_vol"": 21946, ""put_vol"": 16062, ""call_oi"": 25704, ""put_oi"": 14782}, ""2512"": {""call_vol"": 5522, ""put_vol"": 3349, ""call_oi"": 24725, ""put_oi"": 16220}, ""2603"": {""call_vol"": 1214, ""put_vol"": 1223, ""call_oi"": 8582, ""put_oi"": 9106}, ""2606"": {""call_vol"": 778, ""put_vol"": 878, ""call_oi"": 4453, ""put_oi"": 5723}, ""2609"": {""call_vol"": 272, ""put_vol"": 213, ""call_oi"": 887, ""put_oi"": 1204}}",1.6171403597660974,0.8250706870071582,933551,1509683,737052,608120,1065051,1629228,1.5297182951802308,849234,701722,0.8262999361777791,21.95,24.55,19.56,23.29,0.95,0.9833333333333333,0.5,0.7333333333333333,1.0,1.0,1.0,1.0,0.05,0.016666666666666666,1.0,1.0,0.05,0.016666666666666666
20251015,4544.243,4608.824,4526.834,4606.288,28477185500,,1.8063195407687527,1.4810101818348187,67.22399999999925,,0.7036191541772312,0.8963335878798163,0.6369303419083063,110827,77980,106071,95075,"{""2510"": {""call_vol"": 84627, ""put_vol"": 61541, ""call_oi"": 39999, ""put_oi"": 45665}, ""2511"": {""call_vol"": 20575, ""put_vol"": 12985, ""call_oi"": 27270, ""put_oi"": 16970}, ""2512"": {""call_vol"": 4273, ""put_vol"": 1817, ""call_oi"": 24790, ""put_oi"": 16277}, ""2603"": {""call_vol"": 661, ""put_vol"": 859, ""call_oi"": 8598, ""put_oi"": 9282}, ""2606"": {""call_vol"": 383, ""put_vol"": 609, ""call_oi"": 4429, ""put_oi"": 5664}, ""2609"": {""call_vol"": 308, ""put_vol"": 169, ""call_oi"": 985, ""put_oi"": 1217}}",1.4851306673455933,0.9336500891330447,832687,1236649,687175,641581,943514,1314629,1.3933327963337057,793246,736656,0.9286602138554748,23.25,23.81,19.97,20.06,0.75,0.9,0.85,0.95,0.85,0.9,0.9,0.9666666666666667,0.2,0.11666666666666667,0.9,0.9666666666666667,0.2,0.18333333333333332
20251016,4588.921,4645.096,4586.28,4618.422,24823551800,,1.276863279065482,0.2634225215618402,12.134000000000015,,0.7339409648210358,0.970716920420656,0.4723975027190743,117286,86081,101936,98951,"{""2510"": {""call_vol"": 86106, ""put_vol"": 65565, ""call_oi"": 34101, ""put_oi"": 47074}, ""2511"": {""call_vol"": 25007, ""put_vol"": 16614, ""call_oi"": 28792, ""put_oi"": 18984}, ""2512"": {""call_vol"": 4808, ""put_vol"": 2359, ""call_oi"": 24831, ""put_oi"": 16549}, ""2603"": {""call_vol"": 682, ""put_vol"": 895, ""call_oi"": 8725, ""put_oi"": 9492}, ""2606"": {""call_vol"": 314, ""put_vol"": 349, ""call_oi"": 4371, ""put_oi"": 5568}, ""2609"": {""call_vol"": 369, ""put_vol"": 299, ""call_oi"": 1116, ""put_oi"": 1284}}",1.2183049829286219,0.9869339174968513,752429,916688,670132,661376,869715,1002769,1.1529857482048718,772068,760327,0.9847927902723594,23.25,23.81,19.97,20.06,0.8,0.9333333333333333,0.95,0.9833333333333333,0.6,0.75,0.7,0.8833333333333333,0.25,0.23333333333333334,0.7,0.8666666666666667,0.25,0.3
20251017,4610.697,4618.562,4509.329,4514.235,25690561700,,2.3651584891982624,-2.2559003919520593,-104.1869999999999,,0.8594657091444995,0.7123086816720258,0.8469833557842479,122817,105557,77750,55382,"{""2510"": {""call_vol"": 77472, ""put_vol"": 68964, ""call_oi"": 0, ""put_oi"": 0}, ""2511"": {""call_vol"": 36600, ""put_vol"": 29622, ""call_oi"": 36679, ""put_oi"": 21672}, ""2512"": {""call_vol"": 6853, ""put_vol"": 4777, ""call_oi"": 26546, ""put_oi"": 16881}, ""2603"": {""call_vol"": 1099, ""put_vol"": 1092, ""call_oi"": 8878, ""put_oi"": 9560}, ""2606"": {""call_vol"": 498, ""put_vol"": 659, ""call_oi"": 4464, ""put_oi"": 5832}, ""2609"": {""call_vol"": 295, ""put_vol"": 443, ""call_oi"": 1183, ""put_oi"": 1437}}",1.430394655185065,0.8700163975462746,804069,1150136,711082,618653,926886,1255693,1.3547437333177974,788832,674035,0.8544721816559165,21.3,22.65,20.57,22.49,0.9,0.9666666666666667,0.05,0.18333333333333332,1.0,1.0,0.85,0.95,0.15,0.05,0.85,0.95,0.1,0.03333333333333333
20251020,4558.242,4570.438,4520.502,4538.22,21842040500,,1.1061896423203421,0.5313192600739702,23.985000000000582,,0.6221747967479675,0.7156381956021758,0.5800040940719268,49200,30611,82177,58809,"{""2511"": {""call_vol"": 41980, ""put_vol"": 25555, ""call_oi"": 39991, ""put_oi"": 24269}, ""2512"": {""call_vol"": 4845, ""put_vol"": 3189, ""call_oi"": 27285, ""put_oi"": 17226}, ""2601"": {""call_vol"": 599, ""put_vol"": 326, ""call_oi"": 252, ""put_oi"": 173}, ""2603"": {""call_vol"": 1053, ""put_vol"": 707, ""call_oi"": 8999, ""put_oi"": 9723}, ""2606"": {""call_vol"": 492, ""put_vol"": 590, ""call_oi"": 4468, ""put_oi"": 5952}, ""2609"": {""call_vol"": 231, ""put_vol"": 244, ""call_oi"": 1182, ""put_oi"": 1466}}",1.2431835421913402,0.907210350946548,659140,819432,672866,610431,708340,850043,1.2000494112996583,755043,669240,0.8863601145895001,21.59,22.25,21.47,22.18,0.3,0.7,0.1,0.18333333333333332,0.7,0.8333333333333334,0.75,0.9166666666666666,0.2,0.1,0.75,0.9166666666666666,0.2,0.11666666666666667
20251021,4556.122,4615.463,4547.928,4607.872,21571117500,,1.4881385212704508,1.5347867666177573,69.65200000000004,,0.6360945199993034,0.7690676389612322,0.4923977255320326,57427,36529,80634,62013,"{""2511"": {""call_vol"": 48594, ""put_vol"": 29874, ""call_oi"": 38320, ""put_oi"": 27188}, ""2512"": {""call_vol"": 6554, ""put_vol"": 3900, ""call_oi"": 26863, ""put_oi"": 17527}, ""2601"": {""call_vol"": 262, ""put_vol"": 329, ""call_oi"": 358, ""put_oi"": 332}, ""2603"": {""call_vol"": 1106, ""put_vol"": 1509, ""call_oi"": 9183, ""put_oi"": 9628}, ""2606"": {""call_vol"": 424, ""put_vol"": 714, ""call_oi"": 4577, ""put_oi"": 5839}, ""2609"": {""call_vol"": 487, ""put_vol"": 203, ""call_oi"": 1333, ""put_oi"": 1499}}",0.9811072068366821,1.0226273299561512,724562,710873,634454,648810,781989,747402,0.9557704775898382,715088,710823,0.9940356991027678,21.14,21.64,19.88,20.29,0.35,0.7166666666666667,0.3,0.4,0.6,0.7666666666666667,0.3,0.48333333333333334,0.4,0.3333333333333333,0.35,0.5166666666666667,0.4,0.3333333333333333
20251022,4576.028,4603.488,4567.236,4592.57,18533396000,,0.7867406039056729,-0.33208387732993616,-15.30200000000059,,0.6587605545476942,0.7574502918426422,0.5472421712948536,44649,29413,84292,63847,"{""2511"": {""call_vol"": 35880, ""put_vol"": 23402, ""call_oi"": 41436, ""put_oi"": 28403}, ""2512"": {""call_vol"": 5837, ""put_vol"": 3655, ""call_oi"": 27408, ""put_oi"": 18265}, ""2601"": {""call_vol"": 312, ""put_vol"": 510, ""call_oi"": 427, ""put_oi"": 304}, ""2603"": {""call_vol"": 1919, ""put_vol"": 1314, ""call_oi"": 9153, ""put_oi"": 9526}, ""2606"": {""call_vol"": 535, ""put_vol"": 466, ""call_oi"": 4559, ""put_oi"": 5844}, ""2609"": {""call_vol"": 166, ""put_vol"": 66, ""call_oi"": 1309, ""put_oi"": 1505}}",1.0934630098374334,1.1193841516903213,608797,665697,444590,497667,653446,695110,1.0637604331497936,528882,561514,1.06169996331885,20.33,21.17,19.36,20.93,0.45,0.7833333333333333,0.25,0.3333333333333333,0.65,0.8166666666666667,0.5,0.7,0.9,0.6833333333333333,0.55,0.75,0.65,0.5833333333333334
20251023,4578.702,4611.341,4541.694,4606.345,20046391700,,1.5165147183385326,0.29994099164520893,13.775000000000546,,0.6390065672393971,0.7362262365978917,0.5448441630559988,63497,40575,88792,65371,"{""2511"": {""call_vol"": 54118, ""put_vol"": 34903, ""call_oi"": 44959, ""put_oi"": 29364}, ""2512"": {""call_vol"": 7018, ""put_vol"": 3775, ""call_oi"": 28254, ""put_oi"": 18820}, ""2601"": {""call_vol"": 426, ""put_vol"": 356, ""call_oi"": 504, ""put_oi"": 324}, ""2603"": {""call_vol"": 1324, ""put_vol"": 967, ""call_oi"": 9156, ""put_oi"": 9493}, ""2606"": {""call_vol"": 458, ""put_vol"": 432, ""call_oi"": 4583, ""put_oi"": 5853}, ""2609"": {""call_vol"": 153, ""put_vol"": 142, ""call_oi"": 1336, ""put_oi"": 1517}}",0.9753299884870448,1.0857636629798308,470774,459160,491840,534022,534271,499735,0.9353586475777274,580632,599393,1.0323113435015638,18.48880776,18.84083111,18.1399846,18.45062919,0.3,0.7166666666666667,0.15,0.2,0.6,0.8,0.25,0.4166666666666667,0.65,0.5,0.3,0.43333333333333335,0.65,0.48333333333333334
20251024,4622.787,4660.684,4622.787,4660.684,20881448300,,0.8227130186731548,1.1796554535103088,54.33899999999994,,0.57076336107189,0.798692780373294,0.3705600345320321,66574,37998,86902,69408,"{""2511"": {""call_vol"": 56115, ""put_vol"": 32807, ""call_oi"": 43072, ""put_oi"": 33265}, ""2512"": {""call_vol"": 8247, ""put_vol"": 3975, ""call_oi"": 27977, ""put_oi"": 18865}, ""2601"": {""call_vol"": 227, ""put_vol"": 193, ""call_oi"": 600, ""put_oi"": 363}, ""2603"": {""call_vol"": 1459, ""put_vol"": 597, ""call_oi"": 9262, ""put_oi"": 9458}, ""2606"": {""call_vol"": 303, ""put_vol"": 278, ""call_oi"": 4585, ""put_oi"": 5890}, ""2609"": {""call_vol"": 223, ""put_vol"": 148, ""call_oi"": 1406, ""put_oi"": 1567}}",0.9858154797902188,1.1281481023044657,403468,397745,500897,565086,470042,435743,0.9270299249854268,587799,634494,1.0794404209602262,17.61,17.61,16.55,16.76,0.1,0.43333333333333335,0.45,0.5,0.25,0.4,0.4,0.48333333333333334,1.0,0.7166666666666667,0.25,0.4166666666666667,0.9,0.6666666666666666
20251027,4699.382,4720.429,4687.688,4716.019,26220067400,,0.702493453750565,1.1872720828101535,55.335000000000036,,0.6113098567730354,0.8219276588604713,0.294110432449508,76871,46992,83438,68580,"{""2511"": {""call_vol"": 62063, ""put_vol"": 38964, ""call_oi"": 40860, ""put_oi"": 32913}, ""2512"": {""call_vol"": 11292, ""put_vol"": 5536, ""call_oi"": 26423, ""put_oi"": 18346}, ""2601"": {""call_vol"": 809, ""put_vol"": 362, ""call_oi"": 722, ""put_oi"": 477}, ""2603"": {""call_vol"": 2013, ""put_vol"": 1157, ""call_oi"": 9429, ""put_oi"": 9457}, ""2606"": {""call_vol"": 483, ""put_vol"": 668, ""call_oi"": 4520, ""put_oi"": 5787}, ""2609"": {""call_vol"": 211, ""put_vol"": 305, ""call_oi"": 1484, ""put_oi"": 1600}}",0.8196774118083187,1.1819898819561552,555693,455489,504050,595782,632564,502481,0.7943559861136581,587488,664362,1.130852034424533,18.28,18.58,17.85,18.27,0.25,0.6166666666666667,0.45,0.6166666666666667,0.15,0.2,0.05,0.18333333333333332,1.0,0.85,0.05,0.18333333333333332,1.0,0.85
20251028,4697.728,4734.322,4679.229,4691.973,22090664500,,1.1682098821060698,-0.5098792010804098,-24.046000000000276,,0.7489177489177489,0.8637918198315574,0.4455082206482877,65142,48786,85964,74255,"{""2511"": {""call_vol"": 55763, ""put_vol"": 42621, ""call_oi"": 42645, ""put_oi"": 37978}, ""2512"": {""call_vol"": 7290, ""put_vol"": 4427, ""call_oi"": 26815, ""put_oi"": 18851}, ""2601"": {""call_vol"": 237, ""put_vol"": 318, ""call_oi"": 801, ""put_oi"": 574}, ""2603"": {""call_vol"": 1069, ""put_vol"": 879, ""call_oi"": 9672, ""put_oi"": 9413}, ""2606"": {""call_vol"": 519, ""put_vol"": 341, ""call_oi"": 4494, ""put_oi"": 5811}, ""2609"": {""call_vol"": 264, ""put_vol"": 200, ""call_oi"": 1537, ""put_oi"": 1628}}",0.9934757621305685,1.14818405078895,429782,426978,524051,601707,494924,475764,0.961286985476558,610015,675962,1.108107177692352,18.6,18.89,18.16,18.21,0.75,0.9166666666666666,0.55,0.8166666666666667,0.4,0.6333333333333333,0.45,0.5,0.95,0.7666666666666667,0.5,0.55,0.95,0.8
20251029,4701.036,4747.838,4697.268,4747.838,24621132400,,1.077798188523244,1.1906505003332235,55.86499999999978,,0.7001806046329014,0.9044682571775172,0.42735987934476,63675,44584,89028,80523,"{""2511"": {""call_vol"": 53296, ""put_vol"": 36777, ""call_oi"": 45206, ""put_oi"": 43598}, ""2512"": {""call_vol"": 8026, ""put_vol"": 5093, ""call_oi"": 27222, ""put_oi"": 19308}, ""2601"": {""call_vol"": 291, ""put_vol"": 204, ""call_oi"": 797, ""put_oi"": 579}, ""2603"": {""call_vol"": 1287, ""put_vol"": 1177, ""call_oi"": 9482, ""put_oi"": 9400}, ""2606"": {""call_vol"": 603, ""put_vol"": 997, ""call_oi"": 4712, ""put_oi"": 5993}, ""2609"": {""call_vol"": 172, ""put_vol"": 336, ""call_oi"": 1609, ""put_oi"": 1645}}",0.853751434186039,1.21309893797548,403539,344522,524470,636234,467214,389106,0.8328217904429234,613498,716757,1.1683118771373338,18.47,18.94,18.29,18.92,0.6,0.8333333333333334,0.8,0.9333333333333333,0.4,0.5833333333333334,0.2,0.23333333333333334,1.0,0.85,0.25,0.26666666666666666,1.0,0.9
20251030,4735.981,4761.834,4706.452,4709.911,27328911800,,1.1664677691193257,-0.7988267501966129,-37.92699999999968,,0.5942775766667754,0.9320843348369607,0.391416420433513,91989,54667,91113,84925,"{""2511"": {""call_vol"": 79944, ""put_vol"": 48533, ""call_oi"": 46643, ""put_oi"": 47432}, ""2512"": {""call_vol"": 9680, ""put_vol"": 4180, ""call_oi"": 27511, ""put_oi"": 19700}, ""2601"": {""call_vol"": 644, ""put_vol"": 343, ""call_oi"": 942, ""put_oi"": 655}, ""2603"": {""call_vol"": 1147, ""put_vol"": 915, ""call_oi"": 9621, ""put_oi"": 9378}, ""2606"": {""call_vol"": 336, ""put_vol"": 434, ""call_oi"": 4748, ""put_oi"": 6105}, ""2609"": {""call_vol"": 238, ""put_vol"": 262, ""call_oi"": 1648, ""put_oi"": 1655}}",0.9326107947923951,1.1532507372476695,600660,560182,547645,631572,692649,614849,0.8876775971668189,638758,716497,1.1217033680987165,19.21,19.43,18.5,18.5,0.15,0.5333333333333333,0.85,0.95,0.35,0.48333333333333334,0.25,0.38333333333333336,0.9,0.75,0.25,0.38333333333333336,0.9,0.8
20251031,4702.495,4706.14,4640.668,4640.668,28146474000,,1.390089961360218,-1.4701551685371683,-69.2430000000004,,0.7211760057944294,0.8039932561707932,0.654173425457568,91122,65715,105578,84884,"{""2511"": {""call_vol"": 79074, ""put_vol"": 58048, ""call_oi"": 57609, ""put_oi"": 45950}, ""2512"": {""call_vol"": 9658, ""put_vol"": 5952, ""call_oi"": 30277, ""put_oi"": 20763}, ""2601"": {""call_vol"": 425, ""put_vol"": 189, ""call_oi"": 1140, ""put_oi"": 705}, ""2603"": {""call_vol"": 1412, ""put_vol"": 780, ""call_oi"": 9896, ""put_oi"": 9558}, ""2606"": {""call_vol"": 369, ""put_vol"": 475, ""call_oi"": 4937, ""put_oi"": 6202}, ""2609"": {""call_vol"": 184, ""put_vol"": 271, ""call_oi"": 1719, ""put_oi"": 1706}}",1.112253929941712,1.0344583046598108,550199,611961,619038,640369,641321,677676,1.056687680584294,724616,725253,1.000879086302262,18.89,19.05,18.6,18.82,0.7,0.8833333333333333,0.35,0.48333333333333334,0.85,0.9166666666666666,0.6,0.75,0.5,0.31666666666666665,0.55,0.75,0.45,0.3
20251103,4636.732,4653.403,4595.734,4653.403,23986980900,,1.2426874751652106,0.2744216996346305,12.735000000000582,,0.7338339766180008,0.7834323282702335,0.7321444767586891,71508,52475,110275,86393,"{""2511"": {""call_vol"": 59240, ""put_vol"": 44209, ""call_oi"": 60331, ""put_oi"": 46220}, ""2512"": {""call_vol"": 10187, ""put_vol"": 6629, ""call_oi"": 31589, ""put_oi"": 21605}, ""2601"": {""call_vol"": 418, ""put_vol"": 111, ""call_oi"": 1244, ""put_oi"": 736}, ""2603"": {""call_vol"": 937, ""put_vol"": 605, ""call_oi"": 10127, ""put_oi"": 9644}, ""2606"": {""call_vol"": 496, ""put_vol"": 524, ""call_oi"": 5187, ""put_oi"": 6354}, ""2609"": {""call_vol"": 230, ""put_vol"": 397, ""call_oi"": 1797, ""put_oi"": 1834}}",1.0368808692875937,1.0077531025574706,454165,470915,645677,650683,525673,523390,0.9956569958890793,755952,737076,0.9750301606451203,19.97,20.43,19.3,19.34,0.75,0.8833333333333333,0.3,0.31666666666666665,0.85,0.9333333333333333,0.55,0.6166666666666667,0.4,0.25,0.55,0.6333333333333333,0.35,0.23333333333333334
20251104,4649.348,4665.323,4595.066,4618.699,23322403200,,1.5097983131914539,-0.7457768003330201,-34.70400000000063,,0.7614433018774773,0.7817571153862887,0.7812814288045062,70893,53981,114927,89845,"{""2511"": {""call_vol"": 58670, ""put_vol"": 46144, ""call_oi"": 62860, ""put_oi"": 48422}, ""2512"": {""call_vol"": 9570, ""put_vol"": 5576, ""call_oi"": 32987, ""put_oi"": 22390}, ""2601"": {""call_vol"": 580, ""put_vol"": 194, ""call_oi"": 1428, ""put_oi"": 828}, ""2603"": {""call_vol"": 1175, ""put_vol"": 803, ""call_oi"": 10384, ""put_oi"": 9860}, ""2606"": {""call_vol"": 606, ""put_vol"": 856, ""call_oi"": 5442, ""put_oi"": 6405}, ""2609"": {""call_vol"": 292, ""put_vol"": 408, ""call_oi"": 1826, ""put_oi"": 1940}}",1.0782717964324633,0.9754654004155255,509315,549180,677696,661069,580208,603161,1.0395599509141549,792623,750914,0.94737851412336,19.75,19.95,19.46,19.49,0.85,0.9333333333333333,0.3,0.3,0.85,0.95,0.55,0.7,0.35,0.2,0.55,0.7166666666666667,0.35,0.21666666666666667
20251105,4562.112,4642.61,4558.765,4627.257,20304587100,,1.8153380421629413,0.18529027329989844,8.557999999999993,,0.7672437810945274,0.7913622299071739,0.7921860705617207,75375,57831,115377,91305,"{""2511"": {""call_vol"": 62602, ""put_vol"": 49399, ""call_oi"": 61511, ""put_oi"": 48776}, ""2512"": {""call_vol"": 9959, ""put_vol"": 6015, ""call_oi"": 34183, ""put_oi"": 22986}, ""2601"": {""call_vol"": 692, ""put_vol"": 469, ""call_oi"": 1691, ""put_oi"": 1102}, ""2603"": {""call_vol"": 1351, ""put_vol"": 1136, ""call_oi"": 10530, ""put_oi"": 9895}, ""2606"": {""call_vol"": 532, ""put_vol"": 446, ""call_oi"": 5633, ""put_oi"": 6479}, ""2609"": {""call_vol"": 239, ""put_vol"": 366, ""call_oi"": 1829, ""put_oi"": 2067}}",1.3393675792018085,1.0008841410482179,536162,718118,685411,686017,611537,775949,1.2688504538564307,800788,777322,0.9706963640813798,20.39,21.06,19.61,19.71,0.85,0.9333333333333333,0.4,0.3333333333333333,0.85,0.95,0.85,0.9333333333333333,0.45,0.23333333333333334,0.85,0.9333333333333333,0.4,0.21666666666666667
20251106,4642.011,4698.094,4642.011,4693.403,22424100800,,1.212013942601408,1.4294861945208792,66.14600000000064,,0.5938906155773067,0.8612555945324786,0.3708150038720427,86228,51210,107471,92560,"{""2511"": {""call_vol"": 73133, ""put_vol"": 42202, ""call_oi"": 53503, ""put_oi"": 48966}, ""2512"": {""call_vol"": 10168, ""put_vol"": 6865, ""call_oi"": 33828, ""put_oi"": 23692}, ""2601"": {""call_vol"": 606, ""put_vol"": 294, ""call_oi"": 1936, ""put_oi"": 1148}, ""2603"": {""call_vol"": 1286, ""put_vol"": 1018, ""call_oi"": 10776, ""put_oi"": 10051}, ""2606"": {""call_vol"": 695, ""put_vol"": 573, ""call_oi"": 5605, ""put_oi"": 6578}, ""2609"": {""call_vol"": 340, ""put_vol"": 258, ""call_oi"": 1823, ""put_oi"": 2125}}",1.0068666050116704,1.121189002853833,567675,571573,637038,714240,653903,622783,0.9524088435134874,744509,806800,1.0836672222901267,19.88,19.88,19.11,19.17,0.1,0.48333333333333334,0.65,0.7666666666666667,0.15,0.43333333333333335,0.4,0.55,0.75,0.6,0.3,0.5,0.8,0.65
20251107,4673.762,4701.374,4666.041,4678.794,21249737700,,0.7528226321072284,-0.31126668645331534,-14.609000000000378,,0.731159660156681,0.8812810653662196,0.4667938027624542,54378,39759,106630,93971,"{""2511"": {""call_vol"": 46506, ""put_vol"": 33194, ""call_oi"": 52400, ""put_oi"": 49475}, ""2512"": {""call_vol"": 6057, ""put_vol"": 4931, ""call_oi"": 33741, ""put_oi"": 24325}, ""2601"": {""call_vol"": 699, ""put_vol"": 288, ""call_oi"": 2040, ""put_oi"": 1226}, ""2603"": {""call_vol"": 693, ""put_vol"": 489, ""call_oi"": 10947, ""put_oi"": 10078}, ""2606"": {""call_vol"": 325, ""put_vol"": 629, ""call_oi"": 5674, ""put_oi"": 6650}, ""2609"": {""call_vol"": 98, ""put_vol"": 228, ""call_oi"": 1828, ""put_oi"": 2217}}",1.1782858005130528,1.1247578128980167,357858,421659,647743,728554,412236,461418,1.1193054463947836,754373,822525,1.0903425758875251,19.57,19.57,19.04,19.09,0.6,0.8333333333333334,0.8,0.85,0.35,0.6666666666666666,0.65,0.8166666666666667,0.75,0.6333333333333333,0.65,0.8166666666666667,0.8,0.6666666666666666
20251110,4688.124,4695.179,4654.21,4695.051,23602676400,,0.8756316264404899,0.3474613329845333,16.257000000000517,,0.6829700923912205,0.8708554180720591,0.483499301047668,64833,44279,109993,95788,"{""2511"": {""call_vol"": 54463, ""put_vol"": 36689, ""call_oi"": 53868, ""put_oi"": 50317}, ""2512"": {""call_vol"": 7787, ""put_vol"": 5514, ""call_oi"": 35094, ""put_oi"": 24690}, ""2601"": {""call_vol"": 853, ""put_vol"": 846, ""call_oi"": 2192, ""put_oi"": 1564}, ""2603"": {""call_vol"": 1006, ""put_vol"": 546, ""call_oi"": 11185, ""put_oi"": 10159}, ""2606"": {""call_vol"": 448, ""put_vol"": 315, ""call_oi"": 5817, ""put_oi"": 6684}, ""2609"": {""call_vol"": 276, ""put_vol"": 369, ""call_oi"": 1837, ""put_oi"": 2374}}",1.100413257833708,1.1072935041030754,428788,471844,664989,736338,493621,516123,1.0455855808403614,774982,832126,1.0737359061242713,,,,,0.45,0.7333333333333333,0.75,0.8166666666666667,0.45,0.7,0.6,0.7166666666666667,0.6,0.48333333333333334,0.55,0.7166666666666667,0.65,0.5166666666666667
20251111,4706.337,4707.128,4648.49,4652.166,18663885800,,1.2489321202261683,-0.9134086083410042,-42.88500000000022,,0.6228712098792004,0.8487447644093035,0.5185674221035586,74338,46303,114839,97469,"{""2511"": {""call_vol"": 61701, ""put_vol"": 37792, ""call_oi"": 57403, ""put_oi"": 50644}, ""2512"": {""call_vol"": 9433, ""put_vol"": 5965, ""call_oi"": 36084, ""put_oi"": 25387}, ""2601"": {""call_vol"": 860, ""put_vol"": 975, ""call_oi"": 2375, ""put_oi"": 1946}, ""2603"": {""call_vol"": 1393, ""put_vol"": 733, ""call_oi"": 11096, ""put_oi"": 10262}, ""2606"": {""call_vol"": 603, ""put_vol"": 311, ""call_oi"": 6043, ""put_oi"": 6719}, ""2609"": {""call_vol"": 348, ""put_vol"": 527, ""call_oi"": 1838, ""put_oi"": 2511}}",1.1346214690272585,1.0447688867158682,448814,509234,691306,722255,523152,555537,1.0619036150105514,806145,819724,1.0168443642272793,19.95,20.53,19.87,20.22,0.3,0.5666666666666667,0.6,0.65,0.55,0.75,0.7,0.7666666666666667,0.5,0.2833333333333333,0.65,0.75,0.5,0.26666666666666666
20251112,4643.559,4669.607,4620.99,4645.908,20946059200,,1.0450400953018484,-0.1345179858156409,-6.257999999999811,,0.6944669894489379,0.8428187308323383,0.6475811922725127,71462,49628,116407,98110,"{""2511"": {""call_vol"": 61187, ""put_vol"": 41498, ""call_oi"": 57627, ""put_oi"": 50782}, ""2512"": {""call_vol"": 8017, ""put_vol"": 6258, ""call_oi"": 37147, ""put_oi"": 25605}, ""2601"": {""call_vol"": 798, ""put_vol"": 910, ""call_oi"": 2497, ""put_oi"": 2248}, ""2603"": {""call_vol"": 867, ""put_vol"": 388, ""call_oi"": 11206, ""put_oi"": 10196}, ""2606"": {""call_vol"": 371, ""put_vol"": 374, ""call_oi"": 6100, ""put_oi"": 6756}, ""2609"": {""call_vol"": 222, ""put_vol"": 200, ""call_oi"": 1830, ""put_oi"": 2523}}",1.12857304964539,1.0571864769488173,528750,596733,689726,729169,600212,646361,1.0768878329656855,806133,827279,1.0262314035028959,20.57,21.18,20.47,20.91,0.55,0.75,0.6,0.6333333333333333,0.75,0.8666666666666667,0.7,0.75,0.5,0.3,0.75,0.7666666666666667,0.5,0.31666666666666665
20251113,4643.786,4703.49,4643.786,4702.074,20736747400,,1.2850878665698873,1.2089348303926606,56.16599999999926,,0.6334314508082219,0.8920561384384793,0.3971353709220663,80176,50786,110085,98202,"{""2511"": {""call_vol"": 66959, ""put_vol"": 42420, ""call_oi"": 51617, ""put_oi"": 50851}, ""2512"": {""call_vol"": 10819, ""put_vol"": 6861, ""call_oi"": 36564, ""put_oi"": 25644}, ""2601"": {""call_vol"": 809, ""put_vol"": 624, ""call_oi"": 2678, ""put_oi"": 2199}, ""2603"": {""call_vol"": 1113, ""put_vol"": 509, ""call_oi"": 11204, ""put_oi"": 10194}, ""2606"": {""call_vol"": 328, ""put_vol"": 252, ""call_oi"": 6127, ""put_oi"": 6768}, ""2609"": {""call_vol"": 148, ""put_vol"": 120, ""call_oi"": 1895, ""put_oi"": 2546}}",0.9425800447231335,1.134127636097984,474922,447652,659782,748277,555098,498438,0.8979279334459861,769867,846479,1.0995132925557272,21.0,21.14,20.19,20.52,0.35,0.55,0.9,0.8833333333333333,0.25,0.48333333333333334,0.2,0.36666666666666664,0.8,0.6833333333333333,0.2,0.36666666666666664,0.8,0.7166666666666667
20251114,4663.318,4684.258,4628.024,4628.14,19209267600,,1.195940344622383,-1.5723699797153157,-73.93399999999929,,0.6361923402763577,0.8560994061024495,0.5655734350743553,68462,43555,115003,98454,"{""2511"": {""call_vol"": 54300, ""put_vol"": 36514, ""call_oi"": 53286, ""put_oi"": 49554}, ""2512"": {""call_vol"": 10923, ""put_vol"": 5487, ""call_oi"": 38931, ""put_oi"": 26739}, ""2601"": {""call_vol"": 1903, ""put_vol"": 751, ""call_oi"": 3383, ""put_oi"": 2500}, ""2603"": {""call_vol"": 964, ""put_vol"": 449, ""call_oi"": 11324, ""put_oi"": 10231}, ""2606"": {""call_vol"": 283, ""put_vol"": 252, ""call_oi"": 6146, ""put_oi"": 6852}, ""2609"": {""call_vol"": 89, ""put_vol"": 102, ""call_oi"": 1933, ""put_oi"": 2578}}",1.1083597163396388,1.0432853207107593,493689,547185,703079,733512,562151,590740,1.0508564424860936,818082,831966,1.0169714038446023,21.78,21.78,20.4,20.69,0.45,0.5833333333333334,0.65,0.7166666666666667,0.7,0.7833333333333333,0.7,0.7166666666666667,0.35,0.26666666666666666,0.65,0.7,0.4,0.26666666666666666
20251117,4616.806,4624.898,4580.261,4598.053,18895546600,,0.9644695277152315,-0.6500883724347206,-30.087000000000444,,0.7672249604654116,0.8033720902318212,0.9706268170874702,86633,66467,124967,100395,"{""2511"": {""call_vol"": 66860, ""put_vol"": 53814, ""call_oi"": 57872, ""put_oi"": 49061}, ""2512"": {""call_vol"": 16162, ""put_vol"": 10280, ""call_oi"": 43322, ""put_oi"": 28306}, ""2601"": {""call_vol"": 1709, ""put_vol"": 1256, ""call_oi"": 3843, ""put_oi"": 3177}, ""2603"": {""call_vol"": 1278, ""put_vol"": 545, ""call_oi"": 11744, ""put_oi"": 10383}, ""2606"": {""call_vol"": 382, ""put_vol"": 393, ""call_oi"": 6200, ""put_oi"": 6863}, ""2609"": {""call_vol"": 242, ""put_vol"": 179, ""call_oi"": 1986, ""put_oi"": 2605}}",1.0746516465234044,0.9644524103933675,590851,634959,728657,702755,677484,701426,1.0353395799753204,853624,803150,0.9408709220921624,21.3,21.79,20.92,21.22,0.95,0.9166666666666666,0.4,0.36666666666666664,1.0,1.0,0.55,0.6,0.05,0.11666666666666667,0.55,0.6166666666666667,0.05,0.13333333333333333
20251118,4584.79,4606.617,4552.804,4568.193,17771318500,,1.1703431865617926,-0.6494053026356972,-29.859999999999673,,0.7120533075393627,0.7785837078143378,0.8458381676299436,93045,66253,132628,103262,"{""2511"": {""call_vol"": 70697, ""put_vol"": 50569, ""call_oi"": 59647, ""put_oi"": 50081}, ""2512"": {""call_vol"": 18223, ""put_vol"": 11928, ""call_oi"": 48226, ""put_oi"": 29656}, ""2601"": {""call_vol"": 1519, ""put_vol"": 1784, ""call_oi"": 4222, ""put_oi"": 3493}, ""2603"": {""call_vol"": 1332, ""put_vol"": 939, ""call_oi"": 12054, ""put_oi"": 10406}, ""2606"": {""call_vol"": 670, ""put_vol"": 676, ""call_oi"": 6277, ""put_oi"": 6889}, ""2609"": {""call_vol"": 604, ""put_vol"": 357, ""call_oi"": 2202, ""put_oi"": 2737}}",1.242967931030856,0.9121744913794574,570458,709061,762307,695357,663503,775314,1.1685161935967132,894935,798619,0.8923765413130562,21.54,22.8,21.06,22.09,0.65,0.7666666666666667,0.15,0.16666666666666666,0.95,0.9666666666666667,0.95,0.8833333333333333,0.05,0.08333333333333333,0.95,0.8833333333333333,0.05,0.08333333333333333
20251119,4568.037,4607.863,4568.037,4588.292,17292497400,,0.8718108013387355,0.4399770324940322,20.09900000000016,,0.7174355951309815,0.7967217879487847,0.7256322739887834,96693,69371,130742,104165,"{""2511"": {""call_vol"": 71457, ""put_vol"": 53775, ""call_oi"": 54708, ""put_oi"": 48187}, ""2512"": {""call_vol"": 22022, ""put_vol"": 13133, ""call_oi"": 50812, ""put_oi"": 32085}, ""2601"": {""call_vol"": 1529, ""put_vol"": 1265, ""call_oi"": 4546, ""put_oi"": 3644}, ""2603"": {""call_vol"": 931, ""put_vol"": 718, ""call_oi"": 12262, ""put_oi"": 10554}, ""2606"": {""call_vol"": 499, ""put_vol"": 219, ""call_oi"": 6248, ""put_oi"": 6921}, ""2609"": {""call_vol"": 255, ""put_vol"": 261, ""call_oi"": 2166, ""put_oi"": 2774}}",1.1383699925251238,0.9561396240306339,577936,657905,736177,703888,674629,727276,1.078038447798716,866919,808053,0.9320974623926803,22.32,22.32,21.14,21.34,0.65,0.7666666666666667,0.3,0.2833333333333333,0.75,0.85,0.85,0.75,0.1,0.13333333333333333,0.85,0.75,0.1,0.15
20251120,4619.54,4620.653,4560.181,4564.948,19456259300,,1.317963198506125,-0.5087731992645672,-23.34400000000005,,0.6097497344539068,0.7820078187038055,0.6414712575046224,107326,65442,130968,102418,"{""2511"": {""call_vol"": 78333, ""put_vol"": 50203, ""call_oi"": 50792, ""put_oi"": 45041}, ""2512"": {""call_vol"": 24683, ""put_vol"": 12648, ""call_oi"": 53739, ""put_oi"": 33159}, ""2601"": {""call_vol"": 2255, ""put_vol"": 1185, ""call_oi"": 5468, ""put_oi"": 3906}, ""2603"": {""call_vol"": 1053, ""put_vol"": 605, ""call_oi"": 12557, ""put_oi"": 10499}, ""2606"": {""call_vol"": 745, ""put_vol"": 472, ""call_oi"": 6148, ""put_oi"": 7011}, ""2609"": {""call_vol"": 257, ""put_vol"": 329, ""call_oi"": 2264, ""put_oi"": 2802}}",0.9411175039939356,0.9128372058515698,601537,566117,754806,689015,708863,631559,0.8909464875441376,885774,791433,0.8934931483651586,21.48,21.48,20.79,20.85,0.2,0.4166666666666667,0.15,0.2,0.6,0.8,0.2,0.31666666666666665,0.1,0.1,0.2,0.3,0.1,0.1
20251121,4513.386,4527.044,4453.182,4453.608,22285101300,,1.6180250026944465,-2.439020115891799,-111.34000000000015,,0.8867471089557807,0.6686804989789764,1.224946422506469,139396,123609,94513,63199,"{""2511"": {""call_vol"": 75783, ""put_vol"": 72861, ""call_oi"": 0, ""put_oi"": 0}, ""2512"": {""call_vol"": 53843, ""put_vol"": 43588, ""call_oi"": 65300, ""put_oi"": 37518}, ""2601"": {""call_vol"": 4289, ""put_vol"": 3812, ""call_oi"": 7232, ""put_oi"": 4856}, ""2603"": {""call_vol"": 3637, ""put_vol"": 1915, ""call_oi"": 13368, ""put_oi"": 10712}, ""2606"": {""call_vol"": 1182, ""put_vol"": 777, ""call_oi"": 6341, ""put_oi"": 7143}, ""2609"": {""call_vol"": 662, ""put_vol"": 656, ""call_oi"": 2272, ""put_oi"": 2970}}",1.2412460079515089,0.8042149278594719,981952,1218844,830809,668149,1121348,1342453,1.1971778609316643,925322,731348,0.7903713518105049,21.88,23.91,21.51,22.53,1.0,0.9666666666666667,0.05,0.016666666666666666,1.0,1.0,0.9,0.8666666666666667,0.05,0.016666666666666666,0.95,0.8833333333333333,0.05,0.016666666666666666
20251124,4473.156,4478.808,4421.812,4448.048,18583372900,,1.2797713673947078,-0.12484259952829646,-5.5600000000004,,0.6257991408179143,0.6585044556373498,0.8553335157830886,59126,37001,103240,67984,"{""2512"": {""call_vol"": 51990, ""put_vol"": 32038, ""call_oi"": 71728, ""put_oi"": 41576}, ""2601"": {""call_vol"": 3621, ""put_vol"": 2477, ""call_oi"": 8505, ""put_oi"": 5451}, ""2602"": {""call_vol"": 1000, ""put_vol"": 1085, ""call_oi"": 228, ""put_oi"": 246}, ""2603"": {""call_vol"": 1722, ""put_vol"": 742, ""call_oi"": 13886, ""put_oi"": 10585}, ""2606"": {""call_vol"": 615, ""put_vol"": 434, ""call_oi"": 6599, ""put_oi"": 7167}, ""2609"": {""call_vol"": 178, ""put_vol"": 225, ""call_oi"": 2294, ""put_oi"": 2959}}",1.094619372787051,0.7670361090748622,632640,692500,822591,630957,691766,729501,1.0545487925107624,925831,698941,0.754933675800443,21.0,22.0,21.0,21.3,0.25,0.45,0.05,0.016666666666666666,0.9,0.9666666666666667,0.5,0.6333333333333333,0.05,0.016666666666666666,0.6,0.6666666666666666,0.05,0.016666666666666666
20251125,4475.836,4510.773,4467.353,4490.405,16957192900,,0.9761585306633399,0.9522604072617957,42.35699999999997,,0.6275293733681462,0.6621013616633302,0.6617525956221274,61280,38455,100906,66810,"{""2512"": {""call_vol"": 53030, ""put_vol"": 33316, ""call_oi"": 67270, ""put_oi"": 40215}, ""2601"": {""call_vol"": 4534, ""put_vol"": 2718, ""call_oi"": 9669, ""put_oi"": 5615}, ""2602"": {""call_vol"": 272, ""put_vol"": 701, ""call_oi"": 359, ""put_oi"": 382}, ""2603"": {""call_vol"": 2069, ""put_vol"": 930, ""call_oi"": 14581, ""put_oi"": 10604}, ""2606"": {""call_vol"": 983, ""put_vol"": 386, ""call_oi"": 6736, ""put_oi"": 7146}, ""2609"": {""call_vol"": 392, ""put_vol"": 404, ""call_oi"": 2291, ""put_oi"": 2848}}",1.1505497045131896,0.8388798463533109,636069,731829,785178,658670,697349,770284,1.10458895043945,886084,725480,0.8187485610845021,21.0,21.14,20.19,20.52,0.3,0.45,0.1,0.03333333333333333,0.6,0.8,0.8,0.7666666666666667,0.15,0.06666666666666667,0.8,0.7833333333333333,0.15,0.05
20251126,4490.202,4538.136,4485.698,4517.626,15620036800,,1.1677788529097064,0.6062036720518638,27.22100000000046,,0.6249479590016058,0.6984482092375277,0.6364890822901729,50441,31523,98338,68684,"{""2512"": {""call_vol"": 44218, ""put_vol"": 27828, ""call_oi"": 63681, ""put_oi"": 41805}, ""2601"": {""call_vol"": 2792, ""put_vol"": 1438, ""call_oi"": 10090, ""put_oi"": 5746}, ""2602"": {""call_vol"": 643, ""put_vol"": 700, ""call_oi"": 396, ""put_oi"": 516}, ""2603"": {""call_vol"": 1519, ""put_vol"": 969, ""call_oi"": 14850, ""put_oi"": 10644}, ""2606"": {""call_vol"": 1016, ""put_vol"": 383, ""call_oi"": 7007, ""put_oi"": 7145}, ""2609"": {""call_vol"": 253, ""put_vol"": 205, ""call_oi"": 2314, ""put_oi"": 2828}}",1.1373568477669374,1.0817879463757951,490649,558043,507532,549042,541090,589566,1.0895895322404776,605870,617726,1.0195685543103306,20.0,20.3,19.6,19.7,0.25,0.4166666666666667,0.2,0.06666666666666667,0.4,0.7166666666666667,0.7,0.7166666666666667,0.75,0.48333333333333334,0.75,0.7333333333333333,0.7,0.4
20251127,4520.014,4559.218,4509.864,4515.403,15031177200,,1.0924764467001091,-0.04920726062759284,-2.2229999999999563,,0.6750222156398105,0.7047349522244538,0.5524322390543864,54016,36462,98586,69477,"{""2512"": {""call_vol"": 46575, ""put_vol"": 31606, ""call_oi"": 62248, ""put_oi"": 42456}, ""2601"": {""call_vol"": 3864, ""put_vol"": 2814, ""call_oi"": 10837, ""put_oi"": 6074}, ""2602"": {""call_vol"": 139, ""put_vol"": 265, ""call_oi"": 444, ""put_oi"": 418}, ""2603"": {""call_vol"": 1936, ""put_vol"": 1070, ""call_oi"": 15265, ""put_oi"": 10635}, ""2606"": {""call_vol"": 1079, ""put_vol"": 409, ""call_oi"": 7416, ""put_oi"": 7105}, ""2609"": {""call_vol"": 423, ""put_vol"": 298, ""call_oi"": 2376, ""put_oi"": 2789}}",1.0301355805095618,1.0736226727057183,405368,417584,540703,580511,459384,454046,0.9883800916009264,639289,649988,1.0167357799054888,19.48870022,19.48870022,18.52545032,18.75637285,0.45,0.6166666666666667,0.25,0.08333333333333333,0.3,0.6333333333333333,0.2,0.45,0.75,0.48333333333333334,0.2,0.4666666666666667,0.6,0.36666666666666664
20251128,4511.497,4531.722,4492.426,4526.662,14290209600,,0.8702656219167894,0.24934651458574653,11.259000000000015,,0.6454123734332485,0.6985965120652453,0.6646997516683071,44838,28939,101034,70582,"{""2512"": {""call_vol"": 38471, ""put_vol"": 25475, ""call_oi"": 63142, ""put_oi"": 42990}, ""2601"": {""call_vol"": 3562, ""put_vol"": 2335, ""call_oi"": 11742, ""put_oi"": 6500}, ""2602"": {""call_vol"": 178, ""put_vol"": 89, ""call_oi"": 563, ""put_oi"": 408}, ""2603"": {""call_vol"": 1563, ""put_vol"": 569, ""call_oi"": 15704, ""put_oi"": 10765}, ""2606"": {""call_vol"": 632, ""put_vol"": 249, ""call_oi"": 7499, ""put_oi"": 7116}, ""2609"": {""call_vol"": 432, ""put_vol"": 222, ""call_oi"": 2384, ""put_oi"": 2803}}",1.181500861106629,1.0861176035073457,303679,358797,551072,598529,348517,387736,1.1125310960440955,652106,669111,1.0260770488233508,19.03,19.12,18.64,18.64,0.45,0.5166666666666667,0.25,0.08333333333333333,0.6,0.8,0.85,0.8,0.8,0.5333333333333333,0.8,0.7833333333333333,0.75,0.48333333333333334
20251201,4539.188,4576.965,4531.292,4576.486,20038231700,,1.008977476118159,1.100678601583227,49.823999999999614,,0.6172128397270998,0.7377437634863977,0.49375996294278246,53646,33111,99174,73165,"{""2512"": {""call_vol"": 45441, ""put_vol"": 28642, ""call_oi"": 59734, ""put_oi"": 44299}, ""2601"": {""call_vol"": 5348, ""put_vol"": 2999, ""call_oi"": 12877, ""put_oi"": 7432}, ""2602"": {""call_vol"": 224, ""put_vol"": 148, ""call_oi"": 658, ""put_oi"": 403}, ""2603"": {""call_vol"": 1703, ""put_vol"": 889, ""call_oi"": 15868, ""put_oi"": 11043}, ""2606"": {""call_vol"": 586, ""put_vol"": 271, ""call_oi"": 7625, ""put_oi"": 7163}, ""2609"": {""call_vol"": 344, ""put_vol"": 162, ""call_oi"": 2412, ""put_oi"": 2825}}",1.1173430584699404,1.155954079824027,327399,365817,550085,635873,381045,398928,1.0469314647876236,649259,709038,1.0920726551345457,19.51,19.65,18.9,18.99,0.15,0.3333333333333333,0.35,0.16666666666666666,0.25,0.5333333333333333,0.5,0.65,1.0,0.9166666666666666,0.4,0.5666666666666667,0.95,0.8166666666666667
20251202,4571.91,4575.495,4539.431,4554.335,14849313200,,0.7880281945580146,-0.484017650223334,-22.15099999999984,,0.7211571379664499,0.7264965701031436,0.5799559643455588,35052,25278,101315,73605,"{""2512"": {""call_vol"": 29376, ""put_vol"": 22240, ""call_oi"": 60842, ""put_oi"": 44354}, ""2601"": {""call_vol"": 3456, ""put_vol"": 1886, ""call_oi"": 13453, ""put_oi"": 7731}, ""2602"": {""call_vol"": 227, ""put_vol"": 114, ""call_oi"": 710, ""put_oi"": 419}, ""2603"": {""call_vol"": 1476, ""put_vol"": 717, ""call_oi"": 16150, ""put_oi"": 11034}, ""2606"": {""call_vol"": 139, ""put_vol"": 128, ""call_oi"": 7664, ""put_oi"": 7184}, ""2609"": {""call_vol"": 378, ""put_vol"": 193, ""call_oi"": 2496, ""put_oi"": 2883}}",1.084748850976484,1.1028157531669385,268924,291715,574056,633078,303976,316993,1.0428224596678686,675371,706683,1.0463626658532865,19.26,19.33,19.05,19.1,0.8,0.7666666666666667,0.35,0.15,0.45,0.6333333333333333,0.3,0.5333333333333333,0.75,0.6333333333333333,0.3,0.5333333333333333,0.75,0.55
20251203,4554.589,4569.821,4523.502,4531.049,16976279000,,1.0170310264835483,-0.5112930866965182,-23.286000000000058,,0.7429153726708074,0.7331328589624494,0.6299565034376315,51520,38275,104419,76553,"{""2512"": {""call_vol"": 44506, ""put_vol"": 34284, ""call_oi"": 62171, ""put_oi"": 46389}, ""2601"": {""call_vol"": 4970, ""put_vol"": 2826, ""call_oi"": 14585, ""put_oi"": 8499}, ""2602"": {""call_vol"": 244, ""put_vol"": 178, ""call_oi"": 784, ""put_oi"": 436}, ""2603"": {""call_vol"": 1217, ""put_vol"": 510, ""call_oi"": 16552, ""put_oi"": 11129}, ""2606"": {""call_vol"": 425, ""put_vol"": 316, ""call_oi"": 7778, ""put_oi"": 7235}, ""2609"": {""call_vol"": 158, ""put_vol"": 161, ""call_oi"": 2549, ""put_oi"": 2865}}",1.2232567318397907,1.0753740282391744,339506,415303,589394,633819,391026,453578,1.1599689023236306,693813,710372,1.0238666614779486,18.2,19.0,18.2,18.4,0.9,0.8333333333333334,0.4,0.16666666666666666,0.5,0.6833333333333333,0.9,0.8166666666666667,0.6,0.5,0.9,0.8333333333333334,0.6,0.48333333333333334
20251204,4533.6,4557.423,4514.188,4546.566,14719811000,,0.9541940508698906,0.34245932895451414,15.516999999999825,,0.6106165512693703,0.7361297518005331,0.5774095595209817,51561,31484,105802,77884,"{""2512"": {""call_vol"": 43560, ""put_vol"": 28318, ""call_oi"": 62762, ""put_oi"": 47112}, ""2601"": {""call_vol"": 5109, ""put_vol"": 2363, ""call_oi"": 15070, ""put_oi"": 8975}, ""2602"": {""call_vol"": 171, ""put_vol"": 130, ""call_oi"": 834, ""put_oi"": 479}, ""2603"": {""call_vol"": 1451, ""put_vol"": 366, ""call_oi"": 16197, ""put_oi"": 11129}, ""2606"": {""call_vol"": 922, ""put_vol"": 123, ""call_oi"": 8285, ""put_oi"": 7243}, ""2609"": {""call_vol"": 348, ""put_vol"": 184, ""call_oi"": 2654, ""put_oi"": 2946}}",1.0627049943425142,1.077754896970258,349095,370985,605068,652115,400656,402469,1.0045250788706521,710870,729999,1.0269092801778104,17.0,18.3,16.5,17.0,0.1,0.26666666666666666,0.45,0.18333333333333332,0.4,0.6,0.2,0.45,0.65,0.5166666666666667,0.2,0.43333333333333335,0.75,0.5333333333333333
20251205,4547.906,4593.828,4535.02,4584.537,19679996800,,1.293459723228476,0.8351577872178773,37.97100000000046,,0.6453810411361668,0.787233011590495,0.4784677500912145,76186,49169,103188,81233,"{""2512"": {""call_vol"": 65680, ""put_vol"": 43293, ""call_oi"": 59098, ""put_oi"": 49440}, ""2601"": {""call_vol"": 7647, ""put_vol"": 4233, ""call_oi"": 15999, ""put_oi"": 9837}, ""2602"": {""call_vol"": 390, ""put_vol"": 485, ""call_oi"": 901, ""put_oi"": 564}, ""2603"": {""call_vol"": 1665, ""put_vol"": 608, ""call_oi"": 16307, ""put_oi"": 11194}, ""2606"": {""call_vol"": 606, ""put_vol"": 360, ""call_oi"": 8205, ""put_oi"": 7181}, ""2609"": {""call_vol"": 198, ""put_vol"": 190, ""call_oi"": 2678, ""put_oi"": 3017}}",0.9706807907519789,1.1279139707763832,528459,512965,601842,678826,604645,562134,0.9296926295594936,705030,760059,1.0780519977873282,15.52,16.8,15.15,16.0,0.5,0.48333333333333334,0.65,0.38333333333333336,0.1,0.4166666666666667,0.15,0.23333333333333334,0.9,0.8,0.15,0.25,0.9,0.7333333333333333
20251208,4593.14,4640.626,4592.741,4621.755,19962099000,,1.044489334473693,0.8118158932952202,37.21799999999985,,0.6228634720764836,0.8046991832508915,0.3355362208949834,85770,53423,104316,83943,"{""2512"": {""call_vol"": 70198, ""put_vol"": 44193, ""call_oi"": 58173, ""put_oi"": 50429}, ""2601"": {""call_vol"": 11321, ""put_vol"": 6334, ""call_oi"": 18045, ""put_oi"": 11287}, ""2602"": {""call_vol"": 688, ""put_vol"": 601, ""call_oi"": 1136, ""put_oi"": 701}, ""2603"": {""call_vol"": 1796, ""put_vol"": 1312, ""call_oi"": 16407, ""put_oi"": 11445}, ""2606"": {""call_vol"": 1298, ""put_vol"": 589, ""call_oi"": 7811, ""put_oi"": 7071}, ""2609"": {""call_vol"": 469, ""put_vol"": 394, ""call_oi"": 2744, ""put_oi"": 3010}}",0.7752459974669568,1.1550379173293555,615860,477443,607374,701540,701630,530866,0.7566181605689608,711690,785483,1.1036869985527407,15.8,16.23,15.65,15.72,0.2,0.31666666666666665,0.8,0.5333333333333333,0.05,0.16666666666666666,0.05,0.03333333333333333,0.95,0.9166666666666666,0.05,0.03333333333333333,1.0,0.9
20251209,4611.379,4628.705,4584.254,4598.223,18416034400,,0.9617775065965206,-0.5091572357253882,-23.532000000000153,,0.6429450542039687,0.793659852173673,0.49952145750012855,59313,38135,108641,86224,"{""2512"": {""call_vol"": 49465, ""put_vol"": 32314, ""call_oi"": 60946, ""put_oi"": 51809}, ""2601"": {""call_vol"": 7682, ""put_vol"": 4298, ""call_oi"": 19379, ""put_oi"": 11941}, ""2602"": {""call_vol"": 378, ""put_vol"": 392, ""call_oi"": 1179, ""put_oi"": 781}, ""2603"": {""call_vol"": 1163, ""put_vol"": 733, ""call_oi"": 16469, ""put_oi"": 11503}, ""2606"": {""call_vol"": 300, ""put_vol"": 208, ""call_oi"": 7872, ""put_oi"": 7094}, ""2609"": {""call_vol"": 325, ""put_vol"": 190, ""call_oi"": 2796, ""put_oi"": 3096}}",0.8994306190955058,1.098631556295877,423618,381015,627355,689232,482931,419150,0.8679293729331934,735996,775456,1.0536144218175099,15.77,15.81,15.25,15.31,0.5,0.4666666666666667,0.7,0.4166666666666667,0.25,0.5,0.1,0.15,0.75,0.5833333333333334,0.1,0.15,0.8,0.6
20251210,4586.254,4598.537,4549.08,4591.827,16911110600,,1.0755676703805,-0.13909721211867732,-6.395999999999731,,0.5988062940857298,0.7756077235411976,0.6183715503870986,73720,44144,112798,87487,"{""2512"": {""call_vol"": 60368, ""put_vol"": 36622, ""call_oi"": 62252, ""put_oi"": 51054}, ""2601"": {""call_vol"": 9950, ""put_vol"": 4863, ""call_oi"": 21275, ""put_oi"": 13012}, ""2602"": {""call_vol"": 899, ""put_vol"": 769, ""call_oi"": 1419, ""put_oi"": 1173}, ""2603"": {""call_vol"": 1782, ""put_vol"": 1203, ""call_oi"": 17033, ""put_oi"": 11896}, ""2606"": {""call_vol"": 492, ""put_vol"": 484, ""call_oi"": 7948, ""put_oi"": 7162}, ""2609"": {""call_vol"": 229, ""put_vol"": 203, ""call_oi"": 2871, ""put_oi"": 3190}}",1.1776195801539293,1.061863300563168,515951,607594,645811,685763,589671,651738,1.10525699924195,758609,773250,1.0192997973923326,16.1,16.5,15.79,16.45,0.05,0.16666666666666666,0.55,0.31666666666666665,0.5,0.6666666666666666,0.8,0.75,0.45,0.43333333333333335,0.8,0.75,0.5,0.4
20251211,4597.19,4610.279,4547.137,4552.185,16841940500,,1.3750953596466229,-0.863316496897637,-39.641999999999825,,0.594203321135426,0.770801121622684,0.5388164888339199,68591,40757,114477,88239,"{""2512"": {""call_vol"": 56413, ""put_vol"": 33885, ""call_oi"": 62049, ""put_oi"": 50699}, ""2601"": {""call_vol"": 8947, ""put_vol"": 4598, ""call_oi"": 22877, ""put_oi"": 13813}, ""2602"": {""call_vol"": 872, ""put_vol"": 749, ""call_oi"": 1494, ""put_oi"": 1231}, ""2603"": {""call_vol"": 1617, ""put_vol"": 872, ""call_oi"": 17113, ""put_oi"": 12046}, ""2606"": {""call_vol"": 430, ""put_vol"": 475, ""call_oi"": 8022, ""put_oi"": 7240}, ""2609"": {""call_vol"": 312, ""put_vol"": 178, ""call_oi"": 2922, ""put_oi"": 3210}}",1.0442774583788896,1.0061838814866655,467371,488065,663014,667114,535962,528822,0.9866781600188073,777491,755353,0.9715263585044714,15.76,16.12,15.66,16.12,0.05,0.13333333333333333,0.55,0.31666666666666665,0.25,0.5166666666666667,0.3,0.4166666666666667,0.4,0.2833333333333333,0.25,0.38333333333333336,0.4,0.26666666666666666
20251212,4558.738,4583.675,4530.784,4580.95,21282652000,,1.1618816019120604,0.6318943540299715,28.764999999999418,,0.6371597633136095,0.7911885373007363,0.523639846710508,80275,51148,112853,89288,"{""2512"": {""call_vol"": 64062, ""put_vol"": 41316, ""call_oi"": 58130, ""put_oi"": 49789}, ""2601"": {""call_vol"": 13553, ""put_vol"": 7782, ""call_oi"": 24791, ""put_oi"": 15342}, ""2602"": {""call_vol"": 541, ""put_vol"": 468, ""call_oi"": 1548, ""put_oi"": 1350}, ""2603"": {""call_vol"": 1665, ""put_vol"": 1067, ""call_oi"": 17338, ""put_oi"": 12206}, ""2606"": {""call_vol"": 282, ""put_vol"": 292, ""call_oi"": 8076, ""put_oi"": 7369}, ""2609"": {""call_vol"": 172, ""put_vol"": 223, ""call_oi"": 2970, ""put_oi"": 3232}}",1.0250260538669675,1.0700118707211277,627546,643251,669715,716603,707821,694399,0.9810375787098715,782568,805891,1.0298031608754767,16.18,16.29,15.44,15.49,0.5,0.43333333333333335,0.8,0.43333333333333335,0.25,0.48333333333333334,0.25,0.36666666666666664,0.5,0.48333333333333334,0.25,0.36666666666666664,0.75,0.5666666666666667
20251215,4550.003,4595.046,4548.438,4552.06,16758996700,,1.017430882240587,-0.630655213438247,-28.889999999999418,,0.6742575780889367,0.8067499867230788,0.5283419649467775,71489,48202,112978,91145,"{""2512"": {""call_vol"": 53246, ""put_vol"": 38127, ""call_oi"": 55578, ""put_oi"": 49619}, ""2601"": {""call_vol"": 15486, ""put_vol"": 8456, ""call_oi"": 27300, ""put_oi"": 17262}, ""2602"": {""call_vol"": 750, ""put_vol"": 368, ""call_oi"": 1662, ""put_oi"": 1384}, ""2603"": {""call_vol"": 1691, ""put_vol"": 814, ""call_oi"": 17418, ""put_oi"": 12249}, ""2606"": {""call_vol"": 215, ""put_vol"": 261, ""call_oi"": 8035, ""put_oi"": 7381}, ""2609"": {""call_vol"": 101, ""put_vol"": 176, ""call_oi"": 2985, ""put_oi"": 3250}}",0.9851469235964748,1.0444785865749462,491548,484247,676258,706337,563037,532449,0.9456731973209576,789236,797482,1.0104480789016212,16.38,16.38,15.6,15.65,0.7,0.5833333333333334,1.0,0.5833333333333334,0.3,0.48333333333333334,0.25,0.2833333333333333,0.4,0.4,0.25,0.2833333333333333,0.4,0.35
20251216,4542.423,4553.081,4484.27,4497.555,16516520100,,1.5116452770833355,-1.1973699819422423,-54.50500000000011,,0.7920828054876312,0.746082024577522,1.1467857322888673,101829,80657,120598,89976,"{""2512"": {""call_vol"": 71196, ""put_vol"": 59059, ""call_oi"": 56524, ""put_oi"": 45539}, ""2601"": {""call_vol"": 23828, ""put_vol"": 17274, ""call_oi"": 32035, ""put_oi"": 19643}, ""2602"": {""call_vol"": 1180, ""put_vol"": 1043, ""call_oi"": 2174, ""put_oi"": 1588}, ""2603"": {""call_vol"": 3518, ""put_vol"": 1556, ""call_oi"": 18379, ""put_oi"": 12471}, ""2606"": {""call_vol"": 1485, ""put_vol"": 919, ""call_oi"": 8379, ""put_oi"": 7295}, ""2609"": {""call_vol"": 622, ""put_vol"": 806, ""call_oi"": 3107, ""put_oi"": 3440}}",1.282633862159513,0.9211908506172256,721283,925142,740815,682432,823112,1005799,1.2219467095607888,861413,772408,0.8966755783811018,15.83,16.8,15.77,16.34,0.95,0.9166666666666666,0.55,0.25,0.95,0.9833333333333333,1.0,0.9,0.25,0.18333333333333332,1.0,0.9,0.25,0.16666666666666666
20251217,4499.773,4594.656,4498.93,4579.875,17842483000,,2.1284008755868387,1.83032781144421,82.31999999999971,,0.6765859988118688,0.8100350242712054,0.6317495054169762,127932,86557,113921,92280,"{""2512"": {""call_vol"": 88459, ""put_vol"": 66069, ""call_oi"": 46575, ""put_oi"": 46186}, ""2601"": {""call_vol"": 30639, ""put_vol"": 16873, ""call_oi"": 33454, ""put_oi"": 20990}, ""2602"": {""call_vol"": 3128, ""put_vol"": 1430, ""call_oi"": 3240, ""put_oi"": 1750}, ""2603"": {""call_vol"": 4033, ""put_vol"": 1289, ""call_oi"": 18761, ""put_oi"": 12455}, ""2606"": {""call_vol"": 1135, ""put_vol"": 600, ""call_oi"": 8640, ""put_oi"": 7340}, ""2609"": {""call_vol"": 538, ""put_vol"": 296, ""call_oi"": 3251, ""put_oi"": 3559}}",1.1373621023728615,1.0772840903371246,821624,934484,655633,706303,949556,1021041,1.075282553109032,769554,798583,1.037721849278933,16.39,16.67,15.77,16.11,0.8,0.5833333333333334,1.0,0.6,0.65,0.6666666666666666,0.7,0.6833333333333333,0.6,0.5666666666666667,0.65,0.65,0.75,0.6333333333333333
20251218,4553.979,4571.968,4544.142,4552.793,15168132800,,0.6075711673353535,-0.5913261824831539,-27.082000000000335,,0.7111720294804962,0.7829900520763787,0.665895584710427,89008,63300,119824,93821,"{""2512"": {""call_vol"": 60765, ""put_vol"": 47568, ""call_oi"": 46416, ""put_oi"": 44276}, ""2601"": {""call_vol"": 23156, ""put_vol"": 13293, ""call_oi"": 38537, ""put_oi"": 24016}, ""2602"": {""call_vol"": 1220, ""put_vol"": 532, ""call_oi"": 3442, ""put_oi"": 1942}, ""2603"": {""call_vol"": 2298, ""put_vol"": 684, ""call_oi"": 18970, ""put_oi"": 12662}, ""2606"": {""call_vol"": 1192, ""put_vol"": 734, ""call_oi"": 9153, ""put_oi"": 7265}, ""2609"": {""call_vol"": 377, ""put_vol"": 489, ""call_oi"": 3306, ""put_oi"": 3660}}",0.9019221990348246,1.007479749341525,613360,553203,684916,690039,702368,616503,0.8777492710374049,804740,783860,0.9740537316400328,16.25,16.56,16.09,16.53,0.8,0.6666666666666666,0.7,0.4166666666666667,0.85,0.7833333333333333,0.15,0.15,0.3,0.31666666666666665,0.15,0.15,0.3,0.3
20251219,4561.373,4591.093,4546.847,4568.178,15487622000,,0.9718429983528812,0.3379244345174559,15.385000000000218,,0.6198071696648118,0.6544775007450084,0.4976249733797767,92724,57471,80536,52709,"{""2512"": {""call_vol"": 55381, ""put_vol"": 36902, ""call_oi"": 0, ""put_oi"": 0}, ""2601"": {""call_vol"": 32315, ""put_vol"": 18417, ""call_oi"": 44422, ""put_oi"": 26687}, ""2602"": {""call_vol"": 1319, ""put_vol"": 507, ""call_oi"": 3637, ""put_oi"": 2170}, ""2603"": {""call_vol"": 2783, ""put_vol"": 1060, ""call_oi"": 19624, ""put_oi"": 12739}, ""2606"": {""call_vol"": 619, ""put_vol"": 326, ""call_oi"": 9472, ""put_oi"": 7384}, ""2609"": {""call_vol"": 307, ""put_vol"": 259, ""call_oi"": 3381, ""put_oi"": 3729}}",0.8187851689449838,1.0397571293338066,671402,549734,676080,702959,764126,607205,0.7946398892329275,756616,755668,0.9987470526660817,16.74,16.74,15.66,15.68,0.25,0.21666666666666667,0.05,0.016666666666666666,0.2,0.36666666666666664,0.1,0.03333333333333333,0.3,0.4166666666666667,0.1,0.05,0.3,0.36666666666666664
20251222,4587.668,4615.872,4587.668,4611.624,16525285600,,0.6174015110619734,0.9510575113316433,43.44599999999991,,0.6896881576430075,0.6753196298650844,0.5633275584225033,41816,28840,84942,57363,"{""2601"": {""call_vol"": 35310, ""put_vol"": 23662, ""call_oi"": 46650, ""put_oi"": 29626}, ""2602"": {""call_vol"": 2040, ""put_vol"": 2491, ""call_oi"": 4514, ""put_oi"": 3273}, ""2603"": {""call_vol"": 3515, ""put_vol"": 1479, ""call_oi"": 20760, ""put_oi"": 13181}, ""2606"": {""call_vol"": 431, ""put_vol"": 344, ""call_oi"": 9550, ""put_oi"": 7381}, ""2609"": {""call_vol"": 312, ""put_vol"": 406, ""call_oi"": 3314, ""put_oi"": 3570}, ""2612"": {""call_vol"": 208, ""put_vol"": 458, ""call_oi"": 154, ""put_oi"": 332}}",0.8940537827311514,1.028228286918966,537905,480916,624232,641853,579721,509756,0.879312634870912,709174,699216,0.985958312064458,15.99,15.99,14.89,14.9,0.8,0.6,0.15,0.08333333333333333,0.5,0.5166666666666667,0.15,0.15,0.25,0.38333333333333336,0.25,0.18333333333333332,0.25,0.35
20251223,4616.026,4644.535,4607.799,4620.734,16925641200,,0.7965957328698062,0.19754429242280214,9.110000000000582,,0.6387546141676921,0.6891326342899191,0.5030148590901639,45512,29071,86976,59938,"{""2601"": {""call_vol"": 39097, ""put_vol"": 24763, ""call_oi"": 46965, ""put_oi"": 31345}, ""2602"": {""call_vol"": 2145, ""put_vol"": 1733, ""call_oi"": 5217, ""put_oi"": 3777}, ""2603"": {""call_vol"": 3057, ""put_vol"": 1391, ""call_oi"": 21427, ""put_oi"": 13608}, ""2606"": {""call_vol"": 582, ""put_vol"": 376, ""call_oi"": 9731, ""put_oi"": 7353}, ""2609"": {""call_vol"": 351, ""put_vol"": 537, ""call_oi"": 3337, ""put_oi"": 3346}, ""2612"": {""call_vol"": 280, ""put_vol"": 271, ""call_oi"": 299, ""put_oi"": 509}}",0.9220776763686449,1.09796827478603,528552,487366,619129,679784,574064,516437,0.899615722288804,706105,739722,1.0476090666402305,14.95,14.95,14.21,14.67,0.45,0.4,0.15,0.1,0.3,0.38333333333333336,0.3,0.18333333333333332,0.75,0.6833333333333333,0.3,0.23333333333333334,0.8,0.7
20251224,4623.683,4639.428,4602.144,4634.059,15371124100,,0.8068847936280177,0.2883740981411087,13.324999999999818,,0.5503891209961498,0.6797375665060005,0.4828518666266677,61035,33593,91909,62474,"{""2601"": {""call_vol"": 54044, ""put_vol"": 29180, ""call_oi"": 50669, ""put_oi"": 32672}, ""2602"": {""call_vol"": 2544, ""put_vol"": 1941, ""call_oi"": 5735, ""put_oi"": 4593}, ""2603"": {""call_vol"": 3392, ""put_vol"": 1424, ""call_oi"": 21930, ""put_oi"": 13897}, ""2606"": {""call_vol"": 606, ""put_vol"": 381, ""call_oi"": 9799, ""put_oi"": 7361}, ""2609"": {""call_vol"": 363, ""put_vol"": 524, ""call_oi"": 3411, ""put_oi"": 3350}, ""2612"": {""call_vol"": 86, ""put_vol"": 143, ""call_oi"": 365, ""put_oi"": 601}}",0.8303082125228342,0.9333699049067101,488851,405897,463019,432168,549886,439490,0.7992383875930648,554928,494642,0.8913624830608655,14.78,15.96,14.77,15.65,0.05,0.03333333333333333,0.15,0.1,0.15,0.2833333333333333,0.15,0.06666666666666667,0.1,0.2,0.15,0.06666666666666667,0.05,0.13333333333333333
20251225,4629.32,4651.154,4621.921,4642.536,13943418600,,0.6308292578924907,0.18292818455698523,8.476999999999862,,0.5043641903396362,0.6905068817830263,0.41038753995720134,55795,28141,96196,66424,"{""2601"": {""call_vol"": 47754, ""put_vol"": 24053, ""call_oi"": 53565, ""put_oi"": 35814}, ""2602"": {""call_vol"": 3876, ""put_vol"": 2138, ""call_oi"": 6425, ""put_oi"": 5257}, ""2603"": {""call_vol"": 2830, ""put_vol"": 1007, ""call_oi"": 22343, ""put_oi"": 14015}, ""2606"": {""call_vol"": 902, ""put_vol"": 659, ""call_oi"": 10013, ""put_oi"": 7309}, ""2609"": {""call_vol"": 280, ""put_vol"": 145, ""call_oi"": 3429, ""put_oi"": 3366}, ""2612"": {""call_vol"": 153, ""put_vol"": 139, ""call_oi"": 421, ""put_oi"": 663}}",0.7480760623537386,0.9252361466224981,390995,292494,508053,470069,446790,320635,0.7176413975245641,604249,536493,0.8878674188951906,15.66,15.86,15.2,15.24,0.05,0.016666666666666666,0.25,0.13333333333333333,0.1,0.18333333333333332,0.05,0.016666666666666666,0.1,0.2,0.05,0.016666666666666666,0.05,0.13333333333333333
20251226,4639.79,4676.131,4635.105,4657.24,17539656500,,0.8836980477911371,0.31672344597866164,14.703999999999724,,0.5039195712830506,0.7080764455574774,0.34361914782370173,90316,45512,94237,66727,"{""2601"": {""call_vol"": 79347, ""put_vol"": 39463, ""call_oi"": 50694, ""put_oi"": 35140}, ""2602"": {""call_vol"": 4774, ""put_vol"": 3055, ""call_oi"": 7206, ""put_oi"": 5956}, ""2603"": {""call_vol"": 4088, ""put_vol"": 1801, ""call_oi"": 22468, ""put_oi"": 14221}, ""2606"": {""call_vol"": 1248, ""put_vol"": 519, ""call_oi"": 10005, ""put_oi"": 7442}, ""2609"": {""call_vol"": 578, ""put_vol"": 471, ""call_oi"": 3408, ""put_oi"": 3284}, ""2612"": {""call_vol"": 281, ""put_vol"": 203, ""call_oi"": 456, ""put_oi"": 684}}",0.6718275736430845,0.9644635338664557,688897,462820,530835,511971,779213,508332,0.6523659127863627,625072,578698,0.9258101466711035,15.3,16.42,15.28,15.61,0.05,0.016666666666666666,0.3,0.2,0.1,0.1,0.05,0.016666666666666666,0.2,0.2833333333333333,0.05,0.016666666666666666,0.2,0.23333333333333334
20251229,4658.265,4672.035,4629.057,4639.372,20039713300,,0.9228212417655106,-0.3836607089177213,-17.867999999999483,,0.5385526913836763,0.7088733485479785,0.44694557381679145,61604,33177,95522,67713,"{""2601"": {""call_vol"": 53123, ""put_vol"": 28671, ""call_oi"": 50479, ""put_oi"": 35083}, ""2602"": {""call_vol"": 3532, ""put_vol"": 2048, ""call_oi"": 8332, ""put_oi"": 6478}, ""2603"": {""call_vol"": 3378, ""put_vol"": 1294, ""call_oi"": 22790, ""put_oi"": 14387}, ""2606"": {""call_vol"": 983, ""put_vol"": 619, ""call_oi"": 10105, ""put_oi"": 7610}, ""2609"": {""call_vol"": 299, ""put_vol"": 216, ""call_oi"": 3360, ""put_oi"": 3303}, ""2612"": {""call_vol"": 289, ""put_vol"": 329, ""call_oi"": 456, ""put_oi"": 852}}",0.8877585589422434,0.9237667998414989,413252,366868,550154,508214,474856,400045,0.8424553970045656,645676,575927,0.8919752321597829,16.14,16.42,15.79,16.03,0.15,0.05,0.35,0.21666666666666667,0.2,0.23333333333333334,0.3,0.15,0.1,0.2,0.3,0.15,0.15,0.16666666666666666
20251230,4617.316,4664.331,4616.632,4651.282,18037497400,,1.028134842388162,0.2567157796356856,11.909999999999854,,0.6119307248236049,0.7354619634078354,0.4828168660095835,60801,37206,98655,72557,"{""2601"": {""call_vol"": 53736, ""put_vol"": 33415, ""call_oi"": 52217, ""put_oi"": 39319}, ""2602"": {""call_vol"": 2965, ""put_vol"": 1213, ""call_oi"": 9093, ""put_oi"": 6822}, ""2603"": {""call_vol"": 3242, ""put_vol"": 1704, ""call_oi"": 23302, ""put_oi"": 14474}, ""2606"": {""call_vol"": 578, ""put_vol"": 442, ""call_oi"": 10163, ""put_oi"": 7735}, ""2609"": {""call_vol"": 164, ""put_vol"": 157, ""call_oi"": 3379, ""put_oi"": 3328}, ""2612"": {""call_vol"": 116, ""put_vol"": 275, ""call_oi"": 501, ""put_oi"": 879}}",0.8394753114149363,0.9447386561923296,378434,317686,557044,526261,439235,354892,0.8079775063462611,655699,598818,0.9132513546612089,16.23,16.75,16.22,16.43,0.4,0.25,0.45,0.3,0.3,0.2833333333333333,0.3,0.11666666666666667,0.25,0.26666666666666666,0.3,0.11666666666666667,0.25,0.25
20251231,4656.48,4667.047,4622.099,4629.94,17076022400,,0.9663572322641244,-0.4588412398990327,-21.342000000000553,,0.5680492251595259,0.723366359760964,0.5145158545969869,65820,37389,102746,74323,"{""2601"": {""call_vol"": 57170, ""put_vol"": 31938, ""call_oi"": 54576, ""put_oi"": 40056}, ""2602"": {""call_vol"": 4708, ""put_vol"": 3160, ""call_oi"": 10430, ""put_oi"": 7646}, ""2603"": {""call_vol"": 2827, ""put_vol"": 1256, ""call_oi"": 23628, ""put_oi"": 14637}, ""2606"": {""call_vol"": 694, ""put_vol"": 541, ""call_oi"": 10208, ""put_oi"": 7740}, ""2609"": {""call_vol"": 231, ""put_vol"": 289, ""call_oi"": 3344, ""put_oi"": 3322}, ""2612"": {""call_vol"": 190, ""put_vol"": 205, ""call_oi"": 560, ""put_oi"": 922}}",1.0423197289300867,0.8742978385376816,386321,402670,581597,508489,452141,440059,0.9732782472724216,684343,582812,0.8516372637697762,16.77,16.92,16.34,16.37,0.25,0.08333333333333333,0.4,0.26666666666666666,0.55,0.4,0.75,0.4666666666666667,0.05,0.11666666666666667,0.7,0.4166666666666667,0.05,0.08333333333333333
20260105,4661.616,4721.638,4661.616,4717.746,23414483900,,1.2963882901290285,1.896482459815907,87.8060000000005,,0.6082726332180293,0.7931568016614745,0.3336567248161704,95689,58205,96300,76381,"{""2601"": {""call_vol"": 80388, ""put_vol"": 47694, ""call_oi"": 47464, ""put_oi"": 40625}, ""2602"": {""call_vol"": 8009, ""put_vol"": 6060, ""call_oi"": 11375, ""put_oi"": 8798}, ""2603"": {""call_vol"": 5078, ""put_vol"": 2797, ""call_oi"": 23162, ""put_oi"": 14809}, ""2606"": {""call_vol"": 1457, ""put_vol"": 961, ""call_oi"": 10316, ""put_oi"": 7856}, ""2609"": {""call_vol"": 519, ""put_vol"": 511, ""call_oi"": 3308, ""put_oi"": 3324}, ""2612"": {""call_vol"": 238, ""put_vol"": 182, ""call_oi"": 675, ""put_oi"": 969}}",1.0179069199622905,1.0214813412983785,589772,600333,560114,572146,685461,658538,0.9607227836448755,656414,648527,0.9879847169621611,17.0,19.0,16.98,18.3,0.4,0.18333333333333332,0.8,0.6,0.05,0.03333333333333333,0.7,0.4,0.5,0.45,0.7,0.38333333333333336,0.55,0.4666666666666667
20260106,4719.209,4790.694,4718.01,4790.694,29697068600,,1.5406509803622364,1.546246872977064,72.94800000000032,,0.4919807186678352,0.8127346667082697,0.25434138980748805,136920,67362,96147,78142,"{""2601"": {""call_vol"": 112384, ""put_vol"": 51750, ""call_oi"": 46676, ""put_oi"": 40766}, ""2602"": {""call_vol"": 14885, ""put_vol"": 10651, ""call_oi"": 12674, ""put_oi"": 10286}, ""2603"": {""call_vol"": 7309, ""put_vol"": 2826, ""call_oi"": 22458, ""put_oi"": 14799}, ""2606"": {""call_vol"": 1582, ""put_vol"": 925, ""call_oi"": 10187, ""put_oi"": 7860}, ""2609"": {""call_vol"": 437, ""put_vol"": 513, ""call_oi"": 3361, ""put_oi"": 3410}, ""2612"": {""call_vol"": 323, ""put_vol"": 697, ""call_oi"": 791, ""put_oi"": 1021}}",0.7840725040198802,1.1103738561531014,855125,670480,559734,621514,992045,737842,0.7437585996602977,655881,699656,1.0667422901410468,21.88,22.53,21.0,22.53,0.05,0.016666666666666666,1.0,0.75,0.05,0.016666666666666666,0.2,0.06666666666666667,0.95,0.8,0.15,0.05,0.95,0.8
20260107,4796.934,4802.603,4751.071,4776.666,25909556400,,1.0756687861925673,-0.29281770031649446,-14.028000000000247,,0.5293879697423244,0.8260332873865904,0.3300453222611404,98884,52348,97214,80302,"{""2601"": {""call_vol"": 79979, ""put_vol"": 42741, ""call_oi"": 46012, ""put_oi"": 41725}, ""2602"": {""call_vol"": 11994, ""put_vol"": 5414, ""call_oi"": 14020, ""put_oi"": 11422}, ""2603"": {""call_vol"": 5496, ""put_vol"": 2976, ""call_oi"": 22666, ""put_oi"": 14755}, ""2606"": {""call_vol"": 860, ""put_vol"": 539, ""call_oi"": 10270, ""put_oi"": 7808}, ""2609"": {""call_vol"": 275, ""put_vol"": 431, ""call_oi"": 3416, ""put_oi"": 3483}, ""2612"": {""call_vol"": 280, ""put_vol"": 247, ""call_oi"": 830, ""put_oi"": 1109}}",0.6902899267123729,1.0479348314834662,651406,449659,591574,619931,750290,502007,0.6690839542043743,688788,700233,1.0166161431383822,18.46,20.0,17.12,17.83,0.2,0.06666666666666667,1.0,0.7833333333333333,0.1,0.05,0.1,0.03333333333333333,0.7,0.55,0.1,0.03333333333333333,0.7,0.5166666666666667
20260108,4761.011,4765.486,4717.009,4737.654,23880495700,,1.0148710418522011,-0.8167202814682861,-39.011999999999716,,0.4787832286011208,0.7587632723700828,0.4172844859059813,102961,49296,106895,81108,"{""2601"": {""call_vol"": 82489, ""put_vol"": 37423, ""call_oi"": 51229, ""put_oi"": 39983}, ""2602"": {""call_vol"": 13206, ""put_vol"": 7688, ""call_oi"": 17620, ""put_oi"": 13273}, ""2603"": {""call_vol"": 5204, ""put_vol"": 2281, ""call_oi"": 23342, ""put_oi"": 15107}, ""2606"": {""call_vol"": 1097, ""put_vol"": 913, ""call_oi"": 10451, ""put_oi"": 7989}, ""2609"": {""call_vol"": 463, ""put_vol"": 556, ""call_oi"": 3385, ""put_oi"": 3478}, ""2612"": {""call_vol"": 502, ""put_vol"": 435, ""call_oi"": 868, ""put_oi"": 1278}}",0.9104231285972565,0.9951009232080446,482312,439108,628894,625813,585273,488404,0.8344892041833469,735789,706921,0.9607659261010969,20.0,20.5,19.0,20.52,0.05,0.016666666666666666,0.55,0.4166666666666667,0.3,0.2,0.55,0.25,0.4,0.3333333333333333,0.4,0.18333333333333332,0.4,0.31666666666666665
20260109,4725.957,4771.428,4719.134,4758.922,25468803800,,1.1037952539379166,0.44891416722283584,21.26799999999912,,0.44159143658341937,0.7441738605279051,0.35628377635615327,136581,60313,112596,83791,"{""2601"": {""call_vol"": 109626, ""put_vol"": 47521, ""call_oi"": 53591, ""put_oi"": 40126}, ""2602"": {""call_vol"": 17060, ""put_vol"": 8001, ""call_oi"": 20077, ""put_oi"": 15085}, ""2603"": {""call_vol"": 7073, ""put_vol"": 2956, ""call_oi"": 24058, ""put_oi"": 15637}, ""2606"": {""call_vol"": 1717, ""put_vol"": 699, ""call_oi"": 10360, ""put_oi"": 8023}, ""2609"": {""call_vol"": 361, ""put_vol"": 351, ""call_oi"": 3407, ""put_oi"": 3525}, ""2612"": {""call_vol"": 744, ""put_vol"": 785, ""call_oi"": 1103, ""put_oi"": 1395}}",0.8611908111444164,1.0436014395257003,701589,604202,639933,667835,838170,664515,0.7928164930741973,752529,751626,0.998800046244065,20.3,20.8,20.0,20.3,0.05,0.016666666666666666,0.5,0.38333333333333336,0.25,0.11666666666666667,0.4,0.18333333333333332,0.7,0.5,0.25,0.1,0.7,0.4666666666666667
20260112,4769.65,4795.933,4737.57,4789.916,29483316500,,1.226391186911664,0.6512819499878475,30.994000000000597,,0.4114919053225187,0.7572076587213945,0.27789111163726293,153743,63264,117722,89140,"{""2601"": {""call_vol"": 112063, ""put_vol"": 46246, ""call_oi"": 51964, ""put_oi"": 41286}, ""2602"": {""call_vol"": 26191, ""put_vol"": 10615, ""call_oi"": 24975, ""put_oi"": 18189}, ""2603"": {""call_vol"": 10539, ""put_vol"": 4299, ""call_oi"": 25072, ""put_oi"": 16429}, ""2606"": {""call_vol"": 3635, ""put_vol"": 1033, ""call_oi"": 11074, ""put_oi"": 8055}, ""2609"": {""call_vol"": 872, ""put_vol"": 587, ""call_oi"": 3411, ""put_oi"": 3736}, ""2612"": {""call_vol"": 443, ""put_vol"": 484, ""call_oi"": 1226, ""put_oi"": 1445}}",0.7410357704742311,0.9950935041660848,925456,685796,687456,684083,1079199,749060,0.6940888566427508,805178,773223,0.96031312330938,19.98,22.97,19.81,21.75,0.05,0.016666666666666666,0.6,0.4166666666666667,0.1,0.03333333333333333,0.15,0.05,0.4,0.3,0.15,0.05,0.4,0.3
20260113,4798.049,4836.955,4745.515,4761.032,30144949700,,1.909010512919216,-0.6030168378735712,-28.884000000000015,,0.3662324212362368,0.7768064366393316,0.23831527759715612,183460,67189,116334,90369,"{""2601"": {""call_vol"": 135734, ""put_vol"": 49096, ""call_oi"": 46309, ""put_oi"": 40092}, ""2602"": {""call_vol"": 33199, ""put_vol"": 12857, ""call_oi"": 28334, ""put_oi"": 19772}, ""2603"": {""call_vol"": 10838, ""put_vol"": 3055, ""call_oi"": 25396, ""put_oi"": 16903}, ""2606"": {""call_vol"": 2629, ""put_vol"": 1066, ""call_oi"": 11587, ""put_oi"": 8212}, ""2609"": {""call_vol"": 618, ""put_vol"": 774, ""call_oi"": 3496, ""put_oi"": 3833}, ""2612"": {""call_vol"": 442, ""put_vol"": 341, ""call_oi"": 1212, ""put_oi"": 1557}}",0.6799301282875747,0.9567539755186509,1002981,681957,703556,673130,1186441,749146,0.6314228857566453,819890,763499,0.9312212613887229,23.09,25.81,20.61,24.52,0.05,0.016666666666666666,0.7,0.5,0.05,0.016666666666666666,0.1,0.03333333333333333,0.35,0.23333333333333334,0.05,0.016666666666666666,0.4,0.23333333333333334
20260114,4767.696,4818.101,4720.246,4741.931,36495102300,,2.0553317011941856,-0.4011945309336462,-19.101000000000568,,0.5620750269891421,0.7513260583127809,0.35850053549485633,176923,99444,118396,88954,"{""2601"": {""call_vol"": 122866, ""put_vol"": 77176, ""call_oi"": 43233, ""put_oi"": 36549}, ""2602"": {""call_vol"": 36933, ""put_vol"": 16516, ""call_oi"": 32733, ""put_oi"": 21715}, ""2603"": {""call_vol"": 12736, ""put_vol"": 3549, ""call_oi"": 25727, ""put_oi"": 16882}, ""2606"": {""call_vol"": 2975, ""put_vol"": 1310, ""call_oi"": 11807, ""put_oi"": 8217}, ""2609"": {""call_vol"": 917, ""put_vol"": 617, ""call_oi"": 3521, ""put_oi"": 3943}, ""2612"": {""call_vol"": 496, ""put_vol"": 276, ""call_oi"": 1375, ""put_oi"": 1648}}",0.8349259196108872,0.9213066298342542,1114330,930383,724000,667026,1291253,1029827,0.797540838240066,842396,755980,0.897416416982037,21.9,22.1,18.62,20.5,0.55,0.18333333333333332,0.6,0.38333333333333336,0.4,0.16666666666666666,0.45,0.18333333333333332,0.15,0.13333333333333333,0.45,0.18333333333333332,0.3,0.18333333333333332
20260115,4721.797,4769.548,4720.937,4751.429,25400363600,,1.025130901314251,0.20029814858124606,9.498000000000502,,0.5392718328107103,0.748733956531124,0.38982897185129983,106514,57440,120454,90188,"{""2601"": {""call_vol"": 66473, ""put_vol"": 41855, ""call_oi"": 39512, ""put_oi"": 35768}, ""2602"": {""call_vol"": 28539, ""put_vol"": 12151, ""call_oi"": 35917, ""put_oi"": 23036}, ""2603"": {""call_vol"": 8820, ""put_vol"": 2469, ""call_oi"": 27487, ""put_oi"": 17338}, ""2606"": {""call_vol"": 2014, ""put_vol"": 651, ""call_oi"": 12493, ""put_oi"": 8372}, ""2609"": {""call_vol"": 401, ""put_vol"": 161, ""call_oi"": 3605, ""put_oi"": 3987}, ""2612"": {""call_vol"": 267, ""put_vol"": 153, ""call_oi"": 1440, ""put_oi"": 1687}}",0.8218237746623016,0.9127486351961068,687892,565326,738934,674461,794406,622766,0.7839391948197773,859388,764649,0.8897599221771773,19.65,20.05,16.74,16.81,0.5,0.16666666666666666,0.55,0.38333333333333336,0.45,0.21666666666666667,0.4,0.16666666666666666,0.1,0.1,0.35,0.13333333333333333,0.15,0.1
20260116,4778.43,4792.551,4715.365,4731.873,32527892900,,1.624479709156984,-0.41158144213037096,-19.556000000000495,,0.5781843990145372,0.670176322995314,0.35795888716595453,122582,70875,87283,58495,"{""2601"": {""call_vol"": 70853, ""put_vol"": 46777, ""call_oi"": 0, ""put_oi"": 0}, ""2602"": {""call_vol"": 41297, ""put_vol"": 20326, ""call_oi"": 41093, ""put_oi"": 26539}, ""2603"": {""call_vol"": 7926, ""put_vol"": 2682, ""call_oi"": 28151, ""put_oi"": 17712}, ""2606"": {""call_vol"": 1811, ""put_vol"": 658, ""call_oi"": 12891, ""put_oi"": 8429}, ""2609"": {""call_vol"": 447, ""put_vol"": 216, ""call_oi"": 3631, ""put_oi"": 4037}, ""2612"": {""call_vol"": 248, ""put_vol"": 216, ""call_oi"": 1517, ""put_oi"": 1778}}",0.8674660369680061,0.8655947320053156,783867,679978,756265,654619,906449,750853,0.8283455550174361,843548,713114,0.8453745370743574,17.23,17.47,15.97,16.36,0.7,0.25,0.1,0.08333333333333333,0.4,0.16666666666666666,0.65,0.26666666666666666,0.05,0.06666666666666667,0.65,0.25,0.05,0.06666666666666667
20260119,4720.195,4761.632,4715.087,4734.456,26761249200,,0.9836485467805068,0.05458726385938473,2.5830000000005384,,0.5522115489974068,0.676454553384508,0.4796924959326074,54758,30238,91712,62039,"{""2602"": {""call_vol"": 44286, ""put_vol"": 24218, ""call_oi"": 44061, ""put_oi"": 29072}, ""2603"": {""call_vol"": 7515, ""put_vol"": 3893, ""call_oi"": 28844, ""put_oi"": 18251}, ""2604"": {""call_vol"": 315, ""put_vol"": 150, ""call_oi"": 184, ""put_oi"": 131}, ""2606"": {""call_vol"": 1541, ""put_vol"": 1075, ""call_oi"": 13274, ""put_oi"": 8552}, ""2609"": {""call_vol"": 603, ""put_vol"": 444, ""call_oi"": 3746, ""put_oi"": 4173}, ""2612"": {""call_vol"": 498, ""put_vol"": 458, ""call_oi"": 1603, ""put_oi"": 1860}}",1.0656140685570066,0.9026839824584483,639497,681457,767777,693060,694255,711695,1.0251204528595401,859489,755099,0.8785441116756585,18.62,18.98,16.5,16.53,0.6,0.2,0.2,0.11666666666666667,0.7,0.4,1.0,0.6333333333333333,0.15,0.1,1.0,0.6333333333333333,0.15,0.1
20260120,4736.91,4748.23,4684.968,4718.878,28271957900,,1.3362042017076452,-0.32903463460216553,-15.57800000000043,,0.5223886825522681,0.6699241873507114,0.529095986970463,71889,37554,96290,64507,"{""2602"": {""call_vol"": 59174, ""put_vol"": 31504, ""call_oi"": 47048, ""put_oi"": 30383}, ""2603"": {""call_vol"": 8846, ""put_vol"": 3769, ""call_oi"": 29502, ""put_oi"": 18883}, ""2604"": {""call_vol"": 293, ""put_vol"": 91, ""call_oi"": 292, ""put_oi"": 183}, ""2606"": {""call_vol"": 2614, ""put_vol"": 1425, ""call_oi"": 14024, ""put_oi"": 8762}, ""2609"": {""call_vol"": 529, ""put_vol"": 282, ""call_oi"": 3837, ""put_oi"": 4243}, ""2612"": {""call_vol"": 433, ""put_vol"": 483, ""call_oi"": 1587, ""put_oi"": 2053}}",1.0354072699377608,0.9069827646025824,758686,785549,749388,679682,830575,823103,0.9910038226529814,845678,744189,0.8799909658286015,16.77,16.77,15.53,15.56,0.4,0.13333333333333333,0.05,0.08333333333333333,0.95,0.5833333333333334,0.9,0.55,0.2,0.11666666666666667,0.95,0.5833333333333334,0.2,0.11666666666666667
20260121,4714.554,4758.279,4714.237,4723.069,26635333200,,0.9333150804068334,0.08881348490044072,4.191000000000713,,0.5047487820481276,0.6759866905554134,0.4094850174118203,60963,30771,97675,66027,"{""2602"": {""call_vol"": 50991, ""put_vol"": 25299, ""call_oi"": 46917, ""put_oi"": 30846}, ""2603"": {""call_vol"": 7069, ""put_vol"": 3324, ""call_oi"": 30286, ""put_oi"": 19263}, ""2604"": {""call_vol"": 424, ""put_vol"": 290, ""call_oi"": 490, ""put_oi"": 321}, ""2606"": {""call_vol"": 1627, ""put_vol"": 1323, ""call_oi"": 14347, ""put_oi"": 9067}, ""2609"": {""call_vol"": 451, ""put_vol"": 323, ""call_oi"": 3930, ""put_oi"": 4381}, ""2612"": {""call_vol"": 401, ""put_vol"": 212, ""call_oi"": 1705, ""put_oi"": 2149}}",0.8924159280388645,0.902263423688459,699044,623838,773651,698037,760007,654609,0.8613196983711993,871326,764064,0.8768979693019605,15.79,16.22,15.56,16.09,0.4,0.13333333333333333,0.15,0.13333333333333333,0.55,0.25,0.7,0.2833333333333333,0.15,0.1,0.75,0.3,0.15,0.1
20260122,4741.755,4757.764,4700.448,4723.709,27419993200,,1.213532980356624,0.013550511330651105,0.6399999999994179,,0.624533735335614,0.6719764531017758,0.5648336037418498,51741,32314,102264,68719,"{""2602"": {""call_vol"": 41703, ""put_vol"": 26686, ""call_oi"": 49903, ""put_oi"": 32192}, ""2603"": {""call_vol"": 6189, ""put_vol"": 2817, ""call_oi"": 31063, ""put_oi"": 19574}, ""2604"": {""call_vol"": 885, ""put_vol"": 821, ""call_oi"": 778, ""put_oi"": 539}, ""2606"": {""call_vol"": 1830, ""put_vol"": 1072, ""call_oi"": 14739, ""put_oi"": 9500}, ""2609"": {""call_vol"": 623, ""put_vol"": 516, ""call_oi"": 4064, ""put_oi"": 4586}, ""2612"": {""call_vol"": 511, ""put_vol"": 402, ""call_oi"": 1717, ""put_oi"": 2328}}",1.035608303627595,0.8731519055232853,596125,617352,790544,690265,647866,649666,1.0027783523135958,892808,758984,0.8501088699922044,16.13,16.43,15.76,15.76,1.0,0.5,0.15,0.11666666666666667,1.0,0.6333333333333333,0.9,0.55,0.1,0.08333333333333333,0.95,0.6,0.1,0.08333333333333333
20260123,4729.585,4734.794,4684.617,4702.497,31463544500,,1.0622373224091426,-0.44905391081456747,-21.211999999999534,,0.5294884653961885,0.6644708747126541,0.5189525180707435,79760,42232,110059,73131,"{""2602"": {""call_vol"": 64355, ""put_vol"": 34810, ""call_oi"": 54710, ""put_oi"": 34625}, ""2603"": {""call_vol"": 9837, ""put_vol"": 4562, ""call_oi"": 32967, ""put_oi"": 20615}, ""2604"": {""call_vol"": 873, ""put_vol"": 458, ""call_oi"": 1173, ""put_oi"": 742}, ""2606"": {""call_vol"": 3639, ""put_vol"": 1455, ""call_oi"": 15223, ""put_oi"": 9995}, ""2609"": {""call_vol"": 592, ""put_vol"": 442, ""call_oi"": 4175, ""put_oi"": 4683}, ""2612"": {""call_vol"": 464, ""put_vol"": 505, ""call_oi"": 1811, ""put_oi"": 2471}}",1.0334287411567749,0.8619977881605349,685129,708032,832791,717864,764889,750264,0.9808795786055231,942850,790995,0.8389404465185343,15.97,17.88,15.82,17.78,0.55,0.18333333333333332,0.05,0.06666666666666667,0.9,0.5166666666666667,0.8,0.5166666666666667,0.05,0.06666666666666667,0.85,0.5,0.05,0.06666666666666667
20260126,4715.375,4754.178,4693.158,4706.964,36300448100,,1.2976084833227863,0.09499208611933874,4.4669999999996435,,0.4222348396865134,0.6732016353575583,0.385719380015452,116241,49081,113492,76403,"{""2602"": {""call_vol"": 95884, ""put_vol"": 39906, ""call_oi"": 57167, ""put_oi"": 36964}, ""2603"": {""call_vol"": 13981, ""put_vol"": 5191, ""call_oi"": 33638, ""put_oi"": 21376}, ""2604"": {""call_vol"": 1091, ""put_vol"": 618, ""call_oi"": 1168, ""put_oi"": 823}, ""2606"": {""call_vol"": 3486, ""put_vol"": 2150, ""call_oi"": 15386, ""put_oi"": 9721}, ""2609"": {""call_vol"": 1084, ""put_vol"": 600, ""call_oi"": 4319, ""put_oi"": 4915}, ""2612"": {""call_vol"": 715, ""put_vol"": 616, ""call_oi"": 1814, ""put_oi"": 2604}}",0.8701205670282044,0.9031599335560957,999527,869709,779605,704108,1115768,918790,0.8234597156398105,893097,780511,0.873937545417799,18.55,20.4,18.55,19.22,0.15,0.05,0.25,0.15,0.5,0.2,0.55,0.25,0.35,0.16666666666666666,0.5,0.23333333333333334,0.25,0.13333333333333333
20260127,4705.174,4736.986,4675.641,4705.692,30147569700,,1.3032816907033973,-0.027023788582192232,-1.2719999999999345,,0.4191097412371873,0.652695371020847,0.3834508128029857,83706,35082,118147,77114,"{""2602"": {""call_vol"": 67343, ""put_vol"": 29455, ""call_oi"": 59711, ""put_oi"": 36895}, ""2603"": {""call_vol"": 10903, ""put_vol"": 3681, ""call_oi"": 34840, ""put_oi"": 22021}, ""2604"": {""call_vol"": 842, ""put_vol"": 497, ""call_oi"": 1571, ""put_oi"": 1041}, ""2606"": {""call_vol"": 3812, ""put_vol"": 1011, ""call_oi"": 15810, ""put_oi"": 9558}, ""2609"": {""call_vol"": 502, ""put_vol"": 242, ""call_oi"": 4355, ""put_oi"": 4963}, ""2612"": {""call_vol"": 304, ""put_vol"": 196, ""call_oi"": 1860, ""put_oi"": 2636}}",0.8942977564106983,0.8795273509758768,725311,648644,794670,698934,809017,683726,0.8451318081078643,912817,776048,0.8501682155349868,19.37,19.4,17.86,17.94,0.15,0.05,0.05,0.016666666666666666,0.45,0.2,0.65,0.31666666666666665,0.25,0.13333333333333333,0.65,0.3,0.2,0.11666666666666667
20260128,4725.601,4739.626,4697.906,4717.991,38225560200,,0.8865858623981393,0.26136432218684114,12.298999999999978,,0.5101563618432564,0.6451867203055792,0.41961264925838015,62867,32072,123045,79387,"{""2602"": {""call_vol"": 52909, ""put_vol"": 26100, ""call_oi"": 62615, ""put_oi"": 37698}, ""2603"": {""call_vol"": 6325, ""put_vol"": 3600, ""call_oi"": 35925, ""put_oi"": 22916}, ""2604"": {""call_vol"": 1105, ""put_vol"": 886, ""call_oi"": 1940, ""put_oi"": 1355}, ""2606"": {""call_vol"": 1645, ""put_vol"": 933, ""call_oi"": 16045, ""put_oi"": 9694}, ""2609"": {""call_vol"": 558, ""put_vol"": 374, ""call_oi"": 4519, ""put_oi"": 5031}, ""2612"": {""call_vol"": 325, ""put_vol"": 179, ""call_oi"": 2001, ""put_oi"": 2693}}",0.9139331240721568,0.888535404954532,730188,667343,606031,538480,793055,699415,0.881924961068274,729076,617867,0.8474658334659213,18.16,18.36,17.89,18.17,0.45,0.18333333333333332,0.05,0.016666666666666666,0.7,0.31666666666666665,0.7,0.38333333333333336,0.3,0.15,0.7,0.38333333333333336,0.15,0.1
20260129,4733.088,4770.96,4696.054,4753.87,41551305500,,1.5876672931338771,0.7604719890309308,35.878999999999905,,0.4805770877709216,0.6518178217821782,0.3557861572130783,91078,43770,126250,82292,"{""2602"": {""call_vol"": 75579, ""put_vol"": 35532, ""call_oi"": 65138, ""put_oi"": 39194}, ""2603"": {""call_vol"": 11380, ""put_vol"": 5347, ""call_oi"": 36447, ""put_oi"": 23764}, ""2604"": {""call_vol"": 1095, ""put_vol"": 1019, ""call_oi"": 1927, ""put_oi"": 1683}, ""2606"": {""call_vol"": 2465, ""put_vol"": 1495, ""call_oi"": 16179, ""put_oi"": 9871}, ""2609"": {""call_vol"": 304, ""put_vol"": 231, ""call_oi"": 4521, ""put_oi"": 5067}, ""2612"": {""call_vol"": 255, ""put_vol"": 146, ""call_oi"": 2038, ""put_oi"": 2713}}",0.7709038102938992,0.8952678430549534,727188,560592,652789,584421,818266,604362,0.7385886740986427,779039,666713,0.8558146639641918,18.5,18.5,17.44,17.95,0.35,0.11666666666666667,0.1,0.03333333333333333,0.3,0.13333333333333333,0.2,0.1,0.35,0.16666666666666666,0.2,0.1,0.35,0.16666666666666666
20260130,4723.081,4738.871,4645.471,4706.34,31978653100,,1.964715063727038,-0.9998169912092569,-47.529999999999745,,0.643087328426497,0.6282781517468247,0.5105980016402236,100540,64656,131324,82508,"{""2602"": {""call_vol"": 79177, ""put_vol"": 53350, ""call_oi"": 66952, ""put_oi"": 37716}, ""2603"": {""call_vol"": 15553, ""put_vol"": 6470, ""call_oi"": 38718, ""put_oi"": 24550}, ""2604"": {""call_vol"": 1419, ""put_vol"": 1900, ""call_oi"": 2160, ""put_oi"": 2063}, ""2606"": {""call_vol"": 3078, ""put_vol"": 2014, ""call_oi"": 16664, ""put_oi"": 10164}, ""2609"": {""call_vol"": 669, ""put_vol"": 423, ""call_oi"": 4695, ""put_oi"": 5148}, ""2612"": {""call_vol"": 644, ""put_vol"": 499, ""call_oi"": 2135, ""put_oi"": 2867}}",0.9376166329175671,0.8235205831903946,705204,661211,699600,576135,805744,725867,0.90086553545543,830924,658643,0.7926633482725255,18.19,20.11,17.42,18.09,1.0,0.7166666666666667,0.05,0.016666666666666666,0.85,0.5333333333333333,0.75,0.43333333333333335,0.05,0.05,0.75,0.4666666666666667,0.05,0.05
20260202,4674.276,4716.607,4601.76,4605.98,30477350000,,2.4402614345754823,-2.1324426199552216,-100.36000000000058,,0.7719647542908485,0.6031503298943908,0.8294410767013802,97941,75607,139287,84011,"{""2602"": {""call_vol"": 74451, ""put_vol"": 58035, ""call_oi"": 70807, ""put_oi"": 37835}, ""2603"": {""call_vol"": 15716, ""put_vol"": 11323, ""call_oi"": 41826, ""put_oi"": 25085}, ""2604"": {""call_vol"": 1235, ""put_vol"": 1493, ""call_oi"": 2109, ""put_oi"": 2249}, ""2606"": {""call_vol"": 4453, ""put_vol"": 3312, ""call_oi"": 17436, ""put_oi"": 10603}, ""2609"": {""call_vol"": 1242, ""put_vol"": 783, ""call_oi"": 4744, ""put_oi"": 5167}, ""2612"": {""call_vol"": 844, ""put_vol"": 661, ""call_oi"": 2365, ""put_oi"": 3072}}",0.9985710863373591,0.6903224427764949,826502,825321,795521,549166,924443,900928,0.9745630612163216,934808,633177,0.6773337412602374,25.77,27.87,25.65,27.31,1.0,0.9666666666666667,0.05,0.016666666666666666,1.0,0.9166666666666666,0.8,0.5166666666666667,0.05,0.016666666666666666,0.8,0.55,0.05,0.016666666666666666
20260203,4648.357,4662.126,4578.209,4660.107,26554940500,,1.8219141203392193,1.1751462229536491,54.12700000000041,,0.7240296913794656,0.6127679800229849,0.8238251798655358,77733,56281,140962,86377,"{""2602"": {""call_vol"": 57445, ""put_vol"": 40889, ""call_oi"": 70142, ""put_oi"": 38439}, ""2603"": {""call_vol"": 13189, ""put_vol"": 10008, ""call_oi"": 43010, ""put_oi"": 26148}, ""2604"": {""call_vol"": 1152, ""put_vol"": 725, ""call_oi"": 2309, ""put_oi"": 2194}, ""2606"": {""call_vol"": 4487, ""put_vol"": 3594, ""call_oi"": 18031, ""put_oi"": 11153}, ""2609"": {""call_vol"": 861, ""put_vol"": 639, ""call_oi"": 5001, ""put_oi"": 5255}, ""2612"": {""call_vol"": 599, ""put_vol"": 426, ""call_oi"": 2469, ""put_oi"": 3188}}",0.898786545438423,0.7763164323570935,654083,587881,777746,603777,731816,644162,0.8802239907299102,918708,690154,0.7512223688048869,26.42,26.42,24.02,24.08,0.95,0.9166666666666666,0.1,0.03333333333333333,0.95,0.9,0.6,0.35,0.1,0.05,0.65,0.4,0.1,0.03333333333333333
20260204,4647.967,4701.477,4641.842,4698.683,26488103200,,1.2796916465652015,0.8277921515535969,38.57600000000002,,0.5673054967804789,0.6346729868845785,0.6829555441993377,65693,37268,137548,87298,"{""2602"": {""call_vol"": 51080, ""put_vol"": 28480, ""call_oi"": 64731, ""put_oi"": 38048}, ""2603"": {""call_vol"": 10172, ""put_vol"": 5612, ""call_oi"": 44201, ""put_oi"": 26693}, ""2604"": {""call_vol"": 1158, ""put_vol"": 677, ""call_oi"": 2407, ""put_oi"": 2339}, ""2606"": {""call_vol"": 2359, ""put_vol"": 1731, ""call_oi"": 18546, ""put_oi"": 11539}, ""2609"": {""call_vol"": 556, ""put_vol"": 471, ""call_oi"": 5093, ""put_oi"": 5412}, ""2612"": {""call_vol"": 368, ""put_vol"": 297, ""call_oi"": 2570, ""put_oi"": 3267}}",0.8911227255129694,0.8313281821729208,516600,460354,761123,632743,582293,497622,0.8545903866266639,898671,720041,0.8012287032740569,23.97,23.97,22.2,22.64,0.75,0.35,0.2,0.06666666666666667,0.9,0.8666666666666667,0.45,0.3,0.2,0.1,0.55,0.3333333333333333,0.2,0.1
20260205,4664.748,4687.021,4639.43,4670.419,23785635100,,1.012858283906351,-0.6015302585852256,-28.264000000000124,,0.6855937869670319,0.626315227830541,0.6910223894306672,58329,39990,140565,88038,"{""2602"": {""call_vol"": 44103, ""put_vol"": 31558, ""call_oi"": 65925, ""put_oi"": 37890}, ""2603"": {""call_vol"": 9976, ""put_vol"": 4804, ""call_oi"": 44904, ""put_oi"": 26939}, ""2604"": {""call_vol"": 1189, ""put_vol"": 1128, ""call_oi"": 2634, ""put_oi"": 2490}, ""2606"": {""call_vol"": 2212, ""put_vol"": 1656, ""call_oi"": 19256, ""put_oi"": 11978}, ""2609"": {""call_vol"": 403, ""put_vol"": 528, ""call_oi"": 5205, ""put_oi"": 5433}, ""2612"": {""call_vol"": 446, ""put_vol"": 316, ""call_oi"": 2641, ""put_oi"": 3308}}",0.9675837703920768,0.7749226166365714,521097,504205,792483,614113,579426,544195,0.9391967222734223,933048,702151,0.7525347034664883,25.12,25.14,24.67,24.78,0.9,0.8,0.15,0.05,0.9,0.8666666666666667,0.75,0.5166666666666667,0.1,0.05,0.75,0.5333333333333333,0.15,0.05
20260206,4622.975,4678.262,4606.638,4643.596,20271647700,,1.5335669026697563,-0.5743167797150561,-26.82300000000032,,0.6530869324473976,0.6249487451396253,0.7108085005352439,72240,47179,141450,88399,"{""2602"": {""call_vol"": 50984, ""put_vol"": 36925, ""call_oi"": 63878, ""put_oi"": 37028}, ""2603"": {""call_vol"": 16169, ""put_vol"": 6242, ""call_oi"": 47109, ""put_oi"": 27537}, ""2604"": {""call_vol"": 933, ""put_vol"": 537, ""call_oi"": 2603, ""put_oi"": 2512}, ""2606"": {""call_vol"": 2925, ""put_vol"": 2252, ""call_oi"": 19851, ""put_oi"": 12531}, ""2609"": {""call_vol"": 696, ""put_vol"": 584, ""call_oi"": 5251, ""put_oi"": 5519}, ""2612"": {""call_vol"": 533, ""put_vol"": 639, ""call_oi"": 2758, ""put_oi"": 3272}}",0.9488746139686307,0.7952446821395106,525864,498979,784385,623778,598104,546158,0.9131488838061608,925835,712177,0.7692266980617497,18.19,20.11,17.42,18.09,0.85,0.75,0.15,0.05,0.9,0.8666666666666667,0.7,0.5166666666666667,0.2,0.08333333333333333,0.7,0.5166666666666667,0.2,0.08333333333333333
20260209,4693.672,4719.964,4679.904,4719.056,20725193800,,0.8626934815173305,1.6250337023289818,75.46000000000004,,0.5766086424559257,0.6428623510711213,0.46391881151722353,53943,31104,137146,88166,"{""2602"": {""call_vol"": 39484, ""put_vol"": 22912, ""call_oi"": 58817, ""put_oi"": 35355}, ""2603"": {""call_vol"": 11246, ""put_vol"": 5949, ""call_oi"": 47416, ""put_oi"": 28760}, ""2604"": {""call_vol"": 853, ""put_vol"": 552, ""call_oi"": 2721, ""put_oi"": 2450}, ""2606"": {""call_vol"": 1774, ""put_vol"": 1226, ""call_oi"": 20143, ""put_oi"": 12757}, ""2609"": {""call_vol"": 339, ""put_vol"": 245, ""call_oi"": 5245, ""put_oi"": 5533}, ""2612"": {""call_vol"": 247, ""put_vol"": 220, ""call_oi"": 2804, ""put_oi"": 3311}}",0.8919846540274576,0.853118017220393,465008,414780,735291,627290,518951,445884,0.8592025065950349,872437,715456,0.8200660907320528,24.14,24.14,23.98,23.98,0.65,0.38333333333333336,0.35,0.11666666666666667,0.5,0.3333333333333333,0.4,0.31666666666666665,0.35,0.16666666666666666,0.45,0.35,0.35,0.16666666666666666
20260210,4718.255,4732.087,4713.868,4724.296,18700095800,,0.386072977307327,0.11103915698396083,5.240000000000691,,0.6058348702962946,0.6582960439902936,0.5014534497775939,41749,25293,134757,88710,"{""2602"": {""call_vol"": 30937, ""put_vol"": 17498, ""call_oi"": 54461, ""put_oi"": 34510}, ""2603"": {""call_vol"": 8784, ""put_vol"": 5714, ""call_oi"": 48953, ""put_oi"": 29649}, ""2604"": {""call_vol"": 558, ""put_vol"": 567, ""call_oi"": 2924, ""put_oi"": 2518}, ""2606"": {""call_vol"": 1215, ""put_vol"": 1163, ""call_oi"": 20318, ""put_oi"": 13129}, ""2609"": {""call_vol"": 124, ""put_vol"": 187, ""call_oi"": 5239, ""put_oi"": 5545}, ""2612"": {""call_vol"": 131, ""put_vol"": 164, ""call_oi"": 2862, ""put_oi"": 3359}}",1.201511186029662,0.8632348850305658,338145,406285,736935,636148,379894,431578,1.1360484766803371,871692,724858,0.83155288794666,23.95,23.95,22.73,22.73,0.7,0.45,0.55,0.2,0.55,0.4666666666666667,1.0,0.9333333333333333,0.45,0.2,1.0,0.9333333333333333,0.4,0.18333333333333332
20260211,4715.67,4723.704,4703.687,4713.819,17339168100,,0.42370334119622954,-0.2217684920673868,-10.476999999999862,,0.5391579105750182,0.6454730304262635,0.4240193163991412,39877,21500,135245,87297,"{""2602"": {""call_vol"": 26249, ""put_vol"": 14434, ""call_oi"": 52552, ""put_oi"": 32485}, ""2603"": {""call_vol"": 10781, ""put_vol"": 5222, ""call_oi"": 50317, ""put_oi"": 29788}, ""2604"": {""call_vol"": 423, ""put_vol"": 570, ""call_oi"": 2997, ""put_oi"": 2534}, ""2606"": {""call_vol"": 1802, ""put_vol"": 936, ""call_oi"": 21018, ""put_oi"": 13490}, ""2609"": {""call_vol"": 162, ""put_vol"": 108, ""call_oi"": 5255, ""put_oi"": 5549}, ""2612"": {""call_vol"": 460, ""put_vol"": 230, ""call_oi"": 3106, ""put_oi"": 3451}}",1.4491228756380419,0.8368104575163399,255665,370490,726750,608152,295542,391990,1.3263427871503881,861995,695449,0.80679006258737,18.46,20.0,17.12,17.83,0.4,0.2833333333333333,0.45,0.15,0.4,0.31666666666666665,1.0,1.0,0.35,0.15,1.0,1.0,0.35,0.15
20260212,4720.009,4726.043,4707.736,4719.578,19784143900,,0.3883687515367007,0.1221727011580187,5.7590000000000146,,0.4937035572299815,0.6293650268645308,0.407264967047266,48043,23719,136053,85627,"{""2602"": {""call_vol"": 29756, ""put_vol"": 15193, ""call_oi"": 49105, ""put_oi"": 29827}, ""2603"": {""call_vol"": 15262, ""put_vol"": 6455, ""call_oi"": 53769, ""put_oi"": 30216}, ""2604"": {""call_vol"": 758, ""put_vol"": 546, ""call_oi"": 3134, ""put_oi"": 2724}, ""2606"": {""call_vol"": 1669, ""put_vol"": 828, ""call_oi"": 21681, ""put_oi"": 13725}, ""2609"": {""call_vol"": 233, ""put_vol"": 298, ""call_oi"": 5251, ""put_oi"": 5550}, ""2612"": {""call_vol"": 365, ""put_vol"": 399, ""call_oi"": 3113, ""put_oi"": 3585}}",1.0171100054099773,0.8202572338254913,262478,266969,713592,585329,310521,290688,0.9361299235800478,849645,670956,0.789689811627209,22.31,22.43,21.85,22.3,0.2,0.15,0.3,0.1,0.25,0.25,0.7,0.6,0.25,0.11666666666666667,0.6,0.55,0.25,0.1
20260213,4693.411,4703.633,4658.404,4660.406,18916775600,,0.9583272063730984,-1.2537561620975524,-59.17200000000048,,0.6893893818619341,0.6461695472767588,0.6880807601413067,79788,55005,136198,88007,"{""2602"": {""call_vol"": 50247, ""put_vol"": 36413, ""call_oi"": 42370, ""put_oi"": 27865}, ""2603"": {""call_vol"": 23401, ""put_vol"": 14287, ""call_oi"": 58852, ""put_oi"": 33624}, ""2604"": {""call_vol"": 1498, ""put_vol"": 1262, ""call_oi"": 3450, ""put_oi"": 3040}, ""2606"": {""call_vol"": 3152, ""put_vol"": 2185, ""call_oi"": 22703, ""put_oi"": 14176}, ""2609"": {""call_vol"": 730, ""put_vol"": 454, ""call_oi"": 5454, ""put_oi"": 5667}, ""2612"": {""call_vol"": 760, ""put_vol"": 404, ""call_oi"": 3369, ""put_oi"": 3635}}",0.9712070130330122,0.7628682256207676,609836,592277,714881,545360,689624,647282,0.93860132477988,851079,633367,0.7441929597604923,21.95,22.66,21.78,22.01,0.9,0.8666666666666667,0.55,0.18333333333333332,0.8,0.8833333333333333,0.6,0.5666666666666667,0.1,0.03333333333333333,0.6,0.5666666666666667,0.1,0.03333333333333333
20260224,4727.296,4727.373,4698.349,4707.544,21848889000,,0.6227783587953374,1.0114569417342567,47.13799999999992,,0.6616968110423608,0.64169246239082,0.521963075302554,84040,55609,101438,65092,"{""2602"": {""call_vol"": 37432, ""put_vol"": 26999, ""call_oi"": 0, ""put_oi"": 0}, ""2603"": {""call_vol"": 38431, ""put_vol"": 23042, ""call_oi"": 64012, ""put_oi"": 38323}, ""2604"": {""call_vol"": 2648, ""put_vol"": 1732, ""call_oi"": 4232, ""put_oi"": 3140}, ""2606"": {""call_vol"": 4241, ""put_vol"": 2549, ""call_oi"": 24273, ""put_oi"": 14411}, ""2609"": {""call_vol"": 766, ""put_vol"": 846, ""call_oi"": 5530, ""put_oi"": 5658}, ""2612"": {""call_vol"": 522, ""put_vol"": 441, ""call_oi"": 3391, ""put_oi"": 3560}}",0.7662306082921451,0.7644614196949201,592199,453761,716337,547612,676239,509370,0.7532396090731236,817775,612704,0.7492329797315888,19.27,19.27,16.61,16.81,0.8,0.7833333333333333,0.4,0.13333333333333333,0.6,0.5833333333333334,0.05,0.1,0.15,0.05,0.1,0.13333333333333333,0.15,0.05
20260225,4713.575,4766.559,4713.344,4735.886,28426835400,,1.1304195988396528,0.6020549144097442,28.342000000000553,,0.5878259255822585,0.6489371449514385,0.44381026336988005,64662,38010,109140,70825,"{""2603"": {""call_vol"": 55212, ""put_vol"": 30582, ""call_oi"": 69692, ""put_oi"": 42659}, ""2604"": {""call_vol"": 4380, ""put_vol"": 3892, ""call_oi"": 5471, ""put_oi"": 4422}, ""2605"": {""call_vol"": 403, ""put_vol"": 438, ""call_oi"": 290, ""put_oi"": 198}, ""2606"": {""call_vol"": 3452, ""put_vol"": 1650, ""call_oi"": 24630, ""put_oi"": 14501}, ""2609"": {""call_vol"": 851, ""put_vol"": 921, ""call_oi"": 5567, ""put_oi"": 5461}, ""2612"": {""call_vol"": 364, ""put_vol"": 527, ""call_oi"": 3490, ""put_oi"": 3584}}",0.8016477396350552,0.8146245638009713,615874,493714,573706,467355,680536,531724,0.7813311860063245,682846,538180,0.7881425680168003,16.84,16.84,15.72,16.01,0.55,0.45,0.65,0.21666666666666667,0.4,0.35,0.15,0.16666666666666666,0.35,0.13333333333333333,0.15,0.16666666666666666,0.35,0.13333333333333333
20260226,4741.39,4742.148,4706.694,4726.874,23484764400,,0.7486244390173185,-0.19029174266442794,-9.012000000000626,,0.5594551888367124,0.656886964567857,0.5307923218233656,44933,25138,114557,75251,"{""2603"": {""call_vol"": 39294, ""put_vol"": 21830, ""call_oi"": 73699, ""put_oi"": 46525}, ""2604"": {""call_vol"": 2684, ""put_vol"": 1355, ""call_oi"": 6266, ""put_oi"": 4780}, ""2605"": {""call_vol"": 336, ""put_vol"": 122, ""call_oi"": 473, ""put_oi"": 262}, ""2606"": {""call_vol"": 1685, ""put_vol"": 1414, ""call_oi"": 24871, ""put_oi"": 14619}, ""2609"": {""call_vol"": 600, ""put_vol"": 287, ""call_oi"": 5688, ""put_oi"": 5479}, ""2612"": {""call_vol"": 334, ""put_vol"": 130, ""call_oi"": 3560, ""put_oi"": 3586}}",0.7657552657820442,0.7885391444713479,392107,300258,621978,490454,437040,325396,0.7445451217279883,736535,565705,0.768062617526662,16.27,16.41,15.27,15.33,0.4,0.36666666666666664,0.8,0.2833333333333333,0.65,0.6666666666666666,0.05,0.1,0.3,0.1,0.1,0.13333333333333333,0.3,0.1
20260227,4698.3,4721.014,4692.891,4710.647,26142086500,,0.5949597979552766,-0.3432924169334717,-16.22699999999986,,0.4713930880904458,0.6408995607028753,0.4550926347673405,46702,22015,120192,77031,"{""2603"": {""call_vol"": 40763, ""put_vol"": 18474, ""call_oi"": 77318, ""put_oi"": 47549}, ""2604"": {""call_vol"": 2910, ""put_vol"": 1389, ""call_oi"": 6971, ""put_oi"": 5203}, ""2605"": {""call_vol"": 491, ""put_vol"": 180, ""call_oi"": 647, ""put_oi"": 354}, ""2606"": {""call_vol"": 1797, ""put_vol"": 1112, ""call_oi"": 25696, ""put_oi"": 14725}, ""2609"": {""call_vol"": 541, ""put_vol"": 513, ""call_oi"": 5923, ""put_oi"": 5567}, ""2612"": {""call_vol"": 200, ""put_vol"": 347, ""call_oi"": 3637, ""put_oi"": 3633}}",0.7746438165626266,0.8270198598434914,387511,300183,653127,540149,434213,322198,0.7420275302674033,773319,617180,0.7980923784363244,15.57,15.94,14.95,14.95,0.15,0.1,0.4,0.13333333333333333,0.4,0.38333333333333336,0.2,0.15,0.55,0.18333333333333332,0.1,0.11666666666666667,0.55,0.18333333333333332
20260302,4681.014,4735.406,4667.275,4728.669,34926075200,,1.4463193697171601,0.38258014238807814,18.021999999999935,,0.6339040149491387,0.6472150933495133,0.6164046143772154,75991,48171,121961,78935,"{""2603"": {""call_vol"": 66058, ""put_vol"": 41692, ""call_oi"": 76873, ""put_oi"": 48166}, ""2604"": {""call_vol"": 5595, ""put_vol"": 2985, ""call_oi"": 8285, ""put_oi"": 5848}, ""2605"": {""call_vol"": 537, ""put_vol"": 676, ""call_oi"": 822, ""put_oi"": 544}, ""2606"": {""call_vol"": 2695, ""put_vol"": 1882, ""call_oi"": 26262, ""put_oi"": 14953}, ""2609"": {""call_vol"": 822, ""put_vol"": 566, ""call_oi"": 6113, ""put_oi"": 5754}, ""2612"": {""call_vol"": 284, ""put_vol"": 370, ""call_oi"": 3606, ""put_oi"": 3670}}",0.994193757652641,0.8743005963883719,588849,585430,672716,588156,664840,633601,0.9530127549485591,794677,667091,0.8394492353497082,16.23,17.2,15.76,15.93,0.65,0.6666666666666666,0.7,0.23333333333333334,0.7,0.8,0.8,0.65,0.8,0.3333333333333333,0.85,0.6666666666666666,0.8,0.2833333333333333
20260303,4737.316,4744.599,4651.405,4655.896,37062427200,,1.9708294236708133,-1.5389742864218237,-72.77300000000014,,0.9041020383415462,0.635541565546131,1.0133295904607287,90711,82012,124851,79348,"{""2603"": {""call_vol"": 76110, ""put_vol"": 71050, ""call_oi"": 77202, ""put_oi"": 47028}, ""2604"": {""call_vol"": 8237, ""put_vol"": 5921, ""call_oi"": 10188, ""put_oi"": 6683}, ""2605"": {""call_vol"": 1053, ""put_vol"": 1119, ""call_oi"": 1090, ""put_oi"": 857}, ""2606"": {""call_vol"": 3938, ""put_vol"": 2426, ""call_oi"": 26312, ""put_oi"": 15175}, ""2609"": {""call_vol"": 926, ""put_vol"": 729, ""call_oi"": 6446, ""put_oi"": 5849}, ""2612"": {""call_vol"": 447, ""put_vol"": 767, ""call_oi"": 3613, ""put_oi"": 3756}}",1.1940699134208514,0.7842152075606267,692199,826534,720681,565169,782910,908546,1.160473106742793,845532,644517,0.7622621024396474,15.86,20.07,15.86,19.08,1.0,1.0,0.4,0.13333333333333333,1.0,0.9833333333333333,0.9,0.9333333333333333,0.3,0.1,0.95,0.9666666666666667,0.3,0.1
20260304,4609.192,4639.42,4575.825,4602.625,30303566600,,1.3659025029768763,-1.1441621548247571,-53.27099999999973,,0.8995884667149808,0.6202381760451313,1.2763132671686443,77272,69513,132591,82238,"{""2603"": {""call_vol"": 62623, ""put_vol"": 60217, ""call_oi"": 81211, ""put_oi"": 48316}, ""2604"": {""call_vol"": 8725, ""put_vol"": 5465, ""call_oi"": 12525, ""put_oi"": 7644}, ""2605"": {""call_vol"": 954, ""put_vol"": 561, ""call_oi"": 1197, ""put_oi"": 948}, ""2606"": {""call_vol"": 3379, ""put_vol"": 2103, ""call_oi"": 27135, ""put_oi"": 15457}, ""2609"": {""call_vol"": 941, ""put_vol"": 531, ""call_oi"": 6822, ""put_oi"": 5917}, ""2612"": {""call_vol"": 650, ""put_vol"": 636, ""call_oi"": 3701, ""put_oi"": 3956}}",1.120368991555448,0.775088409365169,644676,722275,763211,591556,721948,791788,1.0967382692382277,895802,673794,0.7521684479382721,19.94,21.91,18.28,19.49,0.95,0.9833333333333333,0.15,0.05,1.0,1.0,0.85,0.8833333333333333,0.25,0.08333333333333333,0.85,0.9,0.25,0.08333333333333333
20260305,4651.942,4671.527,4630.302,4647.692,25931782500,,0.8956845278509625,0.9791586323022239,45.06700000000001,,0.659134600714046,0.6543221285279736,0.9371097532291832,65542,43201,129855,84967,"{""2603"": {""call_vol"": 53834, ""put_vol"": 34000, ""call_oi"": 76556, ""put_oi"": 48855}, ""2604"": {""call_vol"": 6981, ""put_vol"": 5316, ""call_oi"": 13571, ""put_oi"": 9231}, ""2605"": {""call_vol"": 994, ""put_vol"": 641, ""call_oi"": 1426, ""put_oi"": 1108}, ""2606"": {""call_vol"": 2585, ""put_vol"": 2024, ""call_oi"": 27393, ""put_oi"": 15805}, ""2609"": {""call_vol"": 620, ""put_vol"": 550, ""call_oi"": 7120, ""put_oi"": 6039}, ""2612"": {""call_vol"": 528, ""put_vol"": 670, ""call_oi"": 3789, ""put_oi"": 3929}}",0.8836071046630717,0.8130108565217918,530187,468477,742503,603663,595729,511678,0.8589106791846628,872358,688630,0.7893892186464732,17.96,17.96,15.96,16.57,0.65,0.7666666666666667,0.9,0.3333333333333333,0.9,0.95,0.3,0.35,0.5,0.16666666666666666,0.35,0.4166666666666667,0.55,0.18333333333333332
20260306,4621.494,4671.713,4612.794,4660.439,23852792600,,1.2677044864418698,0.27426516214930086,12.747000000000298,,0.7123106746479774,0.6659827021502296,0.8150849637774877,46943,33438,129149,86011,"{""2603"": {""call_vol"": 37703, ""put_vol"": 27146, ""call_oi"": 73726, ""put_oi"": 48774}, ""2604"": {""call_vol"": 5180, ""put_vol"": 3962, ""call_oi"": 14533, ""put_oi"": 10015}, ""2605"": {""call_vol"": 554, ""put_vol"": 410, ""call_oi"": 1693, ""put_oi"": 1267}, ""2606"": {""call_vol"": 2168, ""put_vol"": 1155, ""call_oi"": 27747, ""put_oi"": 15905}, ""2609"": {""call_vol"": 954, ""put_vol"": 394, ""call_oi"": 7562, ""put_oi"": 6052}, ""2612"": {""call_vol"": 384, ""put_vol"": 371, ""call_oi"": 3888, ""put_oi"": 3998}}",0.8780859929157112,0.8480100002834854,448316,393660,740779,628188,495259,427098,0.8623730209849796,869928,714199,0.820986334501246,16.79,17.02,15.12,15.2,0.8,0.9,1.0,0.4166666666666667,0.75,0.9,0.25,0.35,0.85,0.2833333333333333,0.4,0.4666666666666667,0.9,0.3
20260309,4600.254,4625.981,4548.969,4615.455,32278761700,,1.6524623538683738,-0.9652309578561225,-44.98400000000038,,0.9014013768772815,0.6653553212415086,1.360432271129529,81634,73585,131163,87270,"{""2603"": {""call_vol"": 61977, ""put_vol"": 58840, ""call_oi"": 73063, ""put_oi"": 48278}, ""2604"": {""call_vol"": 12468, ""put_vol"": 9330, ""call_oi"": 16530, ""put_oi"": 11177}, ""2605"": {""call_vol"": 1507, ""put_vol"": 1041, ""call_oi"": 1586, ""put_oi"": 1457}, ""2606"": {""call_vol"": 3738, ""put_vol"": 2822, ""call_oi"": 28152, ""put_oi"": 16041}, ""2609"": {""call_vol"": 1227, ""put_vol"": 578, ""call_oi"": 7799, ""put_oi"": 6144}, ""2612"": {""call_vol"": 717, ""put_vol"": 974, ""call_oi"": 4033, ""put_oi"": 4173}}",1.0457689427750727,0.8531291963134203,709149,741606,752893,642315,790783,815191,1.0308656104139822,884056,729585,0.8252701186350186,17.74,24.04,17.74,18.97,0.95,0.9833333333333333,0.95,0.4166666666666667,1.0,1.0,0.8,0.85,0.9,0.31666666666666665,0.8,0.8833333333333333,0.9,0.31666666666666665
20260310,4648.785,4677.596,4648.785,4674.756,26390374800,,0.6242288138439156,1.2848354062600542,59.301000000000386,,0.763797299419061,0.6816863065375491,0.6390539473654313,50952,38917,128565,87641,"{""2603"": {""call_vol"": 39133, ""put_vol"": 29356, ""call_oi"": 68883, ""put_oi"": 47139}, ""2604"": {""call_vol"": 7905, ""put_vol"": 6700, ""call_oi"": 17491, ""put_oi"": 12403}, ""2605"": {""call_vol"": 777, ""put_vol"": 768, ""call_oi"": 1808, ""put_oi"": 1581}, ""2606"": {""call_vol"": 2202, ""put_vol"": 1256, ""call_oi"": 28271, ""put_oi"": 16139}, ""2609"": {""call_vol"": 658, ""put_vol"": 521, ""call_oi"": 7986, ""put_oi"": 6200}, ""2612"": {""call_vol"": 277, ""put_vol"": 316, ""call_oi"": 4126, ""put_oi"": 4179}}",1.2195179154341729,0.9001340664839229,417852,509578,735456,662009,468804,548495,1.1699878840624227,864021,749650,0.8676293747489934,17.36,17.36,15.67,16.34,0.85,0.9166666666666666,1.0,0.5833333333333334,0.5,0.7833333333333333,0.95,0.9666666666666667,1.0,0.48333333333333334,0.95,0.9666666666666667,1.0,0.48333333333333334
20260311,4681.032,4711.867,4674.709,4704.496,27017544300,,0.7948650154147159,0.636182936606744,29.73999999999978,,0.7449265517534177,0.7014231514500188,0.6369952075354718,47108,35092,122826,86153,"{""2603"": {""call_vol"": 36949, ""put_vol"": 28330, ""call_oi"": 62561, ""put_oi"": 44411}, ""2604"": {""call_vol"": 6840, ""put_vol"": 4694, ""call_oi"": 18094, ""put_oi"": 13352}, ""2605"": {""call_vol"": 603, ""put_vol"": 711, ""call_oi"": 1838, ""put_oi"": 1868}, ""2606"": {""call_vol"": 1685, ""put_vol"": 636, ""call_oi"": 28019, ""put_oi"": 16157}, ""2609"": {""call_vol"": 688, ""put_vol"": 489, ""call_oi"": 8077, ""put_oi"": 6218}, ""2612"": {""call_vol"": 343, ""put_vol"": 232, ""call_oi"": 4237, ""put_oi"": 4147}}",0.8228938870441994,0.9184003068023151,460481,378927,740542,680114,507589,414019,0.8156579437300651,863368,766267,0.8875323153047137,18.46,20.0,17.12,17.83,0.8,0.9,1.0,0.6333333333333333,0.5,0.7666666666666667,0.25,0.25,1.0,0.5833333333333334,0.25,0.31666666666666665,1.0,0.5666666666666667
20260312,4700.721,4704.379,4654.315,4687.56,30298681600,,1.0641735055147312,-0.3599960548377523,-16.935999999999694,,0.7650586504733526,0.6955647938800152,0.6879952175442619,53026,40568,123399,85832,"{""2603"": {""call_vol"": 39919, ""put_vol"": 30894, ""call_oi"": 61181, ""put_oi"": 42657}, ""2604"": {""call_vol"": 9169, ""put_vol"": 5826, ""call_oi"": 19122, ""put_oi"": 13670}, ""2605"": {""call_vol"": 937, ""put_vol"": 1506, ""call_oi"": 2008, ""put_oi"": 2407}, ""2606"": {""call_vol"": 2217, ""put_vol"": 1258, ""call_oi"": 28596, ""put_oi"": 16510}, ""2609"": {""call_vol"": 430, ""put_vol"": 771, ""call_oi"": 8159, ""put_oi"": 6384}, ""2612"": {""call_vol"": 354, ""put_vol"": 313, ""call_oi"": 4333, ""put_oi"": 4204}}",1.2092399087678354,0.8218485621407926,471325,569945,777058,638624,524351,610513,1.164321227574659,900457,724456,0.8045425822665602,17.96,17.96,15.96,16.57,0.85,0.9166666666666666,0.95,0.6333333333333333,0.6,0.8166666666666667,0.9,0.95,0.55,0.21666666666666667,0.9,0.95,0.6,0.26666666666666666
20260313,4669.062,4707.419,4659.498,4669.14,31077200900,,1.022301581206433,-0.3929549701763846,-18.420000000000073,,0.6294941361806407,0.7154445432684389,0.5573227389670721,57130,35963,121428,86875,"{""2603"": {""call_vol"": 44099, ""put_vol"": 26975, ""call_oi"": 57886, ""put_oi"": 42333}, ""2604"": {""call_vol"": 9475, ""put_vol"": 6393, ""call_oi"": 20507, ""put_oi"": 14701}, ""2605"": {""call_vol"": 955, ""put_vol"": 765, ""call_oi"": 2082, ""put_oi"": 2475}, ""2606"": {""call_vol"": 1837, ""put_vol"": 1031, ""call_oi"": 28405, ""put_oi"": 16763}, ""2609"": {""call_vol"": 610, ""put_vol"": 539, ""call_oi"": 8214, ""put_oi"": 6346}, ""2612"": {""call_vol"": 154, ""put_vol"": 260, ""call_oi"": 4334, ""put_oi"": 4257}}",0.9935346847539873,0.8252080133624992,565479,561823,773508,638305,622609,597786,0.9601306759137758,894936,725180,0.8103149275478917,18.46,20.0,17.12,17.83,0.4,0.6166666666666667,1.0,0.7,0.45,0.65,0.55,0.65,0.55,0.25,0.65,0.6833333333333333,0.65,0.3
20260316,4669.224,4673.693,4621.812,4671.559,29621507000,,1.1111468064782875,0.051808255910068546,2.418999999999869,,0.7575962282738724,0.715674993207716,0.9325793375422136,71055,53831,125142,89561,"{""2603"": {""call_vol"": 54686, ""put_vol"": 40953, ""call_oi"": 58010, ""put_oi"": 42807}, ""2604"": {""call_vol"": 12437, ""put_vol"": 10220, ""call_oi"": 23437, ""put_oi"": 16379}, ""2605"": {""call_vol"": 862, ""put_vol"": 784, ""call_oi"": 2251, ""put_oi"": 2672}, ""2606"": {""call_vol"": 2202, ""put_vol"": 1202, ""call_oi"": 28769, ""put_oi"": 17077}, ""2609"": {""call_vol"": 584, ""put_vol"": 426, ""call_oi"": 8352, ""put_oi"": 6376}, ""2612"": {""call_vol"": 284, ""put_vol"": 246, ""call_oi"": 4323, ""put_oi"": 4250}}",0.9173939025521085,0.8064042881548613,582342,534237,787285,634870,653397,588068,0.9000163759552002,912427,724431,0.7939605031416211,21.1,22.64,19.17,19.58,0.75,0.8833333333333333,1.0,0.7166666666666667,0.8,0.9166666666666666,0.45,0.55,0.3,0.16666666666666666,0.45,0.5666666666666667,0.45,0.23333333333333334
20260317,4685.57,4720.861,4637.368,4637.439,26302191300,,1.7872620253752438,-0.7303771610291054,-34.11999999999989,,0.7360269517815783,0.7128815720097896,0.6214872027249857,85486,62920,127073,90588,"{""2603"": {""call_vol"": 63328, ""put_vol"": 48532, ""call_oi"": 56583, ""put_oi"": 41855}, ""2604"": {""call_vol"": 17317, ""put_vol"": 11260, ""call_oi"": 26181, ""put_oi"": 18052}, ""2605"": {""call_vol"": 703, ""put_vol"": 861, ""call_oi"": 2382, ""put_oi"": 2763}, ""2606"": {""call_vol"": 2990, ""put_vol"": 1421, ""call_oi"": 28944, ""put_oi"": 17257}, ""2609"": {""call_vol"": 734, ""put_vol"": 457, ""call_oi"": 8575, ""put_oi"": 6358}, ""2612"": {""call_vol"": 414, ""put_vol"": 389, ""call_oi"": 4408, ""put_oi"": 4303}}",0.8622826533648873,0.7876196875733589,705670,608487,805117,634126,791156,671407,0.848640470400275,932190,724714,0.7774316394726397,17.74,24.04,17.74,18.97,0.65,0.85,0.9,0.7,0.5,0.7,0.3,0.31666666666666665,0.25,0.13333333333333333,0.3,0.4,0.3,0.16666666666666666
20260318,4648.752,4662.294,4604.516,4658.332,23469070500,,1.2459031806132705,0.4505288371448035,20.89300000000003,,0.8024720149253731,0.7197454715802624,1.027844652432664,77184,61938,128080,92185,"{""2603"": {""call_vol"": 55071, ""put_vol"": 46189, ""call_oi"": 54010, ""put_oi"": 39976}, ""2604"": {""call_vol"": 17227, ""put_vol"": 11810, ""call_oi"": 28542, ""put_oi"": 20787}, ""2605"": {""call_vol"": 1260, ""put_vol"": 1366, ""call_oi"": 2796, ""put_oi"": 3143}, ""2606"": {""call_vol"": 2421, ""put_vol"": 1835, ""call_oi"": 29298, ""put_oi"": 17419}, ""2609"": {""call_vol"": 864, ""put_vol"": 462, ""call_oi"": 8921, ""put_oi"": 6524}, ""2612"": {""call_vol"": 341, ""put_vol"": 276, ""call_oi"": 4513, ""put_oi"": 4336}}",0.8719133373454933,0.792242856634654,648030,565026,815197,645834,725214,626964,0.864522747768245,943277,738019,0.7823990195880955,20.73,21.05,20.73,21.05,0.85,0.95,1.0,0.75,0.9,0.95,0.35,0.36666666666666664,0.35,0.16666666666666666,0.45,0.5,0.35,0.18333333333333332
20260319,4611.44,4634.547,4570.392,4583.251,25413044900,,1.3772096965179754,-1.6117571697337185,-75.08100000000013,,0.8466694378052583,0.6830026314439224,1.1194345723037844,96230,81475,136427,93180,"{""2603"": {""call_vol"": 66580, ""put_vol"": 59381, ""call_oi"": 55056, ""put_oi"": 37375}, ""2604"": {""call_vol"": 22718, ""put_vol"": 17513, ""call_oi"": 34939, ""put_oi"": 23589}, ""2605"": {""call_vol"": 1835, ""put_vol"": 1396, ""call_oi"": 3007, ""put_oi"": 3386}, ""2606"": {""call_vol"": 3196, ""put_vol"": 1985, ""call_oi"": 29481, ""put_oi"": 17755}, ""2609"": {""call_vol"": 1035, ""put_vol"": 616, ""call_oi"": 9291, ""put_oi"": 6640}, ""2612"": {""call_vol"": 866, ""put_vol"": 584, ""call_oi"": 4653, ""put_oi"": 4435}}",0.9881799334153455,0.7200057208237987,697458,689214,874000,629285,793688,770689,0.9710226184596467,1010427,722465,0.7150095949534206,17.74,24.04,17.74,18.97,0.85,0.95,0.7,0.6,0.9,0.95,0.6,0.6833333333333333,0.05,0.03333333333333333,0.75,0.75,0.05,0.03333333333333333
20260320,4602.821,4628.712,4563.069,4567.018,25787370300,,1.4322366372690483,-0.3541809078315805,-16.233000000000175,,0.7645461939199437,0.6887974002844884,0.8452037952984593,90986,69563,86471,59561,"{""2603"": {""call_vol"": 52740, ""put_vol"": 43595, ""call_oi"": 0, ""put_oi"": 0}, ""2604"": {""call_vol"": 31454, ""put_vol"": 20275, ""call_oi"": 39476, ""put_oi"": 26583}, ""2605"": {""call_vol"": 1788, ""put_vol"": 1866, ""call_oi"": 3253, ""put_oi"": 3505}, ""2606"": {""call_vol"": 3433, ""put_vol"": 2590, ""call_oi"": 29345, ""put_oi"": 18225}, ""2609"": {""call_vol"": 825, ""put_vol"": 684, ""call_oi"": 9570, ""put_oi"": 6745}, ""2612"": {""call_vol"": 746, ""put_vol"": 553, ""call_oi"": 4827, ""put_oi"": 4503}}",0.8160888910038306,0.7271791049832311,840580,685988,885570,643968,931566,755551,0.8110547186136033,972041,703529,0.7237647383186512,21.41,21.41,19.04,20.76,0.7,0.8833333333333333,0.7,0.6166666666666667,0.65,0.8833333333333333,0.25,0.2,0.1,0.05,0.25,0.3,0.1,0.05
20260323,4499.1,4514.718,4397.566,4417.997,32808194500,,2.5651749128205767,-3.2629825413431623,-149.02099999999973,,0.9225477354291131,0.6362342828933996,1.7085254691116496,93903,86630,103311,65730,"{""2604"": {""call_vol"": 70061, ""put_vol"": 71736, ""call_oi"": 51199, ""put_oi"": 30504}, ""2605"": {""call_vol"": 7142, ""put_vol"": 4988, ""call_oi"": 5064, ""put_oi"": 4166}, ""2606"": {""call_vol"": 11057, ""put_vol"": 6113, ""call_oi"": 30683, ""put_oi"": 18959}, ""2609"": {""call_vol"": 2841, ""put_vol"": 2054, ""call_oi"": 10752, ""put_oi"": 7110}, ""2612"": {""call_vol"": 2156, ""put_vol"": 1338, ""call_oi"": 5317, ""put_oi"": 4769}, ""2703"": {""call_vol"": 646, ""put_vol"": 401, ""call_oi"": 296, ""put_oi"": 222}}",0.9756403665945476,0.5804526854657832,1145789,1117878,934512,542440,1239692,1204508,0.9716187569170407,1037823,608170,0.586005513464242,32.31,50.75,31.25,43.6,1.0,1.0,0.15,0.16666666666666666,1.0,1.0,0.6,0.7,0.05,0.016666666666666666,0.75,0.7833333333333333,0.05,0.016666666666666666
20260324,4458.907,4474.825,4394.294,4474.722,25553251700,,1.8227943568092042,1.2839528863419103,56.724999999999454,,0.6616845528455284,0.6264994498662683,1.2398346247121586,76875,50867,111791,70037,"{""2604"": {""call_vol"": 61495, ""put_vol"": 41562, ""call_oi"": 55597, ""put_oi"": 33023}, ""2605"": {""call_vol"": 5452, ""put_vol"": 3315, ""call_oi"": 6384, ""put_oi"": 4827}, ""2606"": {""call_vol"": 6710, ""put_vol"": 4264, ""call_oi"": 32195, ""put_oi"": 19724}, ""2609"": {""call_vol"": 1978, ""put_vol"": 943, ""call_oi"": 11599, ""put_oi"": 7209}, ""2612"": {""call_vol"": 609, ""put_vol"": 410, ""call_oi"": 5464, ""put_oi"": 4795}, ""2703"": {""call_vol"": 631, ""put_vol"": 373, ""call_oi"": 552, ""put_oi"": 459}}",0.9329723925540488,0.6143528423791317,840027,783722,897857,551601,916902,834589,0.9102270471653459,1009648,621638,0.6156977481260796,42.7,43.49,31.1,31.59,0.35,0.6833333333333333,0.1,0.1,0.85,0.95,0.55,0.6166666666666667,0.1,0.03333333333333333,0.55,0.6333333333333333,0.1,0.03333333333333333
20260325,4506.625,4542.181,4502.027,4537.466,26263927900,,0.8973518354883173,1.4021876666304722,62.7440000000006,,0.6262529481132075,0.6488847718686428,0.6869491968677458,54272,33988,110112,71450,"{""2604"": {""call_vol"": 42808, ""put_vol"": 27084, ""call_oi"": 52749, ""put_oi"": 34001}, ""2605"": {""call_vol"": 3979, ""put_vol"": 3177, ""call_oi"": 6488, ""put_oi"": 4961}, ""2606"": {""call_vol"": 4221, ""put_vol"": 2466, ""call_oi"": 32064, ""put_oi"": 19840}, ""2609"": {""call_vol"": 1959, ""put_vol"": 624, ""call_oi"": 12425, ""put_oi"": 7379}, ""2612"": {""call_vol"": 780, ""put_vol"": 274, ""call_oi"": 5629, ""put_oi"": 4735}, ""2703"": {""call_vol"": 525, ""put_vol"": 363, ""call_oi"": 757, ""put_oi"": 534}}",0.8129311079896063,0.7246033414878904,668481,543429,584949,423856,722753,577417,0.7989133217018816,695061,495306,0.7126079581504358,19.63,19.63,17.9,18.3,0.15,0.5666666666666667,0.35,0.31666666666666665,0.4,0.7166666666666667,0.15,0.2,0.2,0.08333333333333333,0.15,0.25,0.15,0.06666666666666667
20260326,4525.329,4541.05,4468.957,4477.534,21373678800,,1.5888383516262126,-1.320825324090602,-59.9320000000007,,0.6982454522398728,0.6483801682477179,1.0007885538600372,43373,30285,111740,72450,"{""2604"": {""call_vol"": 33150, ""put_vol"": 24575, ""call_oi"": 53500, ""put_oi"": 34096}, ""2605"": {""call_vol"": 2790, ""put_vol"": 2129, ""call_oi"": 6699, ""put_oi"": 5198}, ""2606"": {""call_vol"": 4639, ""put_vol"": 2378, ""call_oi"": 32183, ""put_oi"": 20201}, ""2609"": {""call_vol"": 1291, ""put_vol"": 424, ""call_oi"": 12616, ""put_oi"": 7471}, ""2612"": {""call_vol"": 1032, ""put_vol"": 469, ""call_oi"": 5868, ""put_oi"": 4852}, ""2703"": {""call_vol"": 471, ""put_vol"": 310, ""call_oi"": 874, ""put_oi"": 632}}",0.7671604982045176,0.6725584112331028,507663,389459,643669,432905,551036,419744,0.7617360753199428,755409,505355,0.6689819687083421,18.3,20.31,17.67,20.09,0.35,0.75,0.35,0.31666666666666665,0.65,0.8833333333333333,0.05,0.13333333333333333,0.15,0.05,0.1,0.18333333333333332,0.15,0.05
20260327,4431.503,4519.89,4431.421,4502.57,19240038800,,1.9758420594907833,0.5591470662199338,25.036000000000058,,0.7574437016587191,0.6568732651667657,1.0760533682125144,43829,33198,112763,74071,"{""2604"": {""call_vol"": 34781, ""put_vol"": 26190, ""call_oi"": 53293, ""put_oi"": 34831}, ""2605"": {""call_vol"": 3547, ""put_vol"": 2725, ""call_oi"": 7328, ""put_oi"": 5342}, ""2606"": {""call_vol"": 3811, ""put_vol"": 3401, ""call_oi"": 32312, ""put_oi"": 20737}, ""2609"": {""call_vol"": 697, ""put_vol"": 283, ""call_oi"": 12757, ""put_oi"": 7518}, ""2612"": {""call_vol"": 518, ""put_vol"": 268, ""call_oi"": 5990, ""put_oi"": 4858}, ""2703"": {""call_vol"": 475, ""put_vol"": 331, ""call_oi"": 1083, ""put_oi"": 785}}",1.0275566062750754,0.6967448334939501,403533,414653,653730,455483,447362,447851,1.0010930745123636,766493,529554,0.6908791078326874,20.75,20.93,18.53,19.07,0.5,0.8166666666666667,0.45,0.4166666666666667,0.75,0.9166666666666666,0.75,0.8,0.2,0.08333333333333333,0.75,0.85,0.2,0.08333333333333333
20260330,4461.737,4496.411,4447.137,4491.95,20929309200,,1.0943527807452265,-0.2358652947094586,-10.61999999999989,,0.9182611078131422,0.6579399549273398,1.319576049205719,43798,40218,115813,76198,"{""2604"": {""call_vol"": 32786, ""put_vol"": 33654, ""call_oi"": 54597, ""put_oi"": 35865}, ""2605"": {""call_vol"": 4468, ""put_vol"": 3090, ""call_oi"": 8105, ""put_oi"": 5859}, ""2606"": {""call_vol"": 3591, ""put_vol"": 1825, ""call_oi"": 32582, ""put_oi"": 20873}, ""2609"": {""call_vol"": 1468, ""put_vol"": 842, ""call_oi"": 13056, ""put_oi"": 7680}, ""2612"": {""call_vol"": 1158, ""put_vol"": 537, ""call_oi"": 6332, ""put_oi"": 5080}, ""2703"": {""call_vol"": 327, ""put_vol"": 270, ""call_oi"": 1141, ""put_oi"": 841}}",0.8556658274089559,0.6787415824487236,477406,408500,687403,466569,521204,448718,0.8609258562865979,803216,542767,0.675742266090317,21.1,23.0,19.17,19.58,0.95,0.9833333333333333,0.45,0.45,0.9,0.9666666666666667,0.25,0.31666666666666665,0.2,0.06666666666666667,0.35,0.48333333333333334,0.2,0.06666666666666667
20260331,4491.921,4523.175,4450.049,4450.049,22454158500,,1.6279344160108684,-0.9328020124890091,-41.90099999999984,,0.8287166301749593,0.6579700088010291,1.2769930421371807,49783,41256,118168,77751,"{""2604"": {""call_vol"": 41780, ""put_vol"": 34644, ""call_oi"": 55624, ""put_oi"": 36498}, ""2605"": {""call_vol"": 3282, ""put_vol"": 3266, ""call_oi"": 8781, ""put_oi"": 6329}, ""2606"": {""call_vol"": 2805, ""put_vol"": 2291, ""call_oi"": 32917, ""put_oi"": 21170}, ""2609"": {""call_vol"": 751, ""put_vol"": 332, ""call_oi"": 13193, ""put_oi"": 7755}, ""2612"": {""call_vol"": 727, ""put_vol"": 381, ""call_oi"": 6457, ""put_oi"": 5081}, ""2703"": {""call_vol"": 438, ""put_vol"": 342, ""call_oi"": 1196, ""put_oi"": 918}}",0.9520678597199544,0.6540137972749892,458711,436724,714199,467096,508494,477980,0.9399914256608731,832367,544847,0.6545754456868185,18.19,20.11,17.42,18.09,0.75,0.9,0.45,0.4666666666666667,0.85,0.95,0.6,0.6333333333333333,0.15,0.05,0.6,0.6833333333333333,0.15,0.05
20260401,4517.272,4532.109,4492.054,4526.067,21648319600,,0.9001024483101262,1.7082508529681295,76.01800000000003,,0.7491411961596054,0.6866702118230967,0.8551530695175952,45412,34020,112830,77477,"{""2604"": {""call_vol"": 36383, ""put_vol"": 28077, ""call_oi"": 50136, ""put_oi"": 35777}, ""2605"": {""call_vol"": 4186, ""put_vol"": 3040, ""call_oi"": 8872, ""put_oi"": 6625}, ""2606"": {""call_vol"": 3286, ""put_vol"": 2228, ""call_oi"": 32801, ""put_oi"": 21331}, ""2609"": {""call_vol"": 741, ""put_vol"": 414, ""call_oi"": 13289, ""put_oi"": 7750}, ""2612"": {""call_vol"": 656, ""put_vol"": 186, ""call_oi"": 6506, ""put_oi"": 5066}, ""2703"": {""call_vol"": 160, ""put_vol"": 75, ""call_oi"": 1226, ""put_oi"": 928}}",0.7854578138752928,0.7049677893553548,429454,337318,693870,489156,474866,371338,0.7819848125576478,806700,566633,0.7024085781579273,18.48,19.01,17.88,18.18,0.45,0.7666666666666667,0.65,0.6833333333333333,0.45,0.7833333333333333,0.1,0.16666666666666666,0.35,0.13333333333333333,0.1,0.18333333333333332,0.35,0.13333333333333333
20260402,4514.442,4519.693,4459.61,4478.914,19099216100,,1.3274880818158576,-1.0418095887665846,-47.15300000000025,,0.8612041711886,0.6803843599320297,1.2711310799622437,42386,36503,115933,78879,"{""2604"": {""call_vol"": 32839, ""put_vol"": 29448, ""call_oi"": 51879, ""put_oi"": 35968}, ""2605"": {""call_vol"": 4440, ""put_vol"": 3532, ""call_oi"": 9501, ""put_oi"": 7104}, ""2606"": {""call_vol"": 3332, ""put_vol"": 2159, ""call_oi"": 33063, ""put_oi"": 21766}, ""2609"": {""call_vol"": 844, ""put_vol"": 391, ""call_oi"": 13484, ""put_oi"": 7801}, ""2612"": {""call_vol"": 684, ""put_vol"": 642, ""call_oi"": 6705, ""put_oi"": 5225}, ""2703"": {""call_vol"": 247, ""put_vol"": 331, ""call_oi"": 1301, ""put_oi"": 1015}}",0.9808476110931359,0.6726392110805905,398697,391061,721189,485100,441083,427564,0.9693504397131606,837122,563979,0.6737118365065068,18.6,19.68,18.1,19.26,0.85,0.9166666666666666,0.5,0.65,0.8,0.9166666666666666,0.7,0.6833333333333333,0.25,0.08333333333333333,0.7,0.7333333333333333,0.25,0.08333333333333333
20260403,4492.846,4494.457,4437.595,4440.789,16832170500,,1.2695488236657388,-0.8512108069054225,-38.125,,0.8542426288543776,0.6769238500452276,1.2701221664540048,44430,37954,119396,80822,"{""2604"": {""call_vol"": 35166, ""put_vol"": 31394, ""call_oi"": 53216, ""put_oi"": 36745}, ""2605"": {""call_vol"": 4201, ""put_vol"": 3747, ""call_oi"": 10676, ""put_oi"": 7707}, ""2606"": {""call_vol"": 2533, ""put_vol"": 1791, ""call_oi"": 33326, ""put_oi"": 22203}, ""2609"": {""call_vol"": 1127, ""put_vol"": 476, ""call_oi"": 13825, ""put_oi"": 7829}, ""2612"": {""call_vol"": 904, ""put_vol"": 300, ""call_oi"": 6892, ""put_oi"": 5258}, ""2703"": {""call_vol"": 499, ""put_vol"": 246, ""call_oi"": 1461, ""put_oi"": 1080}}",1.031859987541184,0.666800741793872,422191,435642,753309,502307,466621,473596,1.0149478913293657,872705,583129,0.6681856984891802,18.91,20.66,18.81,19.96,0.8,0.9,0.45,0.65,0.75,0.9,0.85,0.8,0.2,0.06666666666666667,0.85,0.8666666666666667,0.2,0.06666666666666667
20260407,4445.861,4458.926,4420.694,4440.616,16263878700,,0.8609280918323291,-0.0038957041192388964,-0.17299999999977445,,0.7731144995363082,0.6845209889050474,1.3436359190350473,46367,35847,122398,83784,"{""2604"": {""call_vol"": 36969, ""put_vol"": 30650, ""call_oi"": 54905, ""put_oi"": 38914}, ""2605"": {""call_vol"": 5293, ""put_vol"": 2795, ""call_oi"": 11453, ""put_oi"": 8149}, ""2606"": {""call_vol"": 2372, ""put_vol"": 1400, ""call_oi"": 33577, ""put_oi"": 22439}, ""2609"": {""call_vol"": 542, ""put_vol"": 521, ""call_oi"": 13909, ""put_oi"": 7907}, ""2612"": {""call_vol"": 908, ""put_vol"": 307, ""call_oi"": 6984, ""put_oi"": 5238}, ""2703"": {""call_vol"": 283, ""put_vol"": 174, ""call_oi"": 1570, ""put_oi"": 1137}}",0.8786254035189358,0.6796791163236123,359029,315452,762270,518099,405396,351299,0.8665576374705226,884668,601883,0.6803490122848346,19.9,19.9,18.69,19.26,0.65,0.8333333333333334,0.6,0.7166666666666667,0.95,0.9666666666666667,0.45,0.4,0.4,0.13333333333333333,0.45,0.5,0.4,0.15
20260408,4517.34,4595.556,4513.771,4595.556,25333921300,,1.8417489825735858,3.489155558598167,154.9399999999996,,0.7057432365572246,0.7306130807172493,0.4567262951694449,101058,71321,112318,82061,"{""2604"": {""call_vol"": 73465, ""put_vol"": 55538, ""call_oi"": 45168, ""put_oi"": 35417}, ""2605"": {""call_vol"": 17023, ""put_vol"": 10491, ""call_oi"": 12076, ""put_oi"": 9744}, ""2606"": {""call_vol"": 7000, ""put_vol"": 3652, ""call_oi"": 32580, ""put_oi"": 22631}, ""2609"": {""call_vol"": 1919, ""put_vol"": 993, ""call_oi"": 13971, ""put_oi"": 7886}, ""2612"": {""call_vol"": 1096, ""put_vol"": 403, ""call_oi"": 6952, ""put_oi"": 5233}, ""2703"": {""call_vol"": 555, ""put_vol"": 244, ""call_oi"": 1571, ""put_oi"": 1150}}",0.7286005553200176,0.797881441773899,889217,647884,686127,547448,990275,719205,0.7262679558708439,798445,629509,0.7884187389237831,17.07,17.16,16.2,16.99,0.25,0.6333333333333333,1.0,0.8666666666666667,0.05,0.31666666666666665,0.05,0.05,0.8,0.4166666666666667,0.05,0.06666666666666667,0.8,0.43333333333333335
20260409,4562.67,4579.197,4552.424,4566.224,18493978300,,0.5825845664811862,-0.6382687970726386,-29.331999999999425,,0.676468583115555,0.73610679637503,0.5776650680994723,44005,29768,112663,82932,"{""2604"": {""call_vol"": 32975, ""put_vol"": 23678, ""call_oi"": 43919, ""put_oi"": 35033}, ""2605"": {""call_vol"": 6313, ""put_vol"": 3698, ""call_oi"": 13314, ""put_oi"": 10618}, ""2606"": {""call_vol"": 2927, ""put_vol"": 1360, ""call_oi"": 32669, ""put_oi"": 22879}, ""2609"": {""call_vol"": 1075, ""put_vol"": 400, ""call_oi"": 14114, ""put_oi"": 7973}, ""2612"": {""call_vol"": 448, ""put_vol"": 403, ""call_oi"": 7051, ""put_oi"": 5230}, ""2703"": {""call_vol"": 267, ""put_vol"": 229, ""call_oi"": 1596, ""put_oi"": 1199}}",0.7401022781810375,0.7680564724132375,435479,322299,701369,538691,479484,352067,0.7342622485838943,814032,621623,0.7636345991312381,16.95,17.09,16.44,16.45,0.2,0.5666666666666667,1.0,0.8833333333333333,0.15,0.48333333333333334,0.1,0.06666666666666667,0.7,0.2833333333333333,0.1,0.08333333333333333,0.7,0.35
20260410,4594.947,4655.099,4590.109,4636.566,20867860500,,1.4232766504665513,1.5404850922775548,70.34199999999964,,0.6913214882440948,0.7646075581395348,0.4314176885358103,91571,63305,110080,84168,"{""2604"": {""call_vol"": 63983, ""put_vol"": 48678, ""call_oi"": 39097, ""put_oi"": 33320}, ""2605"": {""call_vol"": 16222, ""put_vol"": 10120, ""call_oi"": 16030, ""put_oi"": 13180}, ""2606"": {""call_vol"": 6930, ""put_vol"": 2874, ""call_oi"": 32413, ""put_oi"": 23248}, ""2609"": {""call_vol"": 2347, ""put_vol"": 551, ""call_oi"": 14076, ""put_oi"": 7925}, ""2612"": {""call_vol"": 1509, ""put_vol"": 624, ""call_oi"": 6864, ""put_oi"": 5191}, ""2703"": {""call_vol"": 580, ""put_vol"": 458, ""call_oi"": 1600, ""put_oi"": 1304}}",0.651587796705674,0.8346950516121532,795064,518054,670966,560052,886635,581359,0.65569146266502,781046,644220,0.8248169762088277,16.48,17.21,16.13,16.94,0.25,0.6,1.0,0.9833333333333333,0.05,0.25,0.05,0.016666666666666666,1.0,0.6,0.05,0.03333333333333333,1.0,0.65
20260413,4615.133,4653.398,4615.133,4646.155,19671227700,,0.825287508039362,0.20681254186827314,9.588999999999942,,0.7478477438079737,0.7797684272043246,0.5585853024254787,50993,38135,109512,85394,"{""2604"": {""call_vol"": 36251, ""put_vol"": 28876, ""call_oi"": 36853, ""put_oi"": 32552}, ""2605"": {""call_vol"": 9687, ""put_vol"": 6646, ""call_oi"": 17639, ""put_oi"": 15064}, ""2606"": {""call_vol"": 3537, ""put_vol"": 2006, ""call_oi"": 32619, ""put_oi"": 23336}, ""2609"": {""call_vol"": 846, ""put_vol"": 393, ""call_oi"": 13999, ""put_oi"": 7946}, ""2612"": {""call_vol"": 559, ""put_vol"": 135, ""call_oi"": 6803, ""put_oi"": 5190}, ""2703"": {""call_vol"": 113, ""put_vol"": 79, ""call_oi"": 1599, ""put_oi"": 1306}}",0.7620735068165744,0.8339239826244312,410030,312473,677503,564986,461023,350608,0.760500018437258,787015,650380,0.8263883153434178,17.44,17.54,17.15,17.45,0.4,0.7,1.0,1.0,0.15,0.45,0.2,0.1,0.95,0.6,0.2,0.16666666666666666,1.0,0.6833333333333333
20260414,4676.124,4701.284,4654.853,4701.284,20470033200,,0.999342467050703,1.1865510298300297,55.128999999999905,,0.7057726331381236,0.7997009379672845,0.444969162919617,72913,51460,110345,88243,"{""2604"": {""call_vol"": 46874, ""put_vol"": 33586, ""call_oi"": 33238, ""put_oi"": 32218}, ""2605"": {""call_vol"": 16642, ""put_vol"": 12852, ""call_oi"": 21529, ""put_oi"": 18062}, ""2606"": {""call_vol"": 6561, ""put_vol"": 3475, ""call_oi"": 33058, ""put_oi"": 23287}, ""2609"": {""call_vol"": 1703, ""put_vol"": 841, ""call_oi"": 14268, ""put_oi"": 7995}, ""2612"": {""call_vol"": 895, ""put_vol"": 355, ""call_oi"": 6626, ""put_oi"": 5248}, ""2703"": {""call_vol"": 238, ""put_vol"": 351, ""call_oi"": 1626, ""put_oi"": 1433}}",0.661188253075869,0.893547311632418,707930,468075,659880,589634,780843,519535,0.6653514214765324,770225,677877,0.8801025674315947,17.46,17.82,17.19,17.69,0.35,0.6166666666666667,1.0,1.0,0.1,0.25,0.1,0.03333333333333333,1.0,0.8166666666666667,0.1,0.05,1.0,0.9166666666666666
20260415,4726.638,4731.273,4672.556,4685.246,20168850000,,1.2489566680081559,-0.3411408457774434,-16.037999999999556,,0.6832779924881607,0.7863944138806602,0.43879927671233054,73484,50210,113424,89196,"{""2604"": {""call_vol"": 44649, ""put_vol"": 32804, ""call_oi"": 32002, ""put_oi"": 31317}, ""2605"": {""call_vol"": 19829, ""put_vol"": 13487, ""call_oi"": 24589, ""put_oi"": 19603}, ""2606"": {""call_vol"": 6696, ""put_vol"": 2787, ""call_oi"": 33954, ""put_oi"": 23577}, ""2609"": {""call_vol"": 1427, ""put_vol"": 391, ""call_oi"": 14603, ""put_oi"": 7931}, ""2612"": {""call_vol"": 641, ""put_vol"": 467, ""call_oi"": 6648, ""put_oi"": 5259}, ""2703"": {""call_vol"": 242, ""put_vol"": 274, ""call_oi"": 1628, ""put_oi"": 1509}}",0.6812310645317917,0.8768962284818399,704366,479836,671003,588400,777850,530046,0.6814244391592209,784427,677596,0.8638101442199211,17.7,17.7,17.44,17.61,0.2,0.5166666666666667,0.95,0.9833333333333333,0.1,0.21666666666666667,0.15,0.06666666666666667,0.95,0.7833333333333333,0.15,0.06666666666666667,0.95,0.8333333333333334
20260416,4694.431,4739.221,4689.414,4736.608,19205760000,,1.0630605095228678,1.0962498020381517,51.36200000000008,,0.7858914102822872,0.8094440542438813,0.4292830570547647,69362,54511,111054,89892,"{""2604"": {""call_vol"": 44010, ""put_vol"": 37142, ""call_oi"": 26727, ""put_oi"": 29797}, ""2605"": {""call_vol"": 18918, ""put_vol"": 13385, ""call_oi"": 27394, ""put_oi"": 21614}, ""2606"": {""call_vol"": 4809, ""put_vol"": 2820, ""call_oi"": 34133, ""put_oi"": 23680}, ""2609"": {""call_vol"": 851, ""put_vol"": 657, ""call_oi"": 14536, ""put_oi"": 7916}, ""2612"": {""call_vol"": 523, ""put_vol"": 300, ""call_oi"": 6615, ""put_oi"": 5315}, ""2703"": {""call_vol"": 251, ""put_vol"": 207, ""call_oi"": 1649, ""put_oi"": 1570}}",0.8091979805278019,0.97370826521569,556383,450224,646553,629554,625745,504735,0.8066145154975269,757607,719446,0.9496295572770579,17.84,17.84,17.2,17.42,0.7,0.8333333333333334,1.0,1.0,0.05,0.18333333333333332,0.45,0.23333333333333334,1.0,1.0,0.5,0.2833333333333333,1.0,1.0
20260417,4728.995,4738.324,4714.467,4728.672,18291533600,,0.503672670400421,-0.1675460582763133,-7.936000000000604,,0.7974545588887247,0.7036756600265013,0.5320423761159356,54136,43171,89807,63195,"{""2604"": {""call_vol"": 28043, ""put_vol"": 25595, ""call_oi"": 0, ""put_oi"": 0}, ""2605"": {""call_vol"": 20887, ""put_vol"": 14219, ""call_oi"": 32193, ""put_oi"": 24344}, ""2606"": {""call_vol"": 3906, ""put_vol"": 2130, ""call_oi"": 34605, ""put_oi"": 24038}, ""2609"": {""call_vol"": 623, ""put_vol"": 509, ""call_oi"": 14710, ""put_oi"": 7929}, ""2612"": {""call_vol"": 473, ""put_vol"": 280, ""call_oi"": 6626, ""put_oi"": 5301}, ""2703"": {""call_vol"": 204, ""put_vol"": 438, ""call_oi"": 1673, ""put_oi"": 1583}}",0.7929161048075275,0.9699938657871694,536908,425723,640669,621445,591044,468894,0.793331799324585,730476,684640,0.9372518741204365,17.51,17.61,16.74,16.91,0.75,0.8333333333333334,0.65,0.8,0.3,0.4166666666666667,0.45,0.21666666666666667,0.95,0.9833333333333333,0.45,0.25,0.95,0.9833333333333333
20260420,4727.166,4763.043,4720.685,4757.442,22163349400,,0.8957694676221838,0.6084160626915969,28.770000000000437,,0.7240826056063627,0.7354196301564723,0.5556322285241625,43629,31591,92796,68244,"{""2605"": {""call_vol"": 34678, ""put_vol"": 26363, ""call_oi"": 35418, ""put_oi"": 28887}, ""2606"": {""call_vol"": 6240, ""put_vol"": 3675, ""call_oi"": 33994, ""put_oi"": 24376}, ""2607"": {""call_vol"": 355, ""put_vol"": 141, ""call_oi"": 282, ""put_oi"": 110}, ""2609"": {""call_vol"": 1402, ""put_vol"": 682, ""call_oi"": 14837, ""put_oi"": 8011}, ""2612"": {""call_vol"": 609, ""put_vol"": 516, ""call_oi"": 6592, ""put_oi"": 5240}, ""2703"": {""call_vol"": 345, ""put_vol"": 214, ""call_oi"": 1673, ""put_oi"": 1620}}",0.6442730914697626,1.0078415586243235,607064,391115,611103,615895,650693,422706,0.6496243236057557,703899,684139,0.9719277907768018,17.48,17.52,16.26,16.47,0.45,0.6166666666666667,0.7,0.9,0.35,0.4166666666666667,0.05,0.016666666666666666,1.0,1.0,0.05,0.016666666666666666,1.0,1.0
20260421,4750.515,4776.826,4722.007,4767.997,20561405800,,1.1522788927327,0.22186292549652986,10.555000000000291,,0.6534040459792182,0.7353935045159675,0.5969455942703243,41671,27228,95882,70511,"{""2605"": {""call_vol"": 31601, ""put_vol"": 22814, ""call_oi"": 38211, ""put_oi"": 30719}, ""2606"": {""call_vol"": 6112, ""put_vol"": 2478, ""call_oi"": 33269, ""put_oi"": 24533}, ""2607"": {""call_vol"": 302, ""put_vol"": 302, ""call_oi"": 434, ""put_oi"": 230}, ""2609"": {""call_vol"": 3152, ""put_vol"": 1000, ""call_oi"": 15709, ""put_oi"": 8078}, ""2612"": {""call_vol"": 311, ""put_vol"": 395, ""call_oi"": 6594, ""put_oi"": 5292}, ""2703"": {""call_vol"": 193, ""put_vol"": 239, ""call_oi"": 1665, ""put_oi"": 1659}}",0.6369924153857672,1.0049368553163118,520923,331824,611928,614949,562594,359052,0.6382080150161573,707810,685460,0.9684237295319366,16.58,16.64,16.16,16.33,0.1,0.38333333333333336,0.65,0.8833333333333333,0.5,0.48333333333333334,0.05,0.016666666666666666,0.95,0.9833333333333333,0.05,0.016666666666666666,0.95,0.9833333333333333
20260422,4751.279,4801.447,4750.35,4799.627,20448183000,,1.071665942742828,0.6633812898791724,31.63000000000011,,0.7006718493108978,0.7634955066625349,0.5210612531773,49267,34520,96810,73914,"{""2605"": {""call_vol"": 35729, ""put_vol"": 27968, ""call_oi"": 39682, ""put_oi"": 33405}, ""2606"": {""call_vol"": 8550, ""put_vol"": 3040, ""call_oi"": 32505, ""put_oi"": 24639}, ""2607"": {""call_vol"": 325, ""put_vol"": 255, ""call_oi"": 524, ""put_oi"": 395}, ""2609"": {""call_vol"": 2835, ""put_vol"": 1965, ""call_oi"": 16051, ""put_oi"": 8404}, ""2612"": {""call_vol"": 1358, ""put_vol"": 1002, ""call_oi"": 6344, ""put_oi"": 5390}, ""2703"": {""call_vol"": 470, ""put_vol"": 290, ""call_oi"": 1704, ""put_oi"": 1681}}",0.5872409791188639,0.8506144757529825,677262,397716,495463,421448,726529,432236,0.5949328932499598,592273,495362,0.8363744421913544,16.5,17.0,16.5,16.7,0.35,0.5333333333333333,0.75,0.9166666666666666,0.3,0.31666666666666665,0.05,0.016666666666666666,0.7,0.6666666666666666,0.05,0.016666666666666666,0.7,0.7166666666666667
20260423,4816.027,4823.47,4759.86,4786.327,23286573600,,1.3253113210672534,-0.2771048666906917,-13.300000000000182,,0.6546655004091306,0.7618755530528517,0.5300477313281696,70882,46404,99448,75767,"{""2605"": {""call_vol"": 55208, ""put_vol"": 39704, ""call_oi"": 40837, ""put_oi"": 34717}, ""2606"": {""call_vol"": 10971, ""put_vol"": 3904, ""call_oi"": 33504, ""put_oi"": 24829}, ""2607"": {""call_vol"": 510, ""put_vol"": 419, ""call_oi"": 708, ""put_oi"": 648}, ""2609"": {""call_vol"": 2545, ""put_vol"": 1088, ""call_oi"": 16280, ""put_oi"": 8346}, ""2612"": {""call_vol"": 1203, ""put_vol"": 972, ""call_oi"": 6351, ""put_oi"": 5485}, ""2703"": {""call_vol"": 445, ""put_vol"": 317, ""call_oi"": 1768, ""put_oi"": 1742}}",0.8544819557625145,0.8180459111161087,462142,394892,542483,443776,533024,441296,0.8279101879089872,641931,519543,0.8093439949153414,16.31,16.46,16.03,16.21,0.1,0.36666666666666664,0.7,0.9,0.35,0.35,0.7,0.36666666666666664,0.55,0.5,0.7,0.38333333333333336,0.55,0.6
20260424,4771.735,4786.444,4735.606,4769.369,19379831400,,1.0621505801839415,-0.3543009075644088,-16.95800000000054,,0.8073290443692681,0.7331926294283181,0.7058305068188054,51139,41286,103764,76079,"{""2605"": {""call_vol"": 41918, ""put_vol"": 35352, ""call_oi"": 43526, ""put_oi"": 34281}, ""2606"": {""call_vol"": 6364, ""put_vol"": 3826, ""call_oi"": 34575, ""put_oi"": 25414}, ""2607"": {""call_vol"": 443, ""put_vol"": 324, ""call_oi"": 901, ""put_oi"": 846}, ""2609"": {""call_vol"": 1713, ""put_vol"": 711, ""call_oi"": 16524, ""put_oi"": 8159}, ""2612"": {""call_vol"": 438, ""put_vol"": 737, ""call_oi"": 6385, ""put_oi"": 5535}, ""2703"": {""call_vol"": 263, ""put_vol"": 336, ""call_oi"": 1853, ""put_oi"": 1844}}",0.8966234162058606,0.799186385993214,367472,329484,570295,455772,418611,370770,0.8857148999906834,674059,531851,0.78902737000767,16.39,16.71,15.96,16.26,0.8,0.85,0.5,0.8333333333333334,0.65,0.6333333333333333,0.8,0.55,0.5,0.45,0.8,0.5833333333333334,0.5,0.4666666666666667
20260427,4776.335,4795.168,4762.644,4770.947,19279655000,,0.6819350735914842,0.03308613780985681,1.5780000000004293,,0.6691001306385922,0.7329577677795002,0.5173342679020627,39039,26121,105796,77544,"{""2605"": {""call_vol"": 31482, ""put_vol"": 22245, ""call_oi"": 44838, ""put_oi"": 35462}, ""2606"": {""call_vol"": 5819, ""put_vol"": 2829, ""call_oi"": 34789, ""put_oi"": 25408}, ""2607"": {""call_vol"": 232, ""put_vol"": 202, ""call_oi"": 969, ""put_oi"": 960}, ""2609"": {""call_vol"": 1180, ""put_vol"": 388, ""call_oi"": 16900, ""put_oi"": 8172}, ""2612"": {""call_vol"": 165, ""put_vol"": 257, ""call_oi"": 6426, ""put_oi"": 5600}, ""2703"": {""call_vol"": 161, ""put_vol"": 200, ""call_oi"": 1874, ""put_oi"": 1942}}",0.8345286436763032,0.7995635879070542,296994,247850,600350,480018,336033,273971,0.8153098058821604,706146,557562,0.7895845901555769,17.21,17.29,16.43,16.51,0.15,0.4,0.45,0.8166666666666667,0.3,0.2833333333333333,0.65,0.36666666666666664,0.5,0.4666666666666667,0.65,0.35,0.5,0.5
20260428,4757.077,4778.189,4743.436,4758.208,21672423300,,0.7284298064933568,-0.26701197896351614,-12.739000000000487,,0.6774858826417873,0.7242052708665334,0.6961861078735142,40730,27594,108559,78619,"{""2605"": {""call_vol"": 32297, ""put_vol"": 22607, ""call_oi"": 46358, ""put_oi"": 35412}, ""2606"": {""call_vol"": 6497, ""put_vol"": 3389, ""call_oi"": 35604, ""put_oi"": 26080}, ""2607"": {""call_vol"": 448, ""put_vol"": 578, ""call_oi"": 1153, ""put_oi"": 1326}, ""2609"": {""call_vol"": 935, ""put_vol"": 415, ""call_oi"": 17150, ""put_oi"": 8230}, ""2612"": {""call_vol"": 395, ""put_vol"": 274, ""call_oi"": 6403, ""put_oi"": 5594}, ""2703"": {""call_vol"": 158, ""put_vol"": 331, ""call_oi"": 1891, ""put_oi"": 1977}}",0.8992941376573308,0.7848660894894409,282208,253788,617950,485008,322938,281382,0.8713189528640173,726509,563627,0.7758018138798005,16.72,16.72,16.09,16.18,0.25,0.4166666666666667,0.35,0.7833333333333333,0.7,0.6166666666666667,0.85,0.6,0.35,0.36666666666666664,0.8,0.5666666666666667,0.35,0.4
20260429,4737.576,4813.61,4737.114,4810.347,23329811000,,1.607664061764431,1.095769667908586,52.139000000000124,,0.7464519596329545,0.7525023677319913,0.6129279871159178,50239,37501,107698,81043,"{""2605"": {""call_vol"": 39319, ""put_vol"": 29615, ""call_oi"": 45463, ""put_oi"": 36330}, ""2606"": {""call_vol"": 7812, ""put_vol"": 5542, ""call_oi"": 35401, ""put_oi"": 27120}, ""2607"": {""call_vol"": 782, ""put_vol"": 755, ""call_oi"": 1409, ""put_oi"": 1618}, ""2609"": {""call_vol"": 1555, ""put_vol"": 629, ""call_oi"": 17124, ""put_oi"": 8216}, ""2612"": {""call_vol"": 484, ""put_vol"": 536, ""call_oi"": 6372, ""put_oi"": 5671}, ""2703"": {""call_vol"": 287, ""put_vol"": 424, ""call_oi"": 1929, ""put_oi"": 2088}}",0.9099143230600224,0.8279653272037443,412363,375215,613853,508249,462602,412716,0.8921621609936835,721551,589292,0.8167017993184127,16.48,16.7,16.14,16.14,0.6,0.6333333333333333,0.65,0.8833333333333333,0.7,0.45,0.9,0.6,0.55,0.65,0.9,0.6166666666666667,0.55,0.6833333333333333
20260430,4820.972,4829.272,4797.545,4807.307,25063337000,,0.6595574082285511,-0.06319710407586276,-3.0399999999999636,,0.7465594855305466,0.7514752714224094,0.5807087316994285,46650,34827,108963,81883,"{""2605"": {""call_vol"": 37089, ""put_vol"": 27600, ""call_oi"": 45492, ""put_oi"": 36464}, ""2606"": {""call_vol"": 7149, ""put_vol"": 4776, ""call_oi"": 36263, ""put_oi"": 27361}, ""2607"": {""call_vol"": 460, ""put_vol"": 666, ""call_oi"": 1496, ""put_oi"": 1905}, ""2609"": {""call_vol"": 1475, ""put_vol"": 1303, ""call_oi"": 17348, ""put_oi"": 8222}, ""2612"": {""call_vol"": 359, ""put_vol"": 249, ""call_oi"": 6419, ""put_oi"": 5717}, ""2703"": {""call_vol"": 118, ""put_vol"": 233, ""call_oi"": 1945, ""put_oi"": 2214}}",0.864999267828379,0.835800075619233,341450,295354,621535,519479,388100,330181,0.8507626900283433,730498,601362,0.823221966384576,16.39,16.75,16.27,16.27,0.65,0.6333333333333333,0.6,0.8666666666666667,0.65,0.4166666666666667,0.7,0.43333333333333335,0.65,0.7166666666666667,0.7,0.4166666666666667,0.55,0.7333333333333333
20260506,4857.654,4892.796,4834.281,4877.093,27444388000,,1.2172095520423456,1.4516651422511684,69.78600000000006,,0.7301544959430921,0.7667839191240958,0.323451143606126,89970,65692,106039,81309,"{""2605"": {""call_vol"": 67794, ""put_vol"": 50991, ""call_oi"": 42651, ""put_oi"": 34401}, ""2606"": {""call_vol"": 16400, ""put_vol"": 10966, ""call_oi"": 36185, ""put_oi"": 28249}, ""2607"": {""call_vol"": 1536, ""put_vol"": 1190, ""call_oi"": 1779, ""put_oi"": 2274}, ""2609"": {""call_vol"": 3065, ""put_vol"": 1645, ""call_oi"": 17021, ""put_oi"": 8359}, ""2612"": {""call_vol"": 813, ""put_vol"": 392, ""call_oi"": 6410, ""put_oi"": 5791}, ""2703"": {""call_vol"": 362, ""put_vol"": 508, ""call_oi"": 1993, ""put_oi"": 2235}}",0.868211086986549,0.924504280744463,644341,559424,607955,562057,734311,625116,0.8512959767727842,713994,643366,0.9010804012358647,16.13,16.43,15.76,15.76,0.6,0.5666666666666667,0.8,0.9333333333333333,0.05,0.016666666666666666,0.75,0.45,0.8,0.9333333333333333,0.75,0.43333333333333335,0.8,0.9333333333333333
20260507,4895.8,4901.858,4866.875,4900.51,25783397200,,0.7172920426163737,0.480142576735787,23.41700000000037,,0.6511649563257781,0.7741448786430513,0.32711307352997837,53693,34963,106710,82609,"{""2605"": {""call_vol"": 39894, ""put_vol"": 26919, ""call_oi"": 41705, ""put_oi"": 34283}, ""2606"": {""call_vol"": 10025, ""put_vol"": 5905, ""call_oi"": 37008, ""put_oi"": 29129}, ""2607"": {""call_vol"": 637, ""put_vol"": 789, ""call_oi"": 1885, ""put_oi"": 2611}, ""2609"": {""call_vol"": 2213, ""put_vol"": 944, ""call_oi"": 17452, ""put_oi"": 8384}, ""2612"": {""call_vol"": 611, ""put_vol"": 135, ""call_oi"": 6471, ""put_oi"": 5847}, ""2703"": {""call_vol"": 313, ""put_vol"": 271, ""call_oi"": 2189, ""put_oi"": 2355}}",0.7553644293359515,0.9309572841334139,352414,266201,618646,575933,406107,301164,0.7415878081392342,725356,658542,0.9078879887944679,17.07,17.16,16.2,16.99,0.05,0.21666666666666667,0.8,0.9333333333333333,0.1,0.03333333333333333,0.45,0.15,0.8,0.9333333333333333,0.45,0.15,0.8,0.9333333333333333
20260508,4871.119,4887.213,4849.987,4871.912,25172099600,,0.7596352216401896,-0.5835719139436479,-28.597999999999956,,0.6613977288658348,0.7811341441885099,0.45321368046984384,57064,37742,107623,84068,"{""2605"": {""call_vol"": 41495, ""put_vol"": 28409, ""call_oi"": 41044, ""put_oi"": 33585}, ""2606"": {""call_vol"": 12686, ""put_vol"": 5812, ""call_oi"": 38116, ""put_oi"": 29904}, ""2607"": {""call_vol"": 821, ""put_vol"": 1596, ""call_oi"": 2022, ""put_oi"": 3570}, ""2609"": {""call_vol"": 1537, ""put_vol"": 846, ""call_oi"": 17681, ""put_oi"": 8443}, ""2612"": {""call_vol"": 215, ""put_vol"": 358, ""call_oi"": 6447, ""put_oi"": 5970}, ""2703"": {""call_vol"": 310, ""put_vol"": 721, ""call_oi"": 2313, ""put_oi"": 2596}}",0.7779378237585555,0.8868210929699432,410993,319727,642982,570210,468057,357469,0.7637296312201292,750605,654278,0.8716675215326304,18.3,20.31,17.67,20.09,0.2,0.2833333333333333,0.85,0.95,0.35,0.16666666666666666,0.55,0.25,0.65,0.85,0.55,0.25,0.65,0.8666666666666667
20260511,4902.278,4960.398,4889.566,4951.837,30573480100,,1.4538850455427013,1.6405263477665466,79.92500000000018,,0.6219517881288759,0.842205047349126,0.3328144770831298,107235,66695,103381,87068,"{""2605"": {""call_vol"": 75562, ""put_vol"": 44394, ""call_oi"": 35408, ""put_oi"": 33101}, ""2606"": {""call_vol"": 26730, ""put_vol"": 19118, ""call_oi"": 39821, ""put_oi"": 33174}, ""2607"": {""call_vol"": 1361, ""put_vol"": 1381, ""call_oi"": 2104, ""put_oi"": 3634}, ""2609"": {""call_vol"": 2437, ""put_vol"": 833, ""call_oi"": 17299, ""put_oi"": 8414}, ""2612"": {""call_vol"": 915, ""put_vol"": 455, ""call_oi"": 6375, ""put_oi"": 6035}, ""2703"": {""call_vol"": 230, ""put_vol"": 514, ""call_oi"": 2374, ""put_oi"": 2710}}",0.7464154003391267,0.9511483490024141,771983,576220,635434,604392,879218,642915,0.731235029310137,738815,691460,0.9359041167274622,19.03,19.67,18.96,19.62,0.05,0.15,1.0,1.0,0.15,0.05,0.4,0.15,0.8,0.9333333333333333,0.35,0.13333333333333333,0.8,0.9333333333333333
20260512,4965.018,4971.303,4926.79,4948.047,27381200100,,0.8989189264509296,-0.0765372527407715,-3.790000000000873,,0.5995741737750715,0.8445151184316704,0.32455107016721857,73739,44212,105335,88957,"{""2605"": {""call_vol"": 51143, ""put_vol"": 32384, ""call_oi"": 34992, ""put_oi"": 33217}, ""2606"": {""call_vol"": 18685, ""put_vol"": 9446, ""call_oi"": 41904, ""put_oi"": 34341}, ""2607"": {""call_vol"": 1179, ""put_vol"": 844, ""call_oi"": 2303, ""put_oi"": 3972}, ""2609"": {""call_vol"": 1907, ""put_vol"": 815, ""call_oi"": 17366, ""put_oi"": 8396}, ""2612"": {""call_vol"": 616, ""put_vol"": 381, ""call_oi"": 6345, ""put_oi"": 6155}, ""2703"": {""call_vol"": 209, ""put_vol"": 342, ""call_oi"": 2425, ""put_oi"": 2876}}",0.80539405953789,0.9355822436551362,420203,338429,646980,605303,493942,382641,0.7746678759854396,752315,694260,0.9228315266876242,20.62,20.62,20.54,20.54,0.05,0.13333333333333333,1.0,1.0,0.1,0.03333333333333333,0.6,0.3333333333333333,0.75,0.9166666666666666,0.55,0.2833333333333333,0.75,0.9166666666666666
20260513,4919.425,5001.12,4919.425,4998.342,26845453700,,1.651055456829729,1.0164616463829157,50.29500000000007,,0.6464430962064137,0.9171866926348424,0.3460148626039679,89994,58176,100636,92302,"{""2605"": {""call_vol"": 61739, ""put_vol"": 43166, ""call_oi"": 29783, ""put_oi"": 34010}, ""2606"": {""call_vol"": 22685, ""put_vol"": 12407, ""call_oi"": 43113, ""put_oi"": 36411}, ""2607"": {""call_vol"": 1077, ""put_vol"": 771, ""call_oi"": 2435, ""put_oi"": 4171}, ""2609"": {""call_vol"": 2705, ""put_vol"": 959, ""call_oi"": 16805, ""put_oi"": 8436}, ""2612"": {""call_vol"": 1344, ""put_vol"": 535, ""call_oi"": 5968, ""put_oi"": 6277}, ""2703"": {""call_vol"": 444, ""put_vol"": 338, ""call_oi"": 2532, ""put_oi"": 2997}}",1.047740803159186,0.9512924385721631,501395,525332,641810,610549,591389,583508,0.9866737460453272,742446,702851,0.9466695220931892,21.0,21.0,20.0,20.0,0.15,0.21666666666666667,1.0,1.0,0.25,0.08333333333333333,1.0,0.9,0.8,0.9333333333333333,1.0,0.85,0.85,0.95
20260514,5027.641,5030.519,4913.604,4914.597,28069537900,,2.3390756374813884,-1.675455581070684,-83.74499999999989,,0.7813432707071752,0.8748512322325325,0.5483425271352891,115926,90578,103349,90415,"{""2605"": {""call_vol"": 77885, ""put_vol"": 68213, ""call_oi"": 29325, ""put_oi"": 30039}, ""2606"": {""call_vol"": 30470, ""put_vol"": 18390, ""call_oi"": 46318, ""put_oi"": 38036}, ""2607"": {""call_vol"": 1895, ""put_vol"": 1743, ""call_oi"": 2849, ""put_oi"": 4668}, ""2609"": {""call_vol"": 4456, ""put_vol"": 1503, ""call_oi"": 15975, ""put_oi"": 8294}, ""2612"": {""call_vol"": 977, ""put_vol"": 371, ""call_oi"": 6273, ""put_oi"": 6388}, ""2703"": {""call_vol"": 243, ""put_vol"": 358, ""call_oi"": 2609, ""put_oi"": 2990}}",1.0864342706756622,0.928579153084398,657355,714173,647290,601060,773281,804751,1.0406967195624877,750639,691475,0.9211818197562344,20.46,20.46,19.27,19.27,0.85,0.7833333333333333,0.95,0.9833333333333333,0.7,0.4,1.0,0.9,0.6,0.8666666666666667,1.0,0.9,0.65,0.8833333333333333
20260515,4911.622,4935.617,4832.69,4859.593,27696776900,,2.09431210738135,-1.1191965485674582,-55.003999999999905,,0.7640389010890513,0.7998854398986022,0.7077372242012681,133878,102288,82053,65633,"{""2605"": {""call_vol"": 77920, ""put_vol"": 62061, ""call_oi"": 0, ""put_oi"": 0}, ""2606"": {""call_vol"": 49004, ""put_vol"": 34875, ""call_oi"": 53048, ""put_oi"": 41651}, ""2607"": {""call_vol"": 2183, ""put_vol"": 2509, ""call_oi"": 3415, ""put_oi"": 5797}, ""2609"": {""call_vol"": 3081, ""put_vol"": 1727, ""call_oi"": 16443, ""put_oi"": 8450}, ""2612"": {""call_vol"": 1154, ""put_vol"": 691, ""call_oi"": 6592, ""put_oi"": 6626}, ""2703"": {""call_vol"": 536, ""put_vol"": 425, ""call_oi"": 2555, ""put_oi"": 3109}}",1.2000765110941087,0.8742571869006013,883532,1060306,679848,594362,1017410,1162594,1.1426995999646161,761901,659995,0.8662477145980908,19.51,19.93,19.08,19.5,0.8,0.7166666666666667,0.75,0.9166666666666666,1.0,0.6833333333333333,1.0,0.9333333333333333,0.4,0.7333333333333333,1.0,0.9333333333333333,0.45,0.7666666666666667
20260518,4836.329,4868.601,4806.146,4833.524,23907758700,,1.285189932572541,-0.5364441013887222,-26.068999999999505,,0.6728376666914997,0.7761249077944431,0.745640991309068,53692,36126,89474,69443,"{""2606"": {""call_vol"": 46842, ""put_vol"": 30986, ""call_oi"": 59289, ""put_oi"": 44064}, ""2607"": {""call_vol"": 2621, ""put_vol"": 2725, ""call_oi"": 4059, ""put_oi"": 6657}, ""2608"": {""call_vol"": 502, ""put_vol"": 567, ""call_oi"": 286, ""put_oi"": 252}, ""2609"": {""call_vol"": 2921, ""put_vol"": 1182, ""call_oi"": 16540, ""put_oi"": 8639}, ""2612"": {""call_vol"": 559, ""put_vol"": 401, ""call_oi"": 6676, ""put_oi"": 6683}, ""2703"": {""call_vol"": 247, ""put_vol"": 265, ""call_oi"": 2624, ""put_oi"": 3148}}",1.3353812060426984,0.8448987455159331,576696,770109,711129,600832,630388,806235,1.2789504241832015,800603,670275,0.8372127009266765,20.37,20.43,19.05,19.09,0.45,0.35,0.65,0.8333333333333334,1.0,0.6833333333333333,1.0,0.9833333333333333,0.35,0.65,1.0,0.9833333333333333,0.4,0.7166666666666667
20260519,4818.705,4854.525,4773.534,4852.883,23228085200,,1.6756097621528305,0.40051523484727625,19.35899999999947,,0.7368562231759657,0.7586004774490579,0.8634557230387744,63376,46699,93832,71181,"{""2606"": {""call_vol"": 57478, ""put_vol"": 41260, ""call_oi"": 62045, ""put_oi"": 45122}, ""2607"": {""call_vol"": 2898, ""put_vol"": 3347, ""call_oi"": 4807, ""put_oi"": 7008}, ""2608"": {""call_vol"": 313, ""put_vol"": 374, ""call_oi"": 432, ""put_oi"": 345}, ""2609"": {""call_vol"": 2103, ""put_vol"": 1091, ""call_oi"": 17170, ""put_oi"": 8690}, ""2612"": {""call_vol"": 412, ""put_vol"": 348, ""call_oi"": 6708, ""put_oi"": 6771}, ""2703"": {""call_vol"": 172, ""put_vol"": 279, ""call_oi"": 2670, ""put_oi"": 3245}}",1.000620491932982,0.8516015868882935,802589,803087,714354,608345,865965,849786,0.9813167968682337,808186,679526,0.8408039733427701,19.4,19.44,18.61,18.84,0.7,0.5666666666666667,0.45,0.7333333333333333,1.0,0.7333333333333333,0.8,0.7833333333333333,0.45,0.7,0.8,0.8,0.45,0.7333333333333333
20260520,4829.613,4866.212,4825.643,4850.7,22002320600,,0.835977294321755,-0.04498356956060823,-2.1829999999999927,,0.6144858345373453,0.7729486699138254,0.6177368257300664,47757,29346,93415,72205,"{""2606"": {""call_vol"": 42921, ""put_vol"": 25327, ""call_oi"": 60763, ""put_oi"": 45357}, ""2607"": {""call_vol"": 1914, ""put_vol"": 1899, ""call_oi"": 5214, ""put_oi"": 7588}, ""2608"": {""call_vol"": 294, ""put_vol"": 408, ""call_oi"": 505, ""put_oi"": 436}, ""2609"": {""call_vol"": 1958, ""put_vol"": 1045, ""call_oi"": 17430, ""put_oi"": 8641}, ""2612"": {""call_vol"": 411, ""put_vol"": 385, ""call_oi"": 6801, ""put_oi"": 6797}, ""2703"": {""call_vol"": 259, ""put_vol"": 282, ""call_oi"": 2702, ""put_oi"": 3386}}",1.151611769473831,0.8564801683389246,594657,684814,715699,612982,642414,714160,1.111681874928006,809114,685187,0.8468361689452908,19.09,19.1,18.37,18.39,0.1,0.1,0.6,0.8,0.75,0.5,0.9,0.9166666666666666,0.5,0.7166666666666667,0.9,0.9166666666666666,0.5,0.7333333333333333
20260521,4886.239,4937.933,4780.711,4783.098,28734250700,,3.24122291628012,-1.393654524089305,-67.60199999999986,,0.6316184555527362,0.7599206140857494,0.5805019063607342,94584,59741,95231,72368,"{""2606"": {""call_vol"": 83976, ""put_vol"": 51983, ""call_oi"": 61516, ""put_oi"": 44726}, ""2607"": {""call_vol"": 5385, ""put_vol"": 4408, ""call_oi"": 6035, ""put_oi"": 8134}, ""2608"": {""call_vol"": 509, ""put_vol"": 584, ""call_oi"": 686, ""put_oi"": 595}, ""2609"": {""call_vol"": 3440, ""put_vol"": 1644, ""call_oi"": 17493, ""put_oi"": 8750}, ""2612"": {""call_vol"": 939, ""put_vol"": 724, ""call_oi"": 6777, ""put_oi"": 6796}, ""2703"": {""call_vol"": 335, ""put_vol"": 398, ""call_oi"": 2724, ""put_oi"": 3367}}",0.8717258863427926,0.7902591991996618,1050017,915327,735689,581385,1144601,975068,0.8518846305393757,830920,653753,0.7867821210224811,18.4,18.8,18.12,18.79,0.2,0.15,0.4,0.7166666666666667,0.55,0.4166666666666667,0.55,0.5166666666666667,0.1,0.36666666666666664,0.55,0.5,0.1,0.38333333333333336
20260522,4818.844,4851.349,4785.349,4845.096,28694043500,,1.3798588278977348,1.2961892062424818,61.99799999999959,,0.7721701120116565,0.7765057451912959,0.8731877327624704,54905,42396,95036,73796,"{""2606"": {""call_vol"": 49027, ""put_vol"": 37909, ""call_oi"": 61018, ""put_oi"": 45668}, ""2607"": {""call_vol"": 2699, ""put_vol"": 2343, ""call_oi"": 6286, ""put_oi"": 8197}, ""2608"": {""call_vol"": 496, ""put_vol"": 500, ""call_oi"": 751, ""put_oi"": 783}, ""2609"": {""call_vol"": 1821, ""put_vol"": 703, ""call_oi"": 17453, ""put_oi"": 8723}, ""2612"": {""call_vol"": 740, ""put_vol"": 735, ""call_oi"": 6811, ""put_oi"": 7002}, ""2703"": {""call_vol"": 122, ""put_vol"": 206, ""call_oi"": 2717, ""put_oi"": 3423}}",0.9446820573751319,0.8293917752304116,645541,609831,709491,588446,700446,652227,0.931159575470486,804527,662242,0.8231445308858497,18.87,18.92,18.32,18.41,0.9,0.75,0.7,0.8333333333333334,1.0,0.7333333333333333,0.7,0.6833333333333333,0.35,0.5666666666666667,0.7,0.6833333333333333,0.35,0.5833333333333334
20260525,4873.196,4922.438,4857.135,4921.597,26474323600,,1.3478164312946512,1.5789367228224105,76.5010000000002,,0.5978146882717094,0.7899067183733361,0.4985784642034871,59122,35344,95410,75365,"{""2606"": {""call_vol"": 52593, ""put_vol"": 30232, ""call_oi"": 60461, ""put_oi"": 46699}, ""2607"": {""call_vol"": 3238, ""put_vol"": 2605, ""call_oi"": 6978, ""put_oi"": 8222}, ""2608"": {""call_vol"": 409, ""put_vol"": 613, ""call_oi"": 902, ""put_oi"": 1081}, ""2609"": {""call_vol"": 1614, ""put_vol"": 925, ""call_oi"": 17508, ""put_oi"": 8816}, ""2612"": {""call_vol"": 1109, ""put_vol"": 665, ""call_oi"": 6802, ""put_oi"": 7046}, ""2703"": {""call_vol"": 159, ""put_vol"": 304, ""call_oi"": 2759, ""put_oi"": 3501}}",0.8043994616758879,0.8734895359417653,635305,511039,659400,575979,694427,546383,0.7868112846994717,754810,651344,0.8629244445622077,19.17,19.17,18.24,18.78,0.05,0.06666666666666667,0.75,0.8833333333333333,0.35,0.23333333333333334,0.2,0.31666666666666665,0.6,0.7166666666666667,0.25,0.31666666666666665,0.6,0.7333333333333333
20260526,4900.115,4952.741,4892.683,4947.849,30279947600,,1.2202949571043706,0.5334040962720055,26.252000000000407,,0.5848986999955732,0.8069520282851106,0.46580579054543114,67769,39638,95598,77143,"{""2606"": {""call_vol"": 60057, ""put_vol"": 34469, ""call_oi"": 59834, ""put_oi"": 47634}, ""2607"": {""call_vol"": 4542, ""put_vol"": 3116, ""call_oi"": 7618, ""put_oi"": 8683}, ""2608"": {""call_vol"": 608, ""put_vol"": 576, ""call_oi"": 1206, ""put_oi"": 1390}, ""2609"": {""call_vol"": 1517, ""put_vol"": 765, ""call_oi"": 17429, ""put_oi"": 8850}, ""2612"": {""call_vol"": 824, ""put_vol"": 457, ""call_oi"": 6740, ""put_oi"": 7059}, ""2703"": {""call_vol"": 221, ""put_vol"": 255, ""call_oi"": 2771, ""put_oi"": 3527}}",0.7203678187200655,0.8974716164234362,664784,478889,664733,596579,732553,518527,0.7078354740203098,760331,673722,0.8860904001020609,18.84,19.6,18.73,19.51,0.05,0.05,0.8,0.9166666666666666,0.35,0.21666666666666667,0.05,0.11666666666666667,0.7,0.8,0.05,0.11666666666666667,0.7,0.8166666666666667
20260527,4940.945,4974.211,4891.343,4908.171,30170917500,,1.674828799342914,-0.8019242301048335,-39.677999999999884,,0.6793499157079057,0.7973259848948765,0.5000542862689783,67622,45939,97980,78122,"{""2606"": {""call_vol"": 57478, ""put_vol"": 38984, ""call_oi"": 61346, ""put_oi"": 47365}, ""2607"": {""call_vol"": 5109, ""put_vol"": 3802, ""call_oi"": 8412, ""put_oi"": 8914}, ""2608"": {""call_vol"": 871, ""put_vol"": 760, ""call_oi"": 1380, ""put_oi"": 1687}, ""2609"": {""call_vol"": 2832, ""put_vol"": 1513, ""call_oi"": 17371, ""put_oi"": 9292}, ""2612"": {""call_vol"": 898, ""put_vol"": 549, ""call_oi"": 6664, ""put_oi"": 7250}, ""2703"": {""call_vol"": 434, ""put_vol"": 331, ""call_oi"": 2807, ""put_oi"": 3614}}",0.8425720152140551,0.7664734727037966,709607,597895,551432,422658,777229,643834,0.8283710463711468,649412,500780,0.7711283437940784,19.59,20.7,19.59,20.27,0.65,0.36666666666666664,0.7,0.8666666666666667,0.45,0.25,0.4,0.4166666666666667,0.05,0.23333333333333334,0.4,0.43333333333333335,0.05,0.2833333333333333
20260528,4889.266,4922.33,4843.227,4914.213,26743273100,,1.6116594144743541,0.12310084550841704,6.041999999999462,,0.6725195134971361,0.7889960238568589,0.6511201748402454,69311,46613,100600,79373,"{""2606"": {""call_vol"": 61691, ""put_vol"": 40473, ""call_oi"": 62444, ""put_oi"": 47842}, ""2607"": {""call_vol"": 3939, ""put_vol"": 3422, ""call_oi"": 9147, ""put_oi"": 9291}, ""2608"": {""call_vol"": 673, ""put_vol"": 768, ""call_oi"": 1518, ""put_oi"": 2003}, ""2609"": {""call_vol"": 1958, ""put_vol"": 1270, ""call_oi"": 17774, ""put_oi"": 9271}, ""2612"": {""call_vol"": 704, ""put_vol"": 333, ""call_oi"": 6817, ""put_oi"": 7268}, ""2703"": {""call_vol"": 346, ""put_vol"": 347, ""call_oi"": 2900, ""put_oi"": 3698}}",0.7631957357334963,0.7883963487433174,616847,470775,583799,460265,686158,517388,0.7540362423814924,684399,539638,0.7884844951556037,20.48,20.75,19.21,19.24,0.5,0.3,0.6,0.8333333333333334,0.75,0.55,0.2,0.21666666666666667,0.15,0.3333333333333333,0.2,0.2,0.2,0.38333333333333336
20260529,4937.512,4954.07,4878.787,4892.121,33251861000,,1.5319441790577546,-0.4495531634465144,-22.091999999999643,,0.544718839700062,0.7820183168173808,0.4814027895688608,79083,43078,103839,81204,"{""2606"": {""call_vol"": 65715, ""put_vol"": 35527, ""call_oi"": 63431, ""put_oi"": 48550}, ""2607"": {""call_vol"": 7782, ""put_vol"": 4543, ""call_oi"": 11589, ""put_oi"": 9983}, ""2608"": {""call_vol"": 695, ""put_vol"": 695, ""call_oi"": 1507, ""put_oi"": 2303}, ""2609"": {""call_vol"": 3428, ""put_vol"": 1485, ""call_oi"": 17534, ""put_oi"": 9210}, ""2612"": {""call_vol"": 897, ""put_vol"": 509, ""call_oi"": 6969, ""put_oi"": 7390}, ""2703"": {""call_vol"": 566, ""put_vol"": 319, ""call_oi"": 2809, ""put_oi"": 3768}}",0.7999907194997811,0.7705913104089219,689618,551688,619776,477594,768701,594766,0.7737286669329168,723615,558798,0.7722310897369458,18.91,20.39,18.42,20.14,0.05,0.016666666666666666,0.55,0.8,0.4,0.21666666666666667,0.3,0.3,0.1,0.26666666666666666,0.3,0.26666666666666666,0.1,0.3
20260601,4897.897,4918.794,4836.685,4844.256,29613405100,,1.6783926644496214,-0.9784099780034028,-47.86499999999978,,0.7057035490605428,0.7575577949021932,0.7205888110295232,59875,42254,109655,83070,"{""2606"": {""call_vol"": 50969, ""put_vol"": 35293, ""call_oi"": 66593, ""put_oi"": 49018}, ""2607"": {""call_vol"": 5197, ""put_vol"": 4312, ""call_oi"": 13602, ""put_oi"": 10863}, ""2608"": {""call_vol"": 505, ""put_vol"": 911, ""call_oi"": 1608, ""put_oi"": 2584}, ""2609"": {""call_vol"": 2357, ""put_vol"": 1110, ""call_oi"": 17956, ""put_oi"": 9228}, ""2612"": {""call_vol"": 620, ""put_vol"": 272, ""call_oi"": 7048, ""put_oi"": 7457}, ""2703"": {""call_vol"": 227, ""put_vol"": 356, ""call_oi"": 2848, ""put_oi"": 3920}}",0.8762229887299715,0.7868110593502329,563885,494089,661160,520208,623760,536343,0.859854751827626,770815,603278,0.7826495332861971,20.39,20.7,19.47,19.78,0.7,0.45,0.1,0.5833333333333334,0.85,0.65,0.65,0.5666666666666667,0.15,0.31666666666666665,0.65,0.55,0.15,0.35
20260602,4860.612,4930.278,4831.997,4914.559,28173166200,,2.0288151575804405,1.4512651684799538,70.30299999999988,,0.6719807047473381,0.7807483120780195,0.5910890444482448,67996,45692,106640,83259,"{""2606"": {""call_vol"": 58323, ""put_vol"": 39613, ""call_oi"": 62821, ""put_oi"": 48749}, ""2607"": {""call_vol"": 6149, ""put_vol"": 3650, ""call_oi"": 14354, ""put_oi"": 11217}, ""2608"": {""call_vol"": 670, ""put_vol"": 658, ""call_oi"": 1750, ""put_oi"": 2753}, ""2609"": {""call_vol"": 2127, ""put_vol"": 1262, ""call_oi"": 17745, ""put_oi"": 9195}, ""2612"": {""call_vol"": 648, ""put_vol"": 296, ""call_oi"": 7131, ""put_oi"": 7403}, ""2703"": {""call_vol"": 79, ""put_vol"": 213, ""call_oi"": 2839, ""put_oi"": 3942}}",0.9076251319768794,0.8377847249133438,614691,557909,652867,546962,682687,603601,0.884154817654357,759507,630221,0.8297764207571491,19.85,20.32,19.2,19.22,0.55,0.3,0.45,0.7666666666666667,0.65,0.45,0.65,0.6666666666666666,0.35,0.6,0.65,0.65,0.35,0.6333333333333333
20260603,4921.345,4991.853,4904.897,4938.809,30403594700,,1.7693550937123783,0.4934318623502021,24.25,,0.6509137834821429,0.7965294156649901,0.44150483516726124,86016,55989,105573,84092,"{""2606"": {""call_vol"": 70753, ""put_vol"": 47489, ""call_oi"": 60661, ""put_oi"": 48571}, ""2607"": {""call_vol"": 9189, ""put_vol"": 5388, ""call_oi"": 15130, ""put_oi"": 11630}, ""2608"": {""call_vol"": 1578, ""put_vol"": 1104, ""call_oi"": 2010, ""put_oi"": 3307}, ""2609"": {""call_vol"": 3492, ""put_vol"": 1165, ""call_oi"": 17641, ""put_oi"": 9137}, ""2612"": {""call_vol"": 769, ""put_vol"": 534, ""call_oi"": 7223, ""put_oi"": 7423}, ""2703"": {""call_vol"": 235, ""put_vol"": 309, ""call_oi"": 2908, ""put_oi"": 4024}}",1.022444824570045,0.846304921417919,669954,684991,653775,553293,755970,740980,0.9801711708136567,759348,637385,0.8393845772952586,20.0,20.0,19.4,19.4,0.45,0.18333333333333332,0.65,0.85,0.25,0.15,0.75,0.8333333333333334,0.45,0.6166666666666667,0.7,0.8166666666666667,0.45,0.6666666666666666
20260604,4897.316,4938.781,4889.746,4904.745,26480891000,,0.9928507055040973,-0.6897209428427087,-34.064000000000306,,0.6717936877253432,0.7661585779546791,0.6127557268903501,56303,37824,110545,84695,"{""2606"": {""call_vol"": 46930, ""put_vol"": 32756, ""call_oi"": 63257, ""put_oi"": 48523}, ""2607"": {""call_vol"": 6346, ""put_vol"": 3377, ""call_oi"": 17448, ""put_oi"": 12144}, ""2608"": {""call_vol"": 384, ""put_vol"": 318, ""call_oi"": 2026, ""put_oi"": 3378}, ""2609"": {""call_vol"": 1731, ""put_vol"": 667, ""call_oi"": 17688, ""put_oi"": 9102}, ""2612"": {""call_vol"": 803, ""put_vol"": 448, ""call_oi"": 7233, ""put_oi"": 7475}, ""2703"": {""call_vol"": 109, ""put_vol"": 258, ""call_oi"": 2893, ""put_oi"": 4073}}",0.8608982401271937,0.7981413729848214,611351,526311,685237,546916,667654,564135,0.8449511273803497,795782,631611,0.79369852547557,19.36,19.79,19.1,19.17,0.55,0.3,0.2,0.6333333333333333,0.65,0.5,0.45,0.48333333333333334,0.3,0.4,0.45,0.4666666666666667,0.3,0.43333333333333335
20260605,4886.965,4924.344,4798.91,4816.92,30192933600,,2.5574010473531286,-1.790612967646632,-87.82499999999982,,0.699995487466438,0.7160212984026199,0.8309213174545361,88642,62049,120009,85929,"{""2606"": {""call_vol"": 72308, ""put_vol"": 51976, ""call_oi"": 68429, ""put_oi"": 47647}, ""2607"": {""call_vol"": 11515, ""put_vol"": 6918, ""call_oi"": 20972, ""put_oi"": 13662}, ""2608"": {""call_vol"": 938, ""put_vol"": 900, ""call_oi"": 2116, ""put_oi"": 3749}, ""2609"": {""call_vol"": 2864, ""put_vol"": 1308, ""call_oi"": 18044, ""put_oi"": 9075}, ""2612"": {""call_vol"": 740, ""put_vol"": 515, ""call_oi"": 7498, ""put_oi"": 7596}, ""2703"": {""call_vol"": 277, ""put_vol"": 432, ""call_oi"": 2950, ""put_oi"": 4200}}",0.8719864788452337,0.760416393093658,804665,701657,723451,550124,893307,763706,0.8549199771187285,843460,636053,0.7540997794797619,19.39,19.65,19.23,19.24,0.75,0.4666666666666667,0.05,0.35,0.9,0.7333333333333333,0.5,0.5833333333333334,0.05,0.23333333333333334,0.5,0.55,0.05,0.23333333333333334
20260608,4703.773,4779.862,4677.568,4713.636,29964756500,,2.123639171918983,-2.144191724172284,-103.28399999999965,,0.8352257567223029,0.6673669196362819,1.4436784330123313,101193,84519,129001,86091,"{""2606"": {""call_vol"": 80169, ""put_vol"": 70565, ""call_oi"": 72447, ""put_oi"": 46768}, ""2607"": {""call_vol"": 12976, ""put_vol"": 8780, ""call_oi"": 23620, ""put_oi"": 14018}, ""2608"": {""call_vol"": 1443, ""put_vol"": 968, ""call_oi"": 2390, ""put_oi"": 3874}, ""2609"": {""call_vol"": 4545, ""put_vol"": 2430, ""call_oi"": 19400, ""put_oi"": 9192}, ""2612"": {""call_vol"": 1560, ""put_vol"": 1186, ""call_oi"": 8090, ""put_oi"": 7889}, ""2703"": {""call_vol"": 500, ""put_vol"": 590, ""call_oi"": 3054, ""put_oi"": 4350}}",1.0758418186804173,0.7093794733279711,835067,898400,784511,556516,936260,982919,1.0498355157755324,913512,642607,0.7034466980181979,21.39,21.95,20.5,21.08,1.0,0.9166666666666666,0.05,0.13333333333333333,1.0,0.9833333333333333,0.8,0.9166666666666666,0.05,0.18333333333333332,0.85,0.9333333333333333,0.05,0.18333333333333332
20260609,4743.451,4802.505,4715.391,4801.811,25839160100,,1.848127432835299,1.8706365956132176,88.17499999999927,,0.7112397420867527,0.6951128498817688,1.1048242287100916,68240,48535,127293,88483,"{""2606"": {""call_vol"": 54428, ""put_vol"": 39081, ""call_oi"": 68117, ""put_oi"": 47488}, ""2607"": {""call_vol"": 7583, ""put_vol"": 5379, ""call_oi"": 24276, ""put_oi"": 14681}, ""2608"": {""call_vol"": 689, ""put_vol"": 651, ""call_oi"": 2535, ""put_oi"": 4180}, ""2609"": {""call_vol"": 4687, ""put_vol"": 2405, ""call_oi"": 21068, ""put_oi"": 9661}, ""2612"": {""call_vol"": 641, ""put_vol"": 708, ""call_oi"": 8200, ""put_oi"": 8025}, ""2703"": {""call_vol"": 212, ""put_vol"": 311, ""call_oi"": 3097, ""put_oi"": 4448}}",1.0329726253390374,0.7591054770824268,536445,554133,753832,572238,604685,602668,0.9966643789741766,881125,660721,0.7498606894594978,21.28,21.32,19.36,19.5,0.75,0.55,0.1,0.25,0.95,0.85,0.7,0.8833333333333333,0.1,0.25,0.75,0.8666666666666667,0.1,0.25
20260610,4753.115,4786.516,4718.995,4748.593,25929710900,,1.406156968693681,-1.1082901846824034,-53.21799999999985,,0.819136796360851,0.7010916038179171,1.2160433065811866,63971,52401,129809,91008,"{""2606"": {""call_vol"": 48946, ""put_vol"": 41833, ""call_oi"": 68000, ""put_oi"": 48036}, ""2607"": {""call_vol"": 7195, ""put_vol"": 5393, ""call_oi"": 25408, ""put_oi"": 15088}, ""2608"": {""call_vol"": 862, ""put_vol"": 829, ""call_oi"": 2505, ""put_oi"": 4344}, ""2609"": {""call_vol"": 5118, ""put_vol"": 3023, ""call_oi"": 22037, ""put_oi"": 10630}, ""2612"": {""call_vol"": 1628, ""put_vol"": 1153, ""call_oi"": 8702, ""put_oi"": 8437}, ""2703"": {""call_vol"": 222, ""put_vol"": 170, ""call_oi"": 3157, ""put_oi"": 4473}}",1.0095853325195665,0.7411235266945221,650473,656708,764183,566354,714444,709109,0.9925326547637043,893992,657362,0.7353108305219733,19.39,19.65,19.23,19.24,0.95,0.8833333333333333,0.15,0.26666666666666666,0.95,0.8666666666666667,0.65,0.8333333333333334,0.1,0.25,0.7,0.8666666666666667,0.1,0.25
20260611,4730.072,4766.173,4685.501,4722.412,24717705900,,1.6988611152819282,-0.5513422607496543,-26.180999999999585,,0.8062030284252506,0.6829347601170593,1.206907313537549,62937,50740,135316,92412,"{""2606"": {""call_vol"": 50690, ""put_vol"": 41565, ""call_oi"": 70842, ""put_oi"": 47968}, ""2607"": {""call_vol"": 8761, ""put_vol"": 5969, ""call_oi"": 27347, ""put_oi"": 15780}, ""2608"": {""call_vol"": 597, ""put_vol"": 813, ""call_oi"": 2526, ""put_oi"": 4615}, ""2609"": {""call_vol"": 2227, ""put_vol"": 1481, ""call_oi"": 22520, ""put_oi"": 10814}, ""2612"": {""call_vol"": 453, ""put_vol"": 398, ""call_oi"": 8876, ""put_oi"": 8574}, ""2703"": {""call_vol"": 209, ""put_vol"": 514, ""call_oi"": 3205, ""put_oi"": 4661}}",0.9754882431752288,0.7298848189139997,705335,688046,795009,580265,768272,738786,0.9616203636212175,930325,672677,0.723055921317819,19.91,19.98,19.91,19.98,0.9,0.85,0.1,0.18333333333333332,0.9,0.85,0.6,0.75,0.1,0.25,0.6,0.75,0.1,0.23333333333333334
20260612,4784.64,4809.861,4757.557,4777.321,33592206300,,1.107569606379115,1.1627320953783604,54.90899999999965,,0.5708699686298767,0.7263172036637505,0.5530516457650916,90532,51682,126537,91906,"{""2606"": {""call_vol"": 71735, ""put_vol"": 41641, ""call_oi"": 60170, ""put_oi"": 45890}, ""2607"": {""call_vol"": 13458, ""put_vol"": 7202, ""call_oi"": 28501, ""put_oi"": 16546}, ""2608"": {""call_vol"": 1010, ""put_vol"": 900, ""call_oi"": 2670, ""put_oi"": 5084}, ""2609"": {""call_vol"": 3354, ""put_vol"": 1283, ""call_oi"": 22983, ""put_oi"": 11085}, ""2612"": {""call_vol"": 779, ""put_vol"": 409, ""call_oi"": 9010, ""put_oi"": 8628}, ""2703"": {""call_vol"": 196, ""put_vol"": 247, ""call_oi"": 3203, ""put_oi"": 4673}}",0.8190596616120225,0.7765100859058649,824852,675603,750007,582388,915384,727285,0.7945135593368466,876544,674294,0.7692642924941588,18.88,19.23,18.63,18.78,0.1,0.03333333333333333,0.3,0.38333333333333336,0.3,0.36666666666666664,0.25,0.4,0.4,0.36666666666666664,0.25,0.35,0.3,0.3333333333333333
20260615,4829.289,4892.55,4803.184,4891.713,33131607600,,1.8706300037196577,2.394480086224049,114.39199999999983,,0.6574652284984388,0.7737968994596778,0.3984253653394932,98644,64855,118818,91941,"{""2606"": {""call_vol"": 70513, ""put_vol"": 48808, ""call_oi"": 50518, ""put_oi"": 42568}, ""2607"": {""call_vol"": 20029, ""put_vol"": 10895, ""call_oi"": 29255, ""put_oi"": 18950}, ""2608"": {""call_vol"": 1865, ""put_vol"": 1624, ""call_oi"": 3022, ""put_oi"": 5457}, ""2609"": {""call_vol"": 4666, ""put_vol"": 2198, ""call_oi"": 23695, ""put_oi"": 11657}, ""2612"": {""call_vol"": 1102, ""put_vol"": 946, ""call_oi"": 8974, ""put_oi"": 8565}, ""2703"": {""call_vol"": 469, ""put_vol"": 384, ""call_oi"": 3354, ""put_oi"": 4744}}",0.7958460601458742,0.8783344334308247,871847,693856,702968,617441,970491,758711,0.7817805626224251,821786,709382,0.8632198650256879,19.21,20.15,19.05,19.6,0.4,0.25,0.6,0.6666666666666666,0.05,0.1,0.15,0.3,0.95,0.7833333333333333,0.2,0.3,0.95,0.75
20260616,4894.879,4908.282,4866.061,4884.232,28258474300,,0.8631127786932811,-0.15293211192071166,-7.480999999999767,,0.6663864350660269,0.7805891364438672,0.4995763024367884,77317,51523,120108,93755,"{""2606"": {""call_vol"": 52552, ""put_vol"": 37091, ""call_oi"": 47721, ""put_oi"": 41086}, ""2607"": {""call_vol"": 18954, ""put_vol"": 10693, ""call_oi"": 32125, ""put_oi"": 21354}, ""2608"": {""call_vol"": 1511, ""put_vol"": 1258, ""call_oi"": 3492, ""put_oi"": 5842}, ""2609"": {""call_vol"": 3379, ""put_vol"": 1238, ""call_oi"": 24308, ""put_oi"": 11890}, ""2612"": {""call_vol"": 798, ""put_vol"": 995, ""call_oi"": 9111, ""put_oi"": 8729}, ""2703"": {""call_vol"": 123, ""put_vol"": 248, ""call_oi"": 3351, ""put_oi"": 4854}}",1.376348846217697,0.8634976345616585,867408,1193856,696911,601781,944725,1245379,1.3182449919288681,817019,695536,0.8513094554716598,19.79,20.07,19.22,20.01,0.45,0.3,0.65,0.7333333333333333,0.3,0.2833333333333333,1.0,1.0,0.85,0.7166666666666667,1.0,1.0,0.85,0.7166666666666667
20260617,4859.701,4933.929,4859.701,4931.386,27605395000,,1.5197476286957718,0.9654332554227762,47.15400000000045,,0.7010427471747557,0.8082698567162175,0.4568829941544117,73268,51364,119204,96349,"{""2606"": {""call_vol"": 50454, ""put_vol"": 35013, ""call_oi"": 43755, ""put_oi"": 40705}, ""2607"": {""call_vol"": 16825, ""put_vol"": 11840, ""call_oi"": 33713, ""put_oi"": 22800}, ""2608"": {""call_vol"": 1104, ""put_vol"": 1269, ""call_oi"": 3780, ""put_oi"": 6369}, ""2609"": {""call_vol"": 3913, ""put_vol"": 1792, ""call_oi"": 25332, ""put_oi"": 12516}, ""2612"": {""call_vol"": 683, ""put_vol"": 728, ""call_oi"": 9165, ""put_oi"": 8697}, ""2703"": {""call_vol"": 289, ""put_vol"": 722, ""call_oi"": 3459, ""put_oi"": 5262}}",1.0777038680040478,0.8909431103047657,875542,943575,669137,596163,948810,994939,1.0486177422244707,788341,692512,0.8784421969680634,20.17,21.15,20.0,21.12,0.7,0.5333333333333333,1.0,0.9166666666666666,0.15,0.23333333333333334,0.95,0.9166666666666666,0.95,0.8,0.9,0.9166666666666666,0.95,0.8
20260618,4916.044,4976.891,4916.044,4941.599,33445990200,,1.2338721811677233,0.20710201959448504,10.212999999999738,,0.6936898685577487,0.8548943661971831,0.35287694608881554,110695,76788,113600,97116,"{""2606"": {""call_vol"": 74319, ""put_vol"": 54195, ""call_oi"": 35674, ""put_oi"": 38299}, ""2607"": {""call_vol"": 27752, ""put_vol"": 17325, ""call_oi"": 35655, ""put_oi"": 24939}, ""2608"": {""call_vol"": 2073, ""put_vol"": 1418, ""call_oi"": 4044, ""put_oi"": 6693}, ""2609"": {""call_vol"": 5377, ""put_vol"": 2345, ""call_oi"": 25617, ""put_oi"": 12773}, ""2612"": {""call_vol"": 754, ""put_vol"": 566, ""call_oi"": 9141, ""put_oi"": 8767}, ""2703"": {""call_vol"": 420, ""put_vol"": 939, ""call_oi"": 3469, ""put_oi"": 5645}}",1.0668524821619865,0.9154082728920079,1094993,1168196,650631,595593,1205688,1244984,1.0325921797347242,764231,692709,0.9064131133125979,21.24,22.33,21.24,21.7,0.6,0.48333333333333334,1.0,0.9666666666666667,0.05,0.1,0.85,0.8833333333333333,1.0,0.8333333333333334,0.85,0.8833333333333333,1.0,0.85
20260622,4949.346,5061.511,4928.458,5059.658,37510012400,,2.6925090441373487,2.3890849905061184,118.0590000000002,,0.5940854770103302,0.787243358956894,0.2941538281142524,143173,85057,82216,64724,"{""2606"": {""call_vol"": 72404, ""put_vol"": 46815, ""call_oi"": 0, ""put_oi"": 0}, ""2607"": {""call_vol"": 55647, ""put_vol"": 30590, ""call_oi"": 39259, ""put_oi"": 29667}, ""2608"": {""call_vol"": 3183, ""put_vol"": 2875, ""call_oi"": 4648, ""put_oi"": 7107}, ""2609"": {""call_vol"": 9417, ""put_vol"": 3335, ""call_oi"": 25920, ""put_oi"": 13441}, ""2612"": {""call_vol"": 1907, ""put_vol"": 813, ""call_oi"": 9036, ""put_oi"": 8735}, ""2703"": {""call_vol"": 615, ""put_vol"": 629, ""call_oi"": 3353, ""put_oi"": 5774}}",0.8659290736548876,1.00366992540552,1015194,879086,585298,587446,1158367,964143,0.8323294776180606,667514,652170,0.977013216202207,22.7,23.43,21.19,22.88,0.2,0.06666666666666667,0.65,0.7666666666666667,0.05,0.016666666666666666,0.45,0.5166666666666667,1.0,0.9666666666666667,0.4,0.4666666666666667,1.0,1.0
20260623,5048.026,5064.265,4892.094,4919.386,34271933600,,3.4028189257060513,-2.772361293984693,-140.27199999999993,,0.5894748891710201,0.7213163938835896,0.4910308275298962,96094,56645,96658,69721,"{""2607"": {""call_vol"": 78651, ""put_vol"": 44812, ""call_oi"": 50463, ""put_oi"": 32306}, ""2608"": {""call_vol"": 5229, ""put_vol"": 3522, ""call_oi"": 6062, ""put_oi"": 7729}, ""2609"": {""call_vol"": 10429, ""put_vol"": 6233, ""call_oi"": 27430, ""put_oi"": 14730}, ""2612"": {""call_vol"": 1162, ""put_vol"": 965, ""call_oi"": 9231, ""put_oi"": 8815}, ""2703"": {""call_vol"": 448, ""put_vol"": 753, ""call_oi"": 3385, ""put_oi"": 5947}, ""2706"": {""call_vol"": 175, ""put_vol"": 360, ""call_oi"": 87, ""put_oi"": 194}}",1.0085718098279532,0.8875593941793705,884294,891874,646528,573832,980388,948519,0.9674934821723644,743186,643553,0.8659380020613952,23.19,23.77,22.92,23.18,0.2,0.06666666666666667,0.3,0.26666666666666666,0.4,0.31666666666666665,0.65,0.7666666666666667,0.8,0.75,0.65,0.7333333333333333,0.8,0.7166666666666667
20260624,4900.384,4953.232,4892.268,4943.02,31224902500,,1.2392603467180647,0.4804258092371727,23.634000000000015,,0.5520492951171693,0.7294157669871827,0.6097271405805731,64266,35478,99943,72900,"{""2607"": {""call_vol"": 54507, ""put_vol"": 28834, ""call_oi"": 52216, ""put_oi"": 34299}, ""2608"": {""call_vol"": 3298, ""put_vol"": 2343, ""call_oi"": 6448, ""put_oi"": 8015}, ""2609"": {""call_vol"": 5016, ""put_vol"": 2735, ""call_oi"": 28360, ""put_oi"": 15468}, ""2612"": {""call_vol"": 766, ""put_vol"": 798, ""call_oi"": 9415, ""put_oi"": 8755}, ""2703"": {""call_vol"": 451, ""put_vol"": 416, ""call_oi"": 3349, ""put_oi"": 6006}, ""2706"": {""call_vol"": 228, ""put_vol"": 352, ""call_oi"": 155, ""put_oi"": 357}}",0.9106717308801103,0.84673109197976,664269,604931,477866,404624,728535,640409,0.8790366969328859,577809,477524,0.8264391866516444,23.4,23.61,21.86,22.75,0.1,0.03333333333333333,0.4,0.3,0.6,0.6,0.55,0.6666666666666666,0.7,0.5833333333333334,0.5,0.6166666666666667,0.6,0.5333333333333333
20260625,4950.975,5031.999,4944.876,5020.104,34666428900,,1.76254597391877,1.559451509401133,77.08399999999983,,0.5328572331416292,0.7813934384145402,0.4363257864775999,79115,42157,97385,76096,"{""2607"": {""call_vol"": 68909, ""put_vol"": 34860, ""call_oi"": 48939, ""put_oi"": 35989}, ""2608"": {""call_vol"": 3932, ""put_vol"": 3423, ""call_oi"": 6848, ""put_oi"": 8616}, ""2609"": {""call_vol"": 4696, ""put_vol"": 2718, ""call_oi"": 28562, ""put_oi"": 16284}, ""2612"": {""call_vol"": 1040, ""put_vol"": 483, ""call_oi"": 9392, ""put_oi"": 8749}, ""2703"": {""call_vol"": 208, ""put_vol"": 353, ""call_oi"": 3341, ""put_oi"": 6008}, ""2706"": {""call_vol"": 330, ""put_vol"": 320, ""call_oi"": 303, ""put_oi"": 450}}",0.895702769306641,0.8738173672944864,673201,602988,502692,439261,752316,645145,0.8575452336518166,600077,515357,0.8588181183414795,23.02,23.02,21.6,21.6,0.05,0.016666666666666666,0.7,0.7166666666666667,0.2,0.18333333333333332,0.45,0.5833333333333334,0.75,0.6666666666666666,0.4,0.5333333333333333,0.75,0.65
20260626,4981.825,4981.983,4845.192,4868.221,34117923800,,2.7248638673621137,-3.0254950893447763,-151.88300000000072,,0.7856237571837511,0.7107125746879153,0.9303585293800687,91526,71905,110627,78624,"{""2607"": {""call_vol"": 75357, ""put_vol"": 57892, ""call_oi"": 57994, ""put_oi"": 36547}, ""2608"": {""call_vol"": 6445, ""put_vol"": 6524, ""call_oi"": 8711, ""put_oi"": 9474}, ""2609"": {""call_vol"": 7306, ""put_vol"": 5329, ""call_oi"": 30281, ""put_oi"": 16962}, ""2612"": {""call_vol"": 1573, ""put_vol"": 1195, ""call_oi"": 9853, ""put_oi"": 8928}, ""2703"": {""call_vol"": 433, ""put_vol"": 531, ""call_oi"": 3416, ""put_oi"": 6156}, ""2706"": {""call_vol"": 412, ""put_vol"": 434, ""call_oi"": 372, ""put_oi"": 557}}",1.3488146726555454,0.7950753596575935,684157,922801,589241,468491,775683,994706,1.2823614801407275,699868,547115,0.7817402710225356,22.39,24.8,22.32,23.18,0.85,0.8333333333333334,0.25,0.2,0.8,0.85,0.95,0.9833333333333333,0.45,0.3333333333333333,0.95,0.9833333333333333,0.4,0.2833333333333333
20260629,4866.043,4928.599,4827.149,4926.921,32321613400,,2.0839234701957827,1.2057792774814668,58.70000000000073,,0.7023786972640922,0.7386563489271896,0.8084540433477045,73906,51910,110877,81900,"{""2607"": {""call_vol"": 62441, ""put_vol"": 44094, ""call_oi"": 57853, ""put_oi"": 38681}, ""2608"": {""call_vol"": 3879, ""put_vol"": 3313, ""call_oi"": 8768, ""put_oi"": 9998}, ""2609"": {""call_vol"": 5808, ""put_vol"": 2983, ""call_oi"": 30273, ""put_oi"": 17551}, ""2612"": {""call_vol"": 1049, ""put_vol"": 718, ""call_oi"": 10049, ""put_oi"": 8884}, ""2703"": {""call_vol"": 441, ""put_vol"": 417, ""call_oi"": 3478, ""put_oi"": 6167}, ""2706"": {""call_vol"": 288, ""put_vol"": 385, ""call_oi"": 456, ""put_oi"": 619}}",1.3399076057242316,0.8032512815928996,598089,801384,604131,485269,671995,853294,1.2697921859537646,715008,567169,0.7932344812925171,21.24,22.33,21.24,21.7,0.7,0.5833333333333334,0.5,0.38333333333333336,0.7,0.7833333333333333,0.9,0.9666666666666667,0.5,0.4,0.9,0.95,0.45,0.38333333333333336
20260630,4914.493,4987.56,4914.493,4979.433,30615022600,,1.483015457321114,1.0658177795016321,52.511999999999716,,0.611329122001021,0.7776254079701599,0.5426997311988495,62688,38323,109383,85059,"{""2607"": {""call_vol"": 53972, ""put_vol"": 31143, ""call_oi"": 55498, ""put_oi"": 40273}, ""2608"": {""call_vol"": 3215, ""put_vol"": 2754, ""call_oi"": 9236, ""put_oi"": 10359}, ""2609"": {""call_vol"": 4451, ""put_vol"": 2837, ""call_oi"": 30589, ""put_oi"": 18656}, ""2612"": {""call_vol"": 654, ""put_vol"": 864, ""call_oi"": 10069, ""put_oi"": 8713}, ""2703"": {""call_vol"": 227, ""put_vol"": 503, ""call_oi"": 3462, ""put_oi"": 6352}, ""2706"": {""call_vol"": 169, ""put_vol"": 222, ""call_oi"": 529, ""put_oi"": 706}}",1.2078793380656028,0.8416483231474154,457145,552176,601484,506238,519833,590499,1.135939811439443,710867,591297,0.8317969465455564,22.7,23.43,21.19,22.88,0.3,0.16666666666666666,0.65,0.6333333333333333,0.45,0.4666666666666667,0.85,0.9333333333333333,0.55,0.5166666666666667,0.85,0.9166666666666666,0.6,0.5333333333333333
20260701,4972.692,5017.375,4925.631,4958.977,34293474700,,1.8424587699041175,-0.410809825134717,-20.45600000000013,,0.5972511802909387,0.8111017365585914,0.5027360597569712,83454,49843,107857,87483,"{""2607"": {""call_vol"": 70683, ""put_vol"": 41174, ""call_oi"": 54129, ""put_oi"": 41434}, ""2608"": {""call_vol"": 5178, ""put_vol"": 3902, ""call_oi"": 9836, ""put_oi"": 10976}, ""2609"": {""call_vol"": 5848, ""put_vol"": 3324, ""call_oi"": 29536, ""put_oi"": 19108}, ""2612"": {""call_vol"": 1075, ""put_vol"": 738, ""call_oi"": 10150, ""put_oi"": 8751}, ""2703"": {""call_vol"": 295, ""put_vol"": 311, ""call_oi"": 3572, ""put_oi"": 6333}, ""2706"": {""call_vol"": 375, ""put_vol"": 394, ""call_oi"": 634, ""put_oi"": 881}}",1.1752237067030837,0.810901192520852,523565,615306,616006,499520,607019,665149,1.0957630650770405,723863,587003,0.8109310739739426,23.4,23.61,21.86,22.75,0.3,0.13333333333333333,0.95,0.9166666666666666,0.45,0.4,0.8,0.9,0.5,0.38333333333333336,0.8,0.8833333333333333,0.5,0.4
20260702,4865.171,4896.993,4800.484,4812.296,34324375800,,1.9461473606350668,-2.9578882902663084,-146.68099999999959,,0.7865388217664138,0.7393123551712562,1.0212387441088333,85416,67183,122127,90290,"{""2607"": {""call_vol"": 68490, ""put_vol"": 52353, ""call_oi"": 63606, ""put_oi"": 41536}, ""2608"": {""call_vol"": 7667, ""put_vol"": 7234, ""call_oi"": 11884, ""put_oi"": 11852}, ""2609"": {""call_vol"": 6796, ""put_vol"": 4512, ""call_oi"": 31776, ""put_oi"": 19911}, ""2612"": {""call_vol"": 1507, ""put_vol"": 1266, ""call_oi"": 10555, ""put_oi"": 9054}, ""2703"": {""call_vol"": 496, ""put_vol"": 850, ""call_oi"": 3573, ""put_oi"": 6583}, ""2706"": {""call_vol"": 460, ""put_vol"": 968, ""call_oi"": 733, ""put_oi"": 1354}}",1.1146183624467936,0.7498563612095712,617641,688434,678786,508992,703057,755617,1.0747592300482038,800913,599282,0.7482485613293829,22.7,23.43,21.19,22.88,0.85,0.9,0.55,0.35,0.8,0.9,0.75,0.8666666666666667,0.2,0.1,0.75,0.8666666666666667,0.2,0.1
20260703,4809.499,4890.965,4809.499,4842.174,30106756800,,1.6928717601743606,0.6208678767889442,29.8779999999997,,0.6440547335969777,0.7590515170093953,0.7437139486840465,79147,50975,120698,91616,"{""2607"": {""call_vol"": 64697, ""put_vol"": 40316, ""call_oi"": 60528, ""put_oi"": 41966}, ""2608"": {""call_vol"": 6439, ""put_vol"": 5153, ""call_oi"": 12158, ""put_oi"": 11953}, ""2609"": {""call_vol"": 6444, ""put_vol"": 3737, ""call_oi"": 32898, ""put_oi"": 20353}, ""2612"": {""call_vol"": 921, ""put_vol"": 945, ""call_oi"": 10652, ""put_oi"": 9149}, ""2703"": {""call_vol"": 267, ""put_vol"": 380, ""call_oi"": 3609, ""put_oi"": 6642}, ""2706"": {""call_vol"": 379, ""put_vol"": 444, ""call_oi"": 853, ""put_oi"": 1553}}",1.194556147537326,0.7692559595048835,560265,669268,680971,523841,639412,720243,1.1264145808961983,801669,615457,0.7677195949949418,23.19,23.77,22.92,23.18,0.4,0.25,0.6,0.4166666666666667,0.6,0.8,0.8,0.9,0.35,0.16666666666666666,0.8,0.9,0.35,0.15
20260706,4868.542,4878.323,4789.796,4841.998,29405054300,,1.828249046812445,-0.0036347310113260534,-0.17600000000038563,,0.721144914073386,0.7573716063211675,0.9356574871868574,68896,49684,124091,93983,"{""2607"": {""call_vol"": 56586, ""put_vol"": 39884, ""call_oi"": 60912, ""put_oi"": 42099}, ""2608"": {""call_vol"": 5595, ""put_vol"": 4699, ""call_oi"": 13448, ""put_oi"": 13094}, ""2609"": {""call_vol"": 5359, ""put_vol"": 3905, ""call_oi"": 34242, ""put_oi"": 21160}, ""2612"": {""call_vol"": 685, ""put_vol"": 633, ""call_oi"": 10825, ""put_oi"": 9239}, ""2703"": {""call_vol"": 353, ""put_vol"": 235, ""call_oi"": 3714, ""put_oi"": 6711}, ""2706"": {""call_vol"": 318, ""put_vol"": 328, ""call_oi"": 950, ""put_oi"": 1680}}",0.9848821917376719,0.7694195705721943,507944,500265,682443,525085,576840,549949,0.9533822203730671,806534,619068,0.7675659054670975,20.98,21.12,20.22,20.29,0.75,0.7166666666666667,0.55,0.36666666666666664,0.75,0.9166666666666666,0.35,0.6666666666666666,0.35,0.16666666666666666,0.3,0.65,0.3,0.13333333333333333
20260707,4813.871,4839.51,4756.725,4792.262,24630599900,,1.7097280915853301,-1.0271792759930842,-49.735999999999876,,0.7139529165102825,0.7176681120517585,1.0301316770656577,77267,55165,130761,93843,"{""2607"": {""call_vol"": 61326, ""put_vol"": 42632, ""call_oi"": 66221, ""put_oi"": 40830}, ""2608"": {""call_vol"": 7072, ""put_vol"": 6089, ""call_oi"": 14736, ""put_oi"": 13523}, ""2609"": {""call_vol"": 7192, ""put_vol"": 4539, ""call_oi"": 33884, ""put_oi"": 21457}, ""2612"": {""call_vol"": 1020, ""put_vol"": 1088, ""call_oi"": 11151, ""put_oi"": 9485}, ""2703"": {""call_vol"": 508, ""put_vol"": 565, ""call_oi"": 3810, ""put_oi"": 6811}, ""2706"": {""call_vol"": 149, ""put_vol"": 252, ""call_oi"": 959, ""put_oi"": 1737}}",0.9902299467851389,0.7277971947284727,512075,507072,715011,520383,589342,562237,0.9540080292936869,845772,614226,0.7262311828719796,23.03,23.06,22.14,22.29,0.75,0.7,0.25,0.13333333333333333,0.85,0.9333333333333333,0.4,0.6666666666666666,0.05,0.03333333333333333,0.35,0.65,0.1,0.05
20260708,4804.484,4830.046,4751.405,4755.534,24392874900,,1.6409995947634026,-0.7664021708329027,-36.728000000000065,,0.6283340833627263,0.7014806547619048,0.9150591763073789,82219,51661,134400,94279,"{""2607"": {""call_vol"": 68301, ""put_vol"": 40786, ""call_oi"": 67101, ""put_oi"": 39540}, ""2608"": {""call_vol"": 7902, ""put_vol"": 5819, ""call_oi"": 16435, ""put_oi"": 14536}, ""2609"": {""call_vol"": 4334, ""put_vol"": 3397, ""call_oi"": 34371, ""put_oi"": 21866}, ""2612"": {""call_vol"": 1284, ""put_vol"": 946, ""call_oi"": 11676, ""put_oi"": 9652}, ""2703"": {""call_vol"": 241, ""put_vol"": 443, ""call_oi"": 3857, ""put_oi"": 6907}, ""2706"": {""call_vol"": 157, ""put_vol"": 270, ""call_oi"": 960, ""put_oi"": 1778}}",0.8150525787975734,0.7095915952622838,566388,461636,741201,525950,648607,513297,0.7913836884276612,875601,620229,0.7083466099284949,22.19,22.48,21.62,21.86,0.4,0.23333333333333334,0.15,0.08333333333333333,0.7,0.8666666666666667,0.1,0.31666666666666665,0.05,0.03333333333333333,0.1,0.2833333333333333,0.05,0.03333333333333333
20260709,4774.402,4882.848,4734.867,4876.313,28162770500,,3.111764104725143,2.539756839084739,120.77900000000045,,0.5679773541510018,0.7424191676468068,0.6235560146055709,113045,64207,128383,95314,"{""2607"": {""call_vol"": 91409, ""put_vol"": 50661, ""call_oi"": 59280, ""put_oi"": 39053}, ""2608"": {""call_vol"": 13165, ""put_vol"": 8564, ""call_oi"": 17962, ""put_oi"": 15474}, ""2609"": {""call_vol"": 5841, ""put_vol"": 3044, ""call_oi"": 34666, ""put_oi"": 22377}, ""2612"": {""call_vol"": 2022, ""put_vol"": 1247, ""call_oi"": 11610, ""put_oi"": 9635}, ""2703"": {""call_vol"": 410, ""put_vol"": 467, ""call_oi"": 3878, ""put_oi"": 6967}, ""2706"": {""call_vol"": 198, ""put_vol"": 224, ""call_oi"": 987, ""put_oi"": 1808}}",0.7632011666799512,0.7583218115033379,677478,517052,699397,530368,790523,581259,0.7352841093807517,827780,625682,0.755855420522361,22.0,22.14,21.56,21.74,0.15,0.06666666666666667,0.5,0.3333333333333333,0.6,0.6666666666666666,0.05,0.18333333333333332,0.25,0.11666666666666667,0.05,0.13333333333333333,0.25,0.15
20260710,4887.536,4906.49,4780.747,4780.787,30413028600,,2.578649073593091,-1.95898007367451,-95.52599999999984,,0.6492263348037354,0.7413608807259279,0.5642588072457343,102693,66671,128167,95018,"{""2607"": {""call_vol"": 77446, ""put_vol"": 50857, ""call_oi"": 55764, ""put_oi"": 36528}, ""2608"": {""call_vol"": 17121, ""put_vol"": 11350, ""call_oi"": 20451, ""put_oi"": 16851}, ""2609"": {""call_vol"": 6162, ""put_vol"": 3232, ""call_oi"": 35293, ""put_oi"": 22960}, ""2612"": {""call_vol"": 1537, ""put_vol"": 767, ""call_oi"": 11747, ""put_oi"": 9817}, ""2703"": {""call_vol"": 194, ""put_vol"": 296, ""call_oi"": 3905, ""put_oi"": 6999}, ""2706"": {""call_vol"": 233, ""put_vol"": 169, ""call_oi"": 1007, ""put_oi"": 1863}}",0.9247417456532755,0.7447319840608748,643358,594940,710704,529284,746051,661611,0.8868173891597223,838871,624302,0.7442169296590299,21.96,22.11,21.08,21.09,0.55,0.31666666666666665,0.45,0.3333333333333333,0.55,0.5166666666666667,0.4,0.6,0.15,0.1,0.4,0.5833333333333334,0.15,0.1
20260713,4745.438,4775.236,4670.25,4695.383,27863485300,,2.1959982739243533,-1.7864004399275824,-85.40400000000045,,0.8333919337272423,0.6788798214410268,1.1009545215481291,116609,97181,143370,97331,"{""2607"": {""call_vol"": 83897, ""put_vol"": 73113, ""call_oi"": 63694, ""put_oi"": 35580}, ""2608"": {""call_vol"": 22615, ""put_vol"": 16715, ""call_oi"": 25614, ""put_oi"": 19205}, ""2609"": {""call_vol"": 7675, ""put_vol"": 5193, ""call_oi"": 37135, ""put_oi"": 23456}, ""2612"": {""call_vol"": 1720, ""put_vol"": 1177, ""call_oi"": 11890, ""put_oi"": 9918}, ""2703"": {""call_vol"": 291, ""put_vol"": 496, ""call_oi"": 3973, ""put_oi"": 7184}, ""2706"": {""call_vol"": 411, ""put_vol"": 487, ""call_oi"": 1064, ""put_oi"": 1988}}",1.0544837317352547,0.683840616602115,745562,786183,775865,530568,862171,883364,1.0245809705963203,919235,627899,0.683066898018461,21.92,23.52,21.56,23.15,1.0,0.9833333333333333,0.05,0.03333333333333333,1.0,0.9333333333333333,0.55,0.7666666666666667,0.05,0.016666666666666666,0.55,0.7666666666666667,0.05,0.016666666666666666
20260714,4691.122,4796.502,4649.044,4796.502,28325098600,,3.1404892848996675,2.1535836373731465,101.1190000000006,,0.6258787792205839,0.6883901812473241,0.7306572898807758,132997,83240,140140,96471,"{""2607"": {""call_vol"": 97195, ""put_vol"": 61764, ""call_oi"": 56356, ""put_oi"": 32551}, ""2608"": {""call_vol"": 23549, ""put_vol"": 14687, ""call_oi"": 29213, ""put_oi"": 20656}, ""2609"": {""call_vol"": 8683, ""put_vol"": 4611, ""call_oi"": 36936, ""put_oi"": 23979}, ""2612"": {""call_vol"": 2817, ""put_vol"": 1257, ""call_oi"": 12574, ""put_oi"": 10040}, ""2703"": {""call_vol"": 479, ""put_vol"": 485, ""call_oi"": 3960, ""put_oi"": 7230}, ""2706"": {""call_vol"": 274, ""put_vol"": 436, ""call_oi"": 1101, ""put_oi"": 2015}}",0.8783049090841222,0.7346271523205716,910842,799997,738331,542398,1043839,883237,0.846142939667899,878471,638869,0.7272510987841374,23.34,24.0,21.48,21.5,0.4,0.25,0.1,0.06666666666666667,0.6,0.7333333333333333,0.2,0.4666666666666667,0.2,0.1,0.2,0.38333333333333336,0.2,0.1
20260715,4797.943,4826.864,4772.042,4786.783,27869266900,,1.1429579305919022,-0.2026268309697321,-9.719000000000051,,0.7243221513430025,0.7033954678891122,0.5949081575202008,94527,68468,138302,97281,"{""2607"": {""call_vol"": 69628, ""put_vol"": 52611, ""call_oi"": 51972, ""put_oi"": 31233}, ""2608"": {""call_vol"": 19515, ""put_vol"": 12197, ""call_oi"": 31369, ""put_oi"": 22004}, ""2609"": {""call_vol"": 4192, ""put_vol"": 2649, ""call_oi"": 37272, ""put_oi"": 24607}, ""2612"": {""call_vol"": 903, ""put_vol"": 509, ""call_oi"": 12629, ""put_oi"": 10136}, ""2703"": {""call_vol"": 128, ""put_vol"": 246, ""call_oi"": 3954, ""put_oi"": 7242}, ""2706"": {""call_vol"": 161, ""put_vol"": 256, ""call_oi"": 1106, ""put_oi"": 2059}}",0.9280898567569266,0.7445687062416513,509344,472717,732146,545133,603871,541185,0.896193061100798,870448,642414,0.7380268551366652,21.74,21.84,21.12,21.25,0.85,0.75,0.2,0.13333333333333333,0.45,0.5333333333333333,0.4,0.5833333333333334,0.25,0.13333333333333333,0.4,0.5833333333333334,0.25,0.13333333333333333
20260716,4711.532,4771.057,4673.35,4698.434,25156097700,,2.0411829823912933,-1.8456863409099578,-88.34900000000016,,0.8048556774362622,0.6756038714716055,0.9751941290921945,106844,85994,143408,96887,"{""2607"": {""call_vol"": 75883, ""put_vol"": 64567, ""call_oi"": 50550, ""put_oi"": 27729}, ""2608"": {""call_vol"": 23832, ""put_vol"": 15993, ""call_oi"": 36287, ""put_oi"": 23890}, ""2609"": {""call_vol"": 5200, ""put_vol"": 3616, ""call_oi"": 38449, ""put_oi"": 25584}, ""2612"": {""call_vol"": 1344, ""put_vol"": 898, ""call_oi"": 12912, ""put_oi"": 10312}, ""2703"": {""call_vol"": 193, ""put_vol"": 393, ""call_oi"": 3995, ""put_oi"": 7303}, ""2706"": {""call_vol"": 392, ""put_vol"": 527, ""call_oi"": 1215, ""put_oi"": 2069}}",0.7666539306998,0.6911027180979505,806116,618012,791399,546938,912960,704006,0.7711246933052927,934807,643825,0.6887250523370064,21.81,22.75,21.57,22.69,0.95,0.9166666666666666,0.05,0.03333333333333333,0.85,0.8833333333333333,0.1,0.15,0.1,0.03333333333333333,0.1,0.16666666666666666,0.1,0.03333333333333333
20260717,4661.622,4663.531,4492.085,4529.095,30262988600,,3.649003050803734,-3.6041583216876116,-169.33899999999994,,0.7887891617273497,0.6863773543742273,1.4943783063181575,177150,139734,110008,75507,"{""2607"": {""call_vol"": 95660, ""put_vol"": 79107, ""call_oi"": 0, ""put_oi"": 0}, ""2608"": {""call_vol"": 58157, ""put_vol"": 45361, ""call_oi"": 48724, ""put_oi"": 28762}, ""2609"": {""call_vol"": 16534, ""put_vol"": 10355, ""call_oi"": 41645, ""put_oi"": 25816}, ""2612"": {""call_vol"": 3750, ""put_vol"": 2465, ""call_oi"": 13722, ""put_oi"": 10707}, ""2703"": {""call_vol"": 1968, ""put_vol"": 1412, ""call_oi"": 4350, ""put_oi"": 7760}, ""2706"": {""call_vol"": 1081, ""put_vol"": 1034, ""call_oi"": 1567, ""put_oi"": 2462}}",0.9935933749789593,0.6583722242538876,1170351,1162853,825814,543693,1347501,1302587,0.9666686703757548,935822,619200,0.6616642908587317,23.4,28.39,23.4,23.75,0.9,0.9,0.15,0.08333333333333333,1.0,1.0,0.6,0.65,0.05,0.016666666666666666,0.6,0.65,0.05,0.016666666666666666
